統計年月,區域別代碼,區域別,性別,從姓方式,子女人數
11507,65000010,新北市板橋區,男,雙方約定_從父姓,88
11507,65000010,新北市板橋區,男,雙方約定_從母姓,2
11507,65000010,新北市板橋區,男,雙方約定_傳統姓名,0
11507,65000010,新北市板橋區,男,一方約定_從父姓,0
11507,65000010,新北市板橋區,男,一方約定_從母姓,4
11507,65000010,新北市板橋區,男,一方約定_傳統姓名,0
11507,65000010,新北市板橋區,男,申請人抽籤決定_從父姓,0
11507,65000010,新北市板橋區,男,申請人抽籤決定_從母姓,0
11507,65000010,新北市板橋區,男,申請人抽籤決定_傳統姓名,0
11507,65000010,新北市板橋區,男,戶政事務所抽籤決定_從父姓,0
11507,65000010,新北市板橋區,男,戶政事務所抽籤決定_從母姓,0
11507,65000010,新北市板橋區,男,戶政事務所抽籤決定_傳統姓名,0
11507,65000010,新北市板橋區,男,監護人決定依監護人之姓,0
11507,65000010,新北市板橋區,女,雙方約定_從父姓,74
11507,65000010,新北市板橋區,女,雙方約定_從母姓,2
11507,65000010,新北市板橋區,女,雙方約定_傳統姓名,0
11507,65000010,新北市板橋區,女,一方約定_從父姓,0
11507,65000010,新北市板橋區,女,一方約定_從母姓,2
11507,65000010,新北市板橋區,女,一方約定_傳統姓名,0
11507,65000010,新北市板橋區,女,申請人抽籤決定_從父姓,0
11507,65000010,新北市板橋區,女,申請人抽籤決定_從母姓,0
11507,65000010,新北市板橋區,女,申請人抽籤決定_傳統姓名,0
11507,65000010,新北市板橋區,女,戶政事務所抽籤決定_從父姓,0
11507,65000010,新北市板橋區,女,戶政事務所抽籤決定_從母姓,0
11507,65000010,新北市板橋區,女,戶政事務所抽籤決定_傳統姓名,0
11507,65000010,新北市板橋區,女,監護人決定依監護人之姓,0
11507,65000020,新北市三重區,男,雙方約定_從父姓,55
11507,65000020,新北市三重區,男,雙方約定_從母姓,4
11507,65000020,新北市三重區,男,雙方約定_傳統姓名,0
11507,65000020,新北市三重區,男,一方約定_從父姓,0
11507,65000020,新北市三重區,男,一方約定_從母姓,0
11507,65000020,新北市三重區,男,一方約定_傳統姓名,0
11507,65000020,新北市三重區,男,申請人抽籤決定_從父姓,0
11507,65000020,新北市三重區,男,申請人抽籤決定_從母姓,0
11507,65000020,新北市三重區,男,申請人抽籤決定_傳統姓名,0
11507,65000020,新北市三重區,男,戶政事務所抽籤決定_從父姓,0
11507,65000020,新北市三重區,男,戶政事務所抽籤決定_從母姓,0
11507,65000020,新北市三重區,男,戶政事務所抽籤決定_傳統姓名,0
11507,65000020,新北市三重區,男,監護人決定依監護人之姓,0
11507,65000020,新北市三重區,女,雙方約定_從父姓,48
11507,65000020,新北市三重區,女,雙方約定_從母姓,2
11507,65000020,新北市三重區,女,雙方約定_傳統姓名,0
11507,65000020,新北市三重區,女,一方約定_從父姓,0
11507,65000020,新北市三重區,女,一方約定_從母姓,0
11507,65000020,新北市三重區,女,一方約定_傳統姓名,0
11507,65000020,新北市三重區,女,申請人抽籤決定_從父姓,0
11507,65000020,新北市三重區,女,申請人抽籤決定_從母姓,0
11507,65000020,新北市三重區,女,申請人抽籤決定_傳統姓名,0
11507,65000020,新北市三重區,女,戶政事務所抽籤決定_從父姓,0
11507,65000020,新北市三重區,女,戶政事務所抽籤決定_從母姓,0
11507,65000020,新北市三重區,女,戶政事務所抽籤決定_傳統姓名,0
11507,65000020,新北市三重區,女,監護人決定依監護人之姓,0
11507,65000030,新北市中和區,男,雙方約定_從父姓,58
11507,65000030,新北市中和區,男,雙方約定_從母姓,3
11507,65000030,新北市中和區,男,雙方約定_傳統姓名,0
11507,65000030,新北市中和區,男,一方約定_從父姓,0
11507,65000030,新北市中和區,男,一方約定_從母姓,2
11507,65000030,新北市中和區,男,一方約定_傳統姓名,0
11507,65000030,新北市中和區,男,申請人抽籤決定_從父姓,0
11507,65000030,新北市中和區,男,申請人抽籤決定_從母姓,0
11507,65000030,新北市中和區,男,申請人抽籤決定_傳統姓名,0
11507,65000030,新北市中和區,男,戶政事務所抽籤決定_從父姓,0
11507,65000030,新北市中和區,男,戶政事務所抽籤決定_從母姓,0
11507,65000030,新北市中和區,男,戶政事務所抽籤決定_傳統姓名,0
11507,65000030,新北市中和區,男,監護人決定依監護人之姓,0
11507,65000030,新北市中和區,女,雙方約定_從父姓,49
11507,65000030,新北市中和區,女,雙方約定_從母姓,1
11507,65000030,新北市中和區,女,雙方約定_傳統姓名,0
11507,65000030,新北市中和區,女,一方約定_從父姓,2
11507,65000030,新北市中和區,女,一方約定_從母姓,2
11507,65000030,新北市中和區,女,一方約定_傳統姓名,0
11507,65000030,新北市中和區,女,申請人抽籤決定_從父姓,0
11507,65000030,新北市中和區,女,申請人抽籤決定_從母姓,0
11507,65000030,新北市中和區,女,申請人抽籤決定_傳統姓名,0
11507,65000030,新北市中和區,女,戶政事務所抽籤決定_從父姓,0
11507,65000030,新北市中和區,女,戶政事務所抽籤決定_從母姓,0
11507,65000030,新北市中和區,女,戶政事務所抽籤決定_傳統姓名,0
11507,65000030,新北市中和區,女,監護人決定依監護人之姓,0
11507,65000040,新北市永和區,男,雙方約定_從父姓,19
11507,65000040,新北市永和區,男,雙方約定_從母姓,3
11507,65000040,新北市永和區,男,雙方約定_傳統姓名,0
11507,65000040,新北市永和區,男,一方約定_從父姓,0
11507,65000040,新北市永和區,男,一方約定_從母姓,1
11507,65000040,新北市永和區,男,一方約定_傳統姓名,0
11507,65000040,新北市永和區,男,申請人抽籤決定_從父姓,0
11507,65000040,新北市永和區,男,申請人抽籤決定_從母姓,0
11507,65000040,新北市永和區,男,申請人抽籤決定_傳統姓名,0
11507,65000040,新北市永和區,男,戶政事務所抽籤決定_從父姓,0
11507,65000040,新北市永和區,男,戶政事務所抽籤決定_從母姓,0
11507,65000040,新北市永和區,男,戶政事務所抽籤決定_傳統姓名,0
11507,65000040,新北市永和區,男,監護人決定依監護人之姓,0
11507,65000040,新北市永和區,女,雙方約定_從父姓,18
11507,65000040,新北市永和區,女,雙方約定_從母姓,1
11507,65000040,新北市永和區,女,雙方約定_傳統姓名,0
11507,65000040,新北市永和區,女,一方約定_從父姓,0
11507,65000040,新北市永和區,女,一方約定_從母姓,0
11507,65000040,新北市永和區,女,一方約定_傳統姓名,0
11507,65000040,新北市永和區,女,申請人抽籤決定_從父姓,0
11507,65000040,新北市永和區,女,申請人抽籤決定_從母姓,0
11507,65000040,新北市永和區,女,申請人抽籤決定_傳統姓名,0
11507,65000040,新北市永和區,女,戶政事務所抽籤決定_從父姓,0
11507,65000040,新北市永和區,女,戶政事務所抽籤決定_從母姓,0
11507,65000040,新北市永和區,女,戶政事務所抽籤決定_傳統姓名,0
11507,65000040,新北市永和區,女,監護人決定依監護人之姓,0
11507,65000050,新北市新莊區,男,雙方約定_從父姓,65
11507,65000050,新北市新莊區,男,雙方約定_從母姓,5
11507,65000050,新北市新莊區,男,雙方約定_傳統姓名,0
11507,65000050,新北市新莊區,男,一方約定_從父姓,0
11507,65000050,新北市新莊區,男,一方約定_從母姓,1
11507,65000050,新北市新莊區,男,一方約定_傳統姓名,0
11507,65000050,新北市新莊區,男,申請人抽籤決定_從父姓,0
11507,65000050,新北市新莊區,男,申請人抽籤決定_從母姓,0
11507,65000050,新北市新莊區,男,申請人抽籤決定_傳統姓名,0
11507,65000050,新北市新莊區,男,戶政事務所抽籤決定_從父姓,0
11507,65000050,新北市新莊區,男,戶政事務所抽籤決定_從母姓,0
11507,65000050,新北市新莊區,男,戶政事務所抽籤決定_傳統姓名,0
11507,65000050,新北市新莊區,男,監護人決定依監護人之姓,0
11507,65000050,新北市新莊區,女,雙方約定_從父姓,79
11507,65000050,新北市新莊區,女,雙方約定_從母姓,2
11507,65000050,新北市新莊區,女,雙方約定_傳統姓名,0
11507,65000050,新北市新莊區,女,一方約定_從父姓,0
11507,65000050,新北市新莊區,女,一方約定_從母姓,2
11507,65000050,新北市新莊區,女,一方約定_傳統姓名,0
11507,65000050,新北市新莊區,女,申請人抽籤決定_從父姓,0
11507,65000050,新北市新莊區,女,申請人抽籤決定_從母姓,0
11507,65000050,新北市新莊區,女,申請人抽籤決定_傳統姓名,0
11507,65000050,新北市新莊區,女,戶政事務所抽籤決定_從父姓,0
11507,65000050,新北市新莊區,女,戶政事務所抽籤決定_從母姓,0
11507,65000050,新北市新莊區,女,戶政事務所抽籤決定_傳統姓名,0
11507,65000050,新北市新莊區,女,監護人決定依監護人之姓,0
11507,65000060,新北市新店區,男,雙方約定_從父姓,35
11507,65000060,新北市新店區,男,雙方約定_從母姓,0
11507,65000060,新北市新店區,男,雙方約定_傳統姓名,0
11507,65000060,新北市新店區,男,一方約定_從父姓,0
11507,65000060,新北市新店區,男,一方約定_從母姓,2
11507,65000060,新北市新店區,男,一方約定_傳統姓名,0
11507,65000060,新北市新店區,男,申請人抽籤決定_從父姓,0
11507,65000060,新北市新店區,男,申請人抽籤決定_從母姓,0
11507,65000060,新北市新店區,男,申請人抽籤決定_傳統姓名,0
11507,65000060,新北市新店區,男,戶政事務所抽籤決定_從父姓,0
11507,65000060,新北市新店區,男,戶政事務所抽籤決定_從母姓,0
11507,65000060,新北市新店區,男,戶政事務所抽籤決定_傳統姓名,0
11507,65000060,新北市新店區,男,監護人決定依監護人之姓,0
11507,65000060,新北市新店區,女,雙方約定_從父姓,40
11507,65000060,新北市新店區,女,雙方約定_從母姓,2
11507,65000060,新北市新店區,女,雙方約定_傳統姓名,0
11507,65000060,新北市新店區,女,一方約定_從父姓,0
11507,65000060,新北市新店區,女,一方約定_從母姓,1
11507,65000060,新北市新店區,女,一方約定_傳統姓名,0
11507,65000060,新北市新店區,女,申請人抽籤決定_從父姓,0
11507,65000060,新北市新店區,女,申請人抽籤決定_從母姓,0
11507,65000060,新北市新店區,女,申請人抽籤決定_傳統姓名,0
11507,65000060,新北市新店區,女,戶政事務所抽籤決定_從父姓,0
11507,65000060,新北市新店區,女,戶政事務所抽籤決定_從母姓,0
11507,65000060,新北市新店區,女,戶政事務所抽籤決定_傳統姓名,0
11507,65000060,新北市新店區,女,監護人決定依監護人之姓,0
11507,65000070,新北市樹林區,男,雙方約定_從父姓,33
11507,65000070,新北市樹林區,男,雙方約定_從母姓,1
11507,65000070,新北市樹林區,男,雙方約定_傳統姓名,0
11507,65000070,新北市樹林區,男,一方約定_從父姓,0
11507,65000070,新北市樹林區,男,一方約定_從母姓,0
11507,65000070,新北市樹林區,男,一方約定_傳統姓名,0
11507,65000070,新北市樹林區,男,申請人抽籤決定_從父姓,0
11507,65000070,新北市樹林區,男,申請人抽籤決定_從母姓,0
11507,65000070,新北市樹林區,男,申請人抽籤決定_傳統姓名,0
11507,65000070,新北市樹林區,男,戶政事務所抽籤決定_從父姓,0
11507,65000070,新北市樹林區,男,戶政事務所抽籤決定_從母姓,0
11507,65000070,新北市樹林區,男,戶政事務所抽籤決定_傳統姓名,0
11507,65000070,新北市樹林區,男,監護人決定依監護人之姓,0
11507,65000070,新北市樹林區,女,雙方約定_從父姓,26
11507,65000070,新北市樹林區,女,雙方約定_從母姓,1
11507,65000070,新北市樹林區,女,雙方約定_傳統姓名,0
11507,65000070,新北市樹林區,女,一方約定_從父姓,0
11507,65000070,新北市樹林區,女,一方約定_從母姓,0
11507,65000070,新北市樹林區,女,一方約定_傳統姓名,0
11507,65000070,新北市樹林區,女,申請人抽籤決定_從父姓,0
11507,65000070,新北市樹林區,女,申請人抽籤決定_從母姓,0
11507,65000070,新北市樹林區,女,申請人抽籤決定_傳統姓名,0
11507,65000070,新北市樹林區,女,戶政事務所抽籤決定_從父姓,0
11507,65000070,新北市樹林區,女,戶政事務所抽籤決定_從母姓,0
11507,65000070,新北市樹林區,女,戶政事務所抽籤決定_傳統姓名,0
11507,65000070,新北市樹林區,女,監護人決定依監護人之姓,0
11507,65000080,新北市鶯歌區,男,雙方約定_從父姓,16
11507,65000080,新北市鶯歌區,男,雙方約定_從母姓,1
11507,65000080,新北市鶯歌區,男,雙方約定_傳統姓名,0
11507,65000080,新北市鶯歌區,男,一方約定_從父姓,0
11507,65000080,新北市鶯歌區,男,一方約定_從母姓,1
11507,65000080,新北市鶯歌區,男,一方約定_傳統姓名,0
11507,65000080,新北市鶯歌區,男,申請人抽籤決定_從父姓,0
11507,65000080,新北市鶯歌區,男,申請人抽籤決定_從母姓,1
11507,65000080,新北市鶯歌區,男,申請人抽籤決定_傳統姓名,0
11507,65000080,新北市鶯歌區,男,戶政事務所抽籤決定_從父姓,0
11507,65000080,新北市鶯歌區,男,戶政事務所抽籤決定_從母姓,0
11507,65000080,新北市鶯歌區,男,戶政事務所抽籤決定_傳統姓名,0
11507,65000080,新北市鶯歌區,男,監護人決定依監護人之姓,0
11507,65000080,新北市鶯歌區,女,雙方約定_從父姓,21
11507,65000080,新北市鶯歌區,女,雙方約定_從母姓,0
11507,65000080,新北市鶯歌區,女,雙方約定_傳統姓名,0
11507,65000080,新北市鶯歌區,女,一方約定_從父姓,0
11507,65000080,新北市鶯歌區,女,一方約定_從母姓,1
11507,65000080,新北市鶯歌區,女,一方約定_傳統姓名,0
11507,65000080,新北市鶯歌區,女,申請人抽籤決定_從父姓,0
11507,65000080,新北市鶯歌區,女,申請人抽籤決定_從母姓,0
11507,65000080,新北市鶯歌區,女,申請人抽籤決定_傳統姓名,0
11507,65000080,新北市鶯歌區,女,戶政事務所抽籤決定_從父姓,0
11507,65000080,新北市鶯歌區,女,戶政事務所抽籤決定_從母姓,0
11507,65000080,新北市鶯歌區,女,戶政事務所抽籤決定_傳統姓名,0
11507,65000080,新北市鶯歌區,女,監護人決定依監護人之姓,0
11507,65000090,新北市三峽區,男,雙方約定_從父姓,22
11507,65000090,新北市三峽區,男,雙方約定_從母姓,3
11507,65000090,新北市三峽區,男,雙方約定_傳統姓名,0
11507,65000090,新北市三峽區,男,一方約定_從父姓,0
11507,65000090,新北市三峽區,男,一方約定_從母姓,2
11507,65000090,新北市三峽區,男,一方約定_傳統姓名,0
11507,65000090,新北市三峽區,男,申請人抽籤決定_從父姓,0
11507,65000090,新北市三峽區,男,申請人抽籤決定_從母姓,0
11507,65000090,新北市三峽區,男,申請人抽籤決定_傳統姓名,0
11507,65000090,新北市三峽區,男,戶政事務所抽籤決定_從父姓,0
11507,65000090,新北市三峽區,男,戶政事務所抽籤決定_從母姓,0
11507,65000090,新北市三峽區,男,戶政事務所抽籤決定_傳統姓名,0
11507,65000090,新北市三峽區,男,監護人決定依監護人之姓,0
11507,65000090,新北市三峽區,女,雙方約定_從父姓,16
11507,65000090,新北市三峽區,女,雙方約定_從母姓,1
11507,65000090,新北市三峽區,女,雙方約定_傳統姓名,0
11507,65000090,新北市三峽區,女,一方約定_從父姓,0
11507,65000090,新北市三峽區,女,一方約定_從母姓,0
11507,65000090,新北市三峽區,女,一方約定_傳統姓名,0
11507,65000090,新北市三峽區,女,申請人抽籤決定_從父姓,0
11507,65000090,新北市三峽區,女,申請人抽籤決定_從母姓,0
11507,65000090,新北市三峽區,女,申請人抽籤決定_傳統姓名,0
11507,65000090,新北市三峽區,女,戶政事務所抽籤決定_從父姓,0
11507,65000090,新北市三峽區,女,戶政事務所抽籤決定_從母姓,0
11507,65000090,新北市三峽區,女,戶政事務所抽籤決定_傳統姓名,0
11507,65000090,新北市三峽區,女,監護人決定依監護人之姓,0
11507,65000100,新北市淡水區,男,雙方約定_從父姓,30
11507,65000100,新北市淡水區,男,雙方約定_從母姓,2
11507,65000100,新北市淡水區,男,雙方約定_傳統姓名,0
11507,65000100,新北市淡水區,男,一方約定_從父姓,0
11507,65000100,新北市淡水區,男,一方約定_從母姓,0
11507,65000100,新北市淡水區,男,一方約定_傳統姓名,0
11507,65000100,新北市淡水區,男,申請人抽籤決定_從父姓,0
11507,65000100,新北市淡水區,男,申請人抽籤決定_從母姓,0
11507,65000100,新北市淡水區,男,申請人抽籤決定_傳統姓名,0
11507,65000100,新北市淡水區,男,戶政事務所抽籤決定_從父姓,0
11507,65000100,新北市淡水區,男,戶政事務所抽籤決定_從母姓,0
11507,65000100,新北市淡水區,男,戶政事務所抽籤決定_傳統姓名,0
11507,65000100,新北市淡水區,男,監護人決定依監護人之姓,0
11507,65000100,新北市淡水區,女,雙方約定_從父姓,21
11507,65000100,新北市淡水區,女,雙方約定_從母姓,1
11507,65000100,新北市淡水區,女,雙方約定_傳統姓名,0
11507,65000100,新北市淡水區,女,一方約定_從父姓,0
11507,65000100,新北市淡水區,女,一方約定_從母姓,1
11507,65000100,新北市淡水區,女,一方約定_傳統姓名,0
11507,65000100,新北市淡水區,女,申請人抽籤決定_從父姓,0
11507,65000100,新北市淡水區,女,申請人抽籤決定_從母姓,0
11507,65000100,新北市淡水區,女,申請人抽籤決定_傳統姓名,0
11507,65000100,新北市淡水區,女,戶政事務所抽籤決定_從父姓,0
11507,65000100,新北市淡水區,女,戶政事務所抽籤決定_從母姓,0
11507,65000100,新北市淡水區,女,戶政事務所抽籤決定_傳統姓名,0
11507,65000100,新北市淡水區,女,監護人決定依監護人之姓,0
11507,65000110,新北市汐止區,男,雙方約定_從父姓,28
11507,65000110,新北市汐止區,男,雙方約定_從母姓,0
11507,65000110,新北市汐止區,男,雙方約定_傳統姓名,0
11507,65000110,新北市汐止區,男,一方約定_從父姓,0
11507,65000110,新北市汐止區,男,一方約定_從母姓,1
11507,65000110,新北市汐止區,男,一方約定_傳統姓名,0
11507,65000110,新北市汐止區,男,申請人抽籤決定_從父姓,0
11507,65000110,新北市汐止區,男,申請人抽籤決定_從母姓,0
11507,65000110,新北市汐止區,男,申請人抽籤決定_傳統姓名,0
11507,65000110,新北市汐止區,男,戶政事務所抽籤決定_從父姓,0
11507,65000110,新北市汐止區,男,戶政事務所抽籤決定_從母姓,0
11507,65000110,新北市汐止區,男,戶政事務所抽籤決定_傳統姓名,0
11507,65000110,新北市汐止區,男,監護人決定依監護人之姓,0
11507,65000110,新北市汐止區,女,雙方約定_從父姓,35
11507,65000110,新北市汐止區,女,雙方約定_從母姓,0
11507,65000110,新北市汐止區,女,雙方約定_傳統姓名,1
11507,65000110,新北市汐止區,女,一方約定_從父姓,0
11507,65000110,新北市汐止區,女,一方約定_從母姓,1
11507,65000110,新北市汐止區,女,一方約定_傳統姓名,0
11507,65000110,新北市汐止區,女,申請人抽籤決定_從父姓,0
11507,65000110,新北市汐止區,女,申請人抽籤決定_從母姓,0
11507,65000110,新北市汐止區,女,申請人抽籤決定_傳統姓名,0
11507,65000110,新北市汐止區,女,戶政事務所抽籤決定_從父姓,0
11507,65000110,新北市汐止區,女,戶政事務所抽籤決定_從母姓,0
11507,65000110,新北市汐止區,女,戶政事務所抽籤決定_傳統姓名,0
11507,65000110,新北市汐止區,女,監護人決定依監護人之姓,0
11507,65000120,新北市瑞芳區,男,雙方約定_從父姓,3
11507,65000120,新北市瑞芳區,男,雙方約定_從母姓,0
11507,65000120,新北市瑞芳區,男,雙方約定_傳統姓名,0
11507,65000120,新北市瑞芳區,男,一方約定_從父姓,0
11507,65000120,新北市瑞芳區,男,一方約定_從母姓,1
11507,65000120,新北市瑞芳區,男,一方約定_傳統姓名,0
11507,65000120,新北市瑞芳區,男,申請人抽籤決定_從父姓,0
11507,65000120,新北市瑞芳區,男,申請人抽籤決定_從母姓,0
11507,65000120,新北市瑞芳區,男,申請人抽籤決定_傳統姓名,0
11507,65000120,新北市瑞芳區,男,戶政事務所抽籤決定_從父姓,0
11507,65000120,新北市瑞芳區,男,戶政事務所抽籤決定_從母姓,0
11507,65000120,新北市瑞芳區,男,戶政事務所抽籤決定_傳統姓名,0
11507,65000120,新北市瑞芳區,男,監護人決定依監護人之姓,0
11507,65000120,新北市瑞芳區,女,雙方約定_從父姓,6
11507,65000120,新北市瑞芳區,女,雙方約定_從母姓,0
11507,65000120,新北市瑞芳區,女,雙方約定_傳統姓名,0
11507,65000120,新北市瑞芳區,女,一方約定_從父姓,0
11507,65000120,新北市瑞芳區,女,一方約定_從母姓,0
11507,65000120,新北市瑞芳區,女,一方約定_傳統姓名,0
11507,65000120,新北市瑞芳區,女,申請人抽籤決定_從父姓,0
11507,65000120,新北市瑞芳區,女,申請人抽籤決定_從母姓,0
11507,65000120,新北市瑞芳區,女,申請人抽籤決定_傳統姓名,0
11507,65000120,新北市瑞芳區,女,戶政事務所抽籤決定_從父姓,0
11507,65000120,新北市瑞芳區,女,戶政事務所抽籤決定_從母姓,0
11507,65000120,新北市瑞芳區,女,戶政事務所抽籤決定_傳統姓名,0
11507,65000120,新北市瑞芳區,女,監護人決定依監護人之姓,0
11507,65000130,新北市土城區,男,雙方約定_從父姓,30
11507,65000130,新北市土城區,男,雙方約定_從母姓,2
11507,65000130,新北市土城區,男,雙方約定_傳統姓名,0
11507,65000130,新北市土城區,男,一方約定_從父姓,0
11507,65000130,新北市土城區,男,一方約定_從母姓,0
11507,65000130,新北市土城區,男,一方約定_傳統姓名,0
11507,65000130,新北市土城區,男,申請人抽籤決定_從父姓,0
11507,65000130,新北市土城區,男,申請人抽籤決定_從母姓,0
11507,65000130,新北市土城區,男,申請人抽籤決定_傳統姓名,0
11507,65000130,新北市土城區,男,戶政事務所抽籤決定_從父姓,0
11507,65000130,新北市土城區,男,戶政事務所抽籤決定_從母姓,0
11507,65000130,新北市土城區,男,戶政事務所抽籤決定_傳統姓名,0
11507,65000130,新北市土城區,男,監護人決定依監護人之姓,0
11507,65000130,新北市土城區,女,雙方約定_從父姓,44
11507,65000130,新北市土城區,女,雙方約定_從母姓,3
11507,65000130,新北市土城區,女,雙方約定_傳統姓名,0
11507,65000130,新北市土城區,女,一方約定_從父姓,0
11507,65000130,新北市土城區,女,一方約定_從母姓,0
11507,65000130,新北市土城區,女,一方約定_傳統姓名,0
11507,65000130,新北市土城區,女,申請人抽籤決定_從父姓,0
11507,65000130,新北市土城區,女,申請人抽籤決定_從母姓,0
11507,65000130,新北市土城區,女,申請人抽籤決定_傳統姓名,0
11507,65000130,新北市土城區,女,戶政事務所抽籤決定_從父姓,0
11507,65000130,新北市土城區,女,戶政事務所抽籤決定_從母姓,0
11507,65000130,新北市土城區,女,戶政事務所抽籤決定_傳統姓名,0
11507,65000130,新北市土城區,女,監護人決定依監護人之姓,0
11507,65000140,新北市蘆洲區,男,雙方約定_從父姓,24
11507,65000140,新北市蘆洲區,男,雙方約定_從母姓,0
11507,65000140,新北市蘆洲區,男,雙方約定_傳統姓名,0
11507,65000140,新北市蘆洲區,男,一方約定_從父姓,0
11507,65000140,新北市蘆洲區,男,一方約定_從母姓,3
11507,65000140,新北市蘆洲區,男,一方約定_傳統姓名,0
11507,65000140,新北市蘆洲區,男,申請人抽籤決定_從父姓,0
11507,65000140,新北市蘆洲區,男,申請人抽籤決定_從母姓,1
11507,65000140,新北市蘆洲區,男,申請人抽籤決定_傳統姓名,0
11507,65000140,新北市蘆洲區,男,戶政事務所抽籤決定_從父姓,0
11507,65000140,新北市蘆洲區,男,戶政事務所抽籤決定_從母姓,0
11507,65000140,新北市蘆洲區,男,戶政事務所抽籤決定_傳統姓名,0
11507,65000140,新北市蘆洲區,男,監護人決定依監護人之姓,0
11507,65000140,新北市蘆洲區,女,雙方約定_從父姓,27
11507,65000140,新北市蘆洲區,女,雙方約定_從母姓,1
11507,65000140,新北市蘆洲區,女,雙方約定_傳統姓名,0
11507,65000140,新北市蘆洲區,女,一方約定_從父姓,0
11507,65000140,新北市蘆洲區,女,一方約定_從母姓,0
11507,65000140,新北市蘆洲區,女,一方約定_傳統姓名,0
11507,65000140,新北市蘆洲區,女,申請人抽籤決定_從父姓,0
11507,65000140,新北市蘆洲區,女,申請人抽籤決定_從母姓,0
11507,65000140,新北市蘆洲區,女,申請人抽籤決定_傳統姓名,0
11507,65000140,新北市蘆洲區,女,戶政事務所抽籤決定_從父姓,0
11507,65000140,新北市蘆洲區,女,戶政事務所抽籤決定_從母姓,0
11507,65000140,新北市蘆洲區,女,戶政事務所抽籤決定_傳統姓名,0
11507,65000140,新北市蘆洲區,女,監護人決定依監護人之姓,0
11507,65000150,新北市五股區,男,雙方約定_從父姓,21
11507,65000150,新北市五股區,男,雙方約定_從母姓,0
11507,65000150,新北市五股區,男,雙方約定_傳統姓名,0
11507,65000150,新北市五股區,男,一方約定_從父姓,0
11507,65000150,新北市五股區,男,一方約定_從母姓,0
11507,65000150,新北市五股區,男,一方約定_傳統姓名,0
11507,65000150,新北市五股區,男,申請人抽籤決定_從父姓,0
11507,65000150,新北市五股區,男,申請人抽籤決定_從母姓,1
11507,65000150,新北市五股區,男,申請人抽籤決定_傳統姓名,0
11507,65000150,新北市五股區,男,戶政事務所抽籤決定_從父姓,0
11507,65000150,新北市五股區,男,戶政事務所抽籤決定_從母姓,0
11507,65000150,新北市五股區,男,戶政事務所抽籤決定_傳統姓名,0
11507,65000150,新北市五股區,男,監護人決定依監護人之姓,0
11507,65000150,新北市五股區,女,雙方約定_從父姓,15
11507,65000150,新北市五股區,女,雙方約定_從母姓,1
11507,65000150,新北市五股區,女,雙方約定_傳統姓名,0
11507,65000150,新北市五股區,女,一方約定_從父姓,0
11507,65000150,新北市五股區,女,一方約定_從母姓,1
11507,65000150,新北市五股區,女,一方約定_傳統姓名,0
11507,65000150,新北市五股區,女,申請人抽籤決定_從父姓,0
11507,65000150,新北市五股區,女,申請人抽籤決定_從母姓,0
11507,65000150,新北市五股區,女,申請人抽籤決定_傳統姓名,0
11507,65000150,新北市五股區,女,戶政事務所抽籤決定_從父姓,0
11507,65000150,新北市五股區,女,戶政事務所抽籤決定_從母姓,0
11507,65000150,新北市五股區,女,戶政事務所抽籤決定_傳統姓名,0
11507,65000150,新北市五股區,女,監護人決定依監護人之姓,0
11507,65000160,新北市泰山區,男,雙方約定_從父姓,9
11507,65000160,新北市泰山區,男,雙方約定_從母姓,0
11507,65000160,新北市泰山區,男,雙方約定_傳統姓名,0
11507,65000160,新北市泰山區,男,一方約定_從父姓,0
11507,65000160,新北市泰山區,男,一方約定_從母姓,1
11507,65000160,新北市泰山區,男,一方約定_傳統姓名,0
11507,65000160,新北市泰山區,男,申請人抽籤決定_從父姓,0
11507,65000160,新北市泰山區,男,申請人抽籤決定_從母姓,0
11507,65000160,新北市泰山區,男,申請人抽籤決定_傳統姓名,0
11507,65000160,新北市泰山區,男,戶政事務所抽籤決定_從父姓,0
11507,65000160,新北市泰山區,男,戶政事務所抽籤決定_從母姓,0
11507,65000160,新北市泰山區,男,戶政事務所抽籤決定_傳統姓名,0
11507,65000160,新北市泰山區,男,監護人決定依監護人之姓,0
11507,65000160,新北市泰山區,女,雙方約定_從父姓,15
11507,65000160,新北市泰山區,女,雙方約定_從母姓,0
11507,65000160,新北市泰山區,女,雙方約定_傳統姓名,0
11507,65000160,新北市泰山區,女,一方約定_從父姓,0
11507,65000160,新北市泰山區,女,一方約定_從母姓,0
11507,65000160,新北市泰山區,女,一方約定_傳統姓名,0
11507,65000160,新北市泰山區,女,申請人抽籤決定_從父姓,0
11507,65000160,新北市泰山區,女,申請人抽籤決定_從母姓,0
11507,65000160,新北市泰山區,女,申請人抽籤決定_傳統姓名,0
11507,65000160,新北市泰山區,女,戶政事務所抽籤決定_從父姓,0
11507,65000160,新北市泰山區,女,戶政事務所抽籤決定_從母姓,0
11507,65000160,新北市泰山區,女,戶政事務所抽籤決定_傳統姓名,0
11507,65000160,新北市泰山區,女,監護人決定依監護人之姓,0
11507,65000170,新北市林口區,男,雙方約定_從父姓,37
11507,65000170,新北市林口區,男,雙方約定_從母姓,0
11507,65000170,新北市林口區,男,雙方約定_傳統姓名,0
11507,65000170,新北市林口區,男,一方約定_從父姓,0
11507,65000170,新北市林口區,男,一方約定_從母姓,1
11507,65000170,新北市林口區,男,一方約定_傳統姓名,0
11507,65000170,新北市林口區,男,申請人抽籤決定_從父姓,0
11507,65000170,新北市林口區,男,申請人抽籤決定_從母姓,0
11507,65000170,新北市林口區,男,申請人抽籤決定_傳統姓名,0
11507,65000170,新北市林口區,男,戶政事務所抽籤決定_從父姓,0
11507,65000170,新北市林口區,男,戶政事務所抽籤決定_從母姓,0
11507,65000170,新北市林口區,男,戶政事務所抽籤決定_傳統姓名,0
11507,65000170,新北市林口區,男,監護人決定依監護人之姓,0
11507,65000170,新北市林口區,女,雙方約定_從父姓,34
11507,65000170,新北市林口區,女,雙方約定_從母姓,1
11507,65000170,新北市林口區,女,雙方約定_傳統姓名,0
11507,65000170,新北市林口區,女,一方約定_從父姓,0
11507,65000170,新北市林口區,女,一方約定_從母姓,0
11507,65000170,新北市林口區,女,一方約定_傳統姓名,0
11507,65000170,新北市林口區,女,申請人抽籤決定_從父姓,0
11507,65000170,新北市林口區,女,申請人抽籤決定_從母姓,0
11507,65000170,新北市林口區,女,申請人抽籤決定_傳統姓名,0
11507,65000170,新北市林口區,女,戶政事務所抽籤決定_從父姓,0
11507,65000170,新北市林口區,女,戶政事務所抽籤決定_從母姓,0
11507,65000170,新北市林口區,女,戶政事務所抽籤決定_傳統姓名,0
11507,65000170,新北市林口區,女,監護人決定依監護人之姓,0
11507,65000180,新北市深坑區,男,雙方約定_從父姓,4
11507,65000180,新北市深坑區,男,雙方約定_從母姓,0
11507,65000180,新北市深坑區,男,雙方約定_傳統姓名,0
11507,65000180,新北市深坑區,男,一方約定_從父姓,0
11507,65000180,新北市深坑區,男,一方約定_從母姓,0
11507,65000180,新北市深坑區,男,一方約定_傳統姓名,0
11507,65000180,新北市深坑區,男,申請人抽籤決定_從父姓,0
11507,65000180,新北市深坑區,男,申請人抽籤決定_從母姓,0
11507,65000180,新北市深坑區,男,申請人抽籤決定_傳統姓名,0
11507,65000180,新北市深坑區,男,戶政事務所抽籤決定_從父姓,0
11507,65000180,新北市深坑區,男,戶政事務所抽籤決定_從母姓,0
11507,65000180,新北市深坑區,男,戶政事務所抽籤決定_傳統姓名,0
11507,65000180,新北市深坑區,男,監護人決定依監護人之姓,0
11507,65000180,新北市深坑區,女,雙方約定_從父姓,4
11507,65000180,新北市深坑區,女,雙方約定_從母姓,0
11507,65000180,新北市深坑區,女,雙方約定_傳統姓名,0
11507,65000180,新北市深坑區,女,一方約定_從父姓,0
11507,65000180,新北市深坑區,女,一方約定_從母姓,0
11507,65000180,新北市深坑區,女,一方約定_傳統姓名,0
11507,65000180,新北市深坑區,女,申請人抽籤決定_從父姓,0
11507,65000180,新北市深坑區,女,申請人抽籤決定_從母姓,0
11507,65000180,新北市深坑區,女,申請人抽籤決定_傳統姓名,0
11507,65000180,新北市深坑區,女,戶政事務所抽籤決定_從父姓,0
11507,65000180,新北市深坑區,女,戶政事務所抽籤決定_從母姓,0
11507,65000180,新北市深坑區,女,戶政事務所抽籤決定_傳統姓名,0
11507,65000180,新北市深坑區,女,監護人決定依監護人之姓,0
11507,65000190,新北市石碇區,男,雙方約定_從父姓,1
11507,65000190,新北市石碇區,男,雙方約定_從母姓,0
11507,65000190,新北市石碇區,男,雙方約定_傳統姓名,0
11507,65000190,新北市石碇區,男,一方約定_從父姓,0
11507,65000190,新北市石碇區,男,一方約定_從母姓,0
11507,65000190,新北市石碇區,男,一方約定_傳統姓名,0
11507,65000190,新北市石碇區,男,申請人抽籤決定_從父姓,0
11507,65000190,新北市石碇區,男,申請人抽籤決定_從母姓,0
11507,65000190,新北市石碇區,男,申請人抽籤決定_傳統姓名,0
11507,65000190,新北市石碇區,男,戶政事務所抽籤決定_從父姓,0
11507,65000190,新北市石碇區,男,戶政事務所抽籤決定_從母姓,0
11507,65000190,新北市石碇區,男,戶政事務所抽籤決定_傳統姓名,0
11507,65000190,新北市石碇區,男,監護人決定依監護人之姓,0
11507,65000190,新北市石碇區,女,雙方約定_從父姓,0
11507,65000190,新北市石碇區,女,雙方約定_從母姓,0
11507,65000190,新北市石碇區,女,雙方約定_傳統姓名,0
11507,65000190,新北市石碇區,女,一方約定_從父姓,0
11507,65000190,新北市石碇區,女,一方約定_從母姓,0
11507,65000190,新北市石碇區,女,一方約定_傳統姓名,0
11507,65000190,新北市石碇區,女,申請人抽籤決定_從父姓,0
11507,65000190,新北市石碇區,女,申請人抽籤決定_從母姓,0
11507,65000190,新北市石碇區,女,申請人抽籤決定_傳統姓名,0
11507,65000190,新北市石碇區,女,戶政事務所抽籤決定_從父姓,0
11507,65000190,新北市石碇區,女,戶政事務所抽籤決定_從母姓,0
11507,65000190,新北市石碇區,女,戶政事務所抽籤決定_傳統姓名,0
11507,65000190,新北市石碇區,女,監護人決定依監護人之姓,0
11507,65000200,新北市坪林區,男,雙方約定_從父姓,0
11507,65000200,新北市坪林區,男,雙方約定_從母姓,0
11507,65000200,新北市坪林區,男,雙方約定_傳統姓名,0
11507,65000200,新北市坪林區,男,一方約定_從父姓,0
11507,65000200,新北市坪林區,男,一方約定_從母姓,0
11507,65000200,新北市坪林區,男,一方約定_傳統姓名,0
11507,65000200,新北市坪林區,男,申請人抽籤決定_從父姓,0
11507,65000200,新北市坪林區,男,申請人抽籤決定_從母姓,0
11507,65000200,新北市坪林區,男,申請人抽籤決定_傳統姓名,0
11507,65000200,新北市坪林區,男,戶政事務所抽籤決定_從父姓,0
11507,65000200,新北市坪林區,男,戶政事務所抽籤決定_從母姓,0
11507,65000200,新北市坪林區,男,戶政事務所抽籤決定_傳統姓名,0
11507,65000200,新北市坪林區,男,監護人決定依監護人之姓,0
11507,65000200,新北市坪林區,女,雙方約定_從父姓,0
11507,65000200,新北市坪林區,女,雙方約定_從母姓,0
11507,65000200,新北市坪林區,女,雙方約定_傳統姓名,0
11507,65000200,新北市坪林區,女,一方約定_從父姓,0
11507,65000200,新北市坪林區,女,一方約定_從母姓,0
11507,65000200,新北市坪林區,女,一方約定_傳統姓名,0
11507,65000200,新北市坪林區,女,申請人抽籤決定_從父姓,0
11507,65000200,新北市坪林區,女,申請人抽籤決定_從母姓,0
11507,65000200,新北市坪林區,女,申請人抽籤決定_傳統姓名,0
11507,65000200,新北市坪林區,女,戶政事務所抽籤決定_從父姓,0
11507,65000200,新北市坪林區,女,戶政事務所抽籤決定_從母姓,0
11507,65000200,新北市坪林區,女,戶政事務所抽籤決定_傳統姓名,0
11507,65000200,新北市坪林區,女,監護人決定依監護人之姓,0
11507,65000210,新北市三芝區,男,雙方約定_從父姓,4
11507,65000210,新北市三芝區,男,雙方約定_從母姓,0
11507,65000210,新北市三芝區,男,雙方約定_傳統姓名,0
11507,65000210,新北市三芝區,男,一方約定_從父姓,0
11507,65000210,新北市三芝區,男,一方約定_從母姓,0
11507,65000210,新北市三芝區,男,一方約定_傳統姓名,0
11507,65000210,新北市三芝區,男,申請人抽籤決定_從父姓,0
11507,65000210,新北市三芝區,男,申請人抽籤決定_從母姓,0
11507,65000210,新北市三芝區,男,申請人抽籤決定_傳統姓名,0
11507,65000210,新北市三芝區,男,戶政事務所抽籤決定_從父姓,0
11507,65000210,新北市三芝區,男,戶政事務所抽籤決定_從母姓,0
11507,65000210,新北市三芝區,男,戶政事務所抽籤決定_傳統姓名,0
11507,65000210,新北市三芝區,男,監護人決定依監護人之姓,0
11507,65000210,新北市三芝區,女,雙方約定_從父姓,0
11507,65000210,新北市三芝區,女,雙方約定_從母姓,0
11507,65000210,新北市三芝區,女,雙方約定_傳統姓名,0
11507,65000210,新北市三芝區,女,一方約定_從父姓,0
11507,65000210,新北市三芝區,女,一方約定_從母姓,0
11507,65000210,新北市三芝區,女,一方約定_傳統姓名,0
11507,65000210,新北市三芝區,女,申請人抽籤決定_從父姓,0
11507,65000210,新北市三芝區,女,申請人抽籤決定_從母姓,0
11507,65000210,新北市三芝區,女,申請人抽籤決定_傳統姓名,0
11507,65000210,新北市三芝區,女,戶政事務所抽籤決定_從父姓,0
11507,65000210,新北市三芝區,女,戶政事務所抽籤決定_從母姓,0
11507,65000210,新北市三芝區,女,戶政事務所抽籤決定_傳統姓名,0
11507,65000210,新北市三芝區,女,監護人決定依監護人之姓,0
11507,65000220,新北市石門區,男,雙方約定_從父姓,1
11507,65000220,新北市石門區,男,雙方約定_從母姓,0
11507,65000220,新北市石門區,男,雙方約定_傳統姓名,0
11507,65000220,新北市石門區,男,一方約定_從父姓,0
11507,65000220,新北市石門區,男,一方約定_從母姓,0
11507,65000220,新北市石門區,男,一方約定_傳統姓名,0
11507,65000220,新北市石門區,男,申請人抽籤決定_從父姓,0
11507,65000220,新北市石門區,男,申請人抽籤決定_從母姓,0
11507,65000220,新北市石門區,男,申請人抽籤決定_傳統姓名,0
11507,65000220,新北市石門區,男,戶政事務所抽籤決定_從父姓,0
11507,65000220,新北市石門區,男,戶政事務所抽籤決定_從母姓,0
11507,65000220,新北市石門區,男,戶政事務所抽籤決定_傳統姓名,0
11507,65000220,新北市石門區,男,監護人決定依監護人之姓,0
11507,65000220,新北市石門區,女,雙方約定_從父姓,0
11507,65000220,新北市石門區,女,雙方約定_從母姓,0
11507,65000220,新北市石門區,女,雙方約定_傳統姓名,0
11507,65000220,新北市石門區,女,一方約定_從父姓,0
11507,65000220,新北市石門區,女,一方約定_從母姓,0
11507,65000220,新北市石門區,女,一方約定_傳統姓名,0
11507,65000220,新北市石門區,女,申請人抽籤決定_從父姓,0
11507,65000220,新北市石門區,女,申請人抽籤決定_從母姓,0
11507,65000220,新北市石門區,女,申請人抽籤決定_傳統姓名,0
11507,65000220,新北市石門區,女,戶政事務所抽籤決定_從父姓,0
11507,65000220,新北市石門區,女,戶政事務所抽籤決定_從母姓,0
11507,65000220,新北市石門區,女,戶政事務所抽籤決定_傳統姓名,0
11507,65000220,新北市石門區,女,監護人決定依監護人之姓,0
11507,65000230,新北市八里區,男,雙方約定_從父姓,4
11507,65000230,新北市八里區,男,雙方約定_從母姓,0
11507,65000230,新北市八里區,男,雙方約定_傳統姓名,0
11507,65000230,新北市八里區,男,一方約定_從父姓,0
11507,65000230,新北市八里區,男,一方約定_從母姓,1
11507,65000230,新北市八里區,男,一方約定_傳統姓名,0
11507,65000230,新北市八里區,男,申請人抽籤決定_從父姓,0
11507,65000230,新北市八里區,男,申請人抽籤決定_從母姓,0
11507,65000230,新北市八里區,男,申請人抽籤決定_傳統姓名,0
11507,65000230,新北市八里區,男,戶政事務所抽籤決定_從父姓,0
11507,65000230,新北市八里區,男,戶政事務所抽籤決定_從母姓,0
11507,65000230,新北市八里區,男,戶政事務所抽籤決定_傳統姓名,0
11507,65000230,新北市八里區,男,監護人決定依監護人之姓,0
11507,65000230,新北市八里區,女,雙方約定_從父姓,7
11507,65000230,新北市八里區,女,雙方約定_從母姓,0
11507,65000230,新北市八里區,女,雙方約定_傳統姓名,0
11507,65000230,新北市八里區,女,一方約定_從父姓,0
11507,65000230,新北市八里區,女,一方約定_從母姓,0
11507,65000230,新北市八里區,女,一方約定_傳統姓名,0
11507,65000230,新北市八里區,女,申請人抽籤決定_從父姓,0
11507,65000230,新北市八里區,女,申請人抽籤決定_從母姓,0
11507,65000230,新北市八里區,女,申請人抽籤決定_傳統姓名,0
11507,65000230,新北市八里區,女,戶政事務所抽籤決定_從父姓,0
11507,65000230,新北市八里區,女,戶政事務所抽籤決定_從母姓,0
11507,65000230,新北市八里區,女,戶政事務所抽籤決定_傳統姓名,0
11507,65000230,新北市八里區,女,監護人決定依監護人之姓,0
11507,65000240,新北市平溪區,男,雙方約定_從父姓,1
11507,65000240,新北市平溪區,男,雙方約定_從母姓,0
11507,65000240,新北市平溪區,男,雙方約定_傳統姓名,0
11507,65000240,新北市平溪區,男,一方約定_從父姓,0
11507,65000240,新北市平溪區,男,一方約定_從母姓,0
11507,65000240,新北市平溪區,男,一方約定_傳統姓名,0
11507,65000240,新北市平溪區,男,申請人抽籤決定_從父姓,0
11507,65000240,新北市平溪區,男,申請人抽籤決定_從母姓,0
11507,65000240,新北市平溪區,男,申請人抽籤決定_傳統姓名,0
11507,65000240,新北市平溪區,男,戶政事務所抽籤決定_從父姓,0
11507,65000240,新北市平溪區,男,戶政事務所抽籤決定_從母姓,0
11507,65000240,新北市平溪區,男,戶政事務所抽籤決定_傳統姓名,0
11507,65000240,新北市平溪區,男,監護人決定依監護人之姓,0
11507,65000240,新北市平溪區,女,雙方約定_從父姓,0
11507,65000240,新北市平溪區,女,雙方約定_從母姓,0
11507,65000240,新北市平溪區,女,雙方約定_傳統姓名,0
11507,65000240,新北市平溪區,女,一方約定_從父姓,0
11507,65000240,新北市平溪區,女,一方約定_從母姓,0
11507,65000240,新北市平溪區,女,一方約定_傳統姓名,0
11507,65000240,新北市平溪區,女,申請人抽籤決定_從父姓,0
11507,65000240,新北市平溪區,女,申請人抽籤決定_從母姓,0
11507,65000240,新北市平溪區,女,申請人抽籤決定_傳統姓名,0
11507,65000240,新北市平溪區,女,戶政事務所抽籤決定_從父姓,0
11507,65000240,新北市平溪區,女,戶政事務所抽籤決定_從母姓,0
11507,65000240,新北市平溪區,女,戶政事務所抽籤決定_傳統姓名,0
11507,65000240,新北市平溪區,女,監護人決定依監護人之姓,0
11507,65000250,新北市雙溪區,男,雙方約定_從父姓,1
11507,65000250,新北市雙溪區,男,雙方約定_從母姓,0
11507,65000250,新北市雙溪區,男,雙方約定_傳統姓名,0
11507,65000250,新北市雙溪區,男,一方約定_從父姓,0
11507,65000250,新北市雙溪區,男,一方約定_從母姓,0
11507,65000250,新北市雙溪區,男,一方約定_傳統姓名,0
11507,65000250,新北市雙溪區,男,申請人抽籤決定_從父姓,0
11507,65000250,新北市雙溪區,男,申請人抽籤決定_從母姓,0
11507,65000250,新北市雙溪區,男,申請人抽籤決定_傳統姓名,0
11507,65000250,新北市雙溪區,男,戶政事務所抽籤決定_從父姓,0
11507,65000250,新北市雙溪區,男,戶政事務所抽籤決定_從母姓,0
11507,65000250,新北市雙溪區,男,戶政事務所抽籤決定_傳統姓名,0
11507,65000250,新北市雙溪區,男,監護人決定依監護人之姓,0
11507,65000250,新北市雙溪區,女,雙方約定_從父姓,1
11507,65000250,新北市雙溪區,女,雙方約定_從母姓,0
11507,65000250,新北市雙溪區,女,雙方約定_傳統姓名,0
11507,65000250,新北市雙溪區,女,一方約定_從父姓,0
11507,65000250,新北市雙溪區,女,一方約定_從母姓,0
11507,65000250,新北市雙溪區,女,一方約定_傳統姓名,0
11507,65000250,新北市雙溪區,女,申請人抽籤決定_從父姓,0
11507,65000250,新北市雙溪區,女,申請人抽籤決定_從母姓,0
11507,65000250,新北市雙溪區,女,申請人抽籤決定_傳統姓名,0
11507,65000250,新北市雙溪區,女,戶政事務所抽籤決定_從父姓,0
11507,65000250,新北市雙溪區,女,戶政事務所抽籤決定_從母姓,0
11507,65000250,新北市雙溪區,女,戶政事務所抽籤決定_傳統姓名,0
11507,65000250,新北市雙溪區,女,監護人決定依監護人之姓,0
11507,65000260,新北市貢寮區,男,雙方約定_從父姓,0
11507,65000260,新北市貢寮區,男,雙方約定_從母姓,0
11507,65000260,新北市貢寮區,男,雙方約定_傳統姓名,0
11507,65000260,新北市貢寮區,男,一方約定_從父姓,0
11507,65000260,新北市貢寮區,男,一方約定_從母姓,0
11507,65000260,新北市貢寮區,男,一方約定_傳統姓名,0
11507,65000260,新北市貢寮區,男,申請人抽籤決定_從父姓,0
11507,65000260,新北市貢寮區,男,申請人抽籤決定_從母姓,0
11507,65000260,新北市貢寮區,男,申請人抽籤決定_傳統姓名,0
11507,65000260,新北市貢寮區,男,戶政事務所抽籤決定_從父姓,0
11507,65000260,新北市貢寮區,男,戶政事務所抽籤決定_從母姓,0
11507,65000260,新北市貢寮區,男,戶政事務所抽籤決定_傳統姓名,0
11507,65000260,新北市貢寮區,男,監護人決定依監護人之姓,0
11507,65000260,新北市貢寮區,女,雙方約定_從父姓,1
11507,65000260,新北市貢寮區,女,雙方約定_從母姓,0
11507,65000260,新北市貢寮區,女,雙方約定_傳統姓名,0
11507,65000260,新北市貢寮區,女,一方約定_從父姓,0
11507,65000260,新北市貢寮區,女,一方約定_從母姓,0
11507,65000260,新北市貢寮區,女,一方約定_傳統姓名,0
11507,65000260,新北市貢寮區,女,申請人抽籤決定_從父姓,0
11507,65000260,新北市貢寮區,女,申請人抽籤決定_從母姓,0
11507,65000260,新北市貢寮區,女,申請人抽籤決定_傳統姓名,0
11507,65000260,新北市貢寮區,女,戶政事務所抽籤決定_從父姓,0
11507,65000260,新北市貢寮區,女,戶政事務所抽籤決定_從母姓,0
11507,65000260,新北市貢寮區,女,戶政事務所抽籤決定_傳統姓名,0
11507,65000260,新北市貢寮區,女,監護人決定依監護人之姓,0
11507,65000270,新北市金山區,男,雙方約定_從父姓,2
11507,65000270,新北市金山區,男,雙方約定_從母姓,0
11507,65000270,新北市金山區,男,雙方約定_傳統姓名,0
11507,65000270,新北市金山區,男,一方約定_從父姓,0
11507,65000270,新北市金山區,男,一方約定_從母姓,0
11507,65000270,新北市金山區,男,一方約定_傳統姓名,0
11507,65000270,新北市金山區,男,申請人抽籤決定_從父姓,0
11507,65000270,新北市金山區,男,申請人抽籤決定_從母姓,0
11507,65000270,新北市金山區,男,申請人抽籤決定_傳統姓名,0
11507,65000270,新北市金山區,男,戶政事務所抽籤決定_從父姓,0
11507,65000270,新北市金山區,男,戶政事務所抽籤決定_從母姓,0
11507,65000270,新北市金山區,男,戶政事務所抽籤決定_傳統姓名,0
11507,65000270,新北市金山區,男,監護人決定依監護人之姓,0
11507,65000270,新北市金山區,女,雙方約定_從父姓,1
11507,65000270,新北市金山區,女,雙方約定_從母姓,0
11507,65000270,新北市金山區,女,雙方約定_傳統姓名,0
11507,65000270,新北市金山區,女,一方約定_從父姓,0
11507,65000270,新北市金山區,女,一方約定_從母姓,0
11507,65000270,新北市金山區,女,一方約定_傳統姓名,0
11507,65000270,新北市金山區,女,申請人抽籤決定_從父姓,0
11507,65000270,新北市金山區,女,申請人抽籤決定_從母姓,0
11507,65000270,新北市金山區,女,申請人抽籤決定_傳統姓名,0
11507,65000270,新北市金山區,女,戶政事務所抽籤決定_從父姓,0
11507,65000270,新北市金山區,女,戶政事務所抽籤決定_從母姓,0
11507,65000270,新北市金山區,女,戶政事務所抽籤決定_傳統姓名,0
11507,65000270,新北市金山區,女,監護人決定依監護人之姓,0
11507,65000280,新北市萬里區,男,雙方約定_從父姓,1
11507,65000280,新北市萬里區,男,雙方約定_從母姓,0
11507,65000280,新北市萬里區,男,雙方約定_傳統姓名,0
11507,65000280,新北市萬里區,男,一方約定_從父姓,0
11507,65000280,新北市萬里區,男,一方約定_從母姓,0
11507,65000280,新北市萬里區,男,一方約定_傳統姓名,0
11507,65000280,新北市萬里區,男,申請人抽籤決定_從父姓,0
11507,65000280,新北市萬里區,男,申請人抽籤決定_從母姓,0
11507,65000280,新北市萬里區,男,申請人抽籤決定_傳統姓名,0
11507,65000280,新北市萬里區,男,戶政事務所抽籤決定_從父姓,0
11507,65000280,新北市萬里區,男,戶政事務所抽籤決定_從母姓,0
11507,65000280,新北市萬里區,男,戶政事務所抽籤決定_傳統姓名,0
11507,65000280,新北市萬里區,男,監護人決定依監護人之姓,0
11507,65000280,新北市萬里區,女,雙方約定_從父姓,3
11507,65000280,新北市萬里區,女,雙方約定_從母姓,0
11507,65000280,新北市萬里區,女,雙方約定_傳統姓名,0
11507,65000280,新北市萬里區,女,一方約定_從父姓,0
11507,65000280,新北市萬里區,女,一方約定_從母姓,0
11507,65000280,新北市萬里區,女,一方約定_傳統姓名,0
11507,65000280,新北市萬里區,女,申請人抽籤決定_從父姓,0
11507,65000280,新北市萬里區,女,申請人抽籤決定_從母姓,0
11507,65000280,新北市萬里區,女,申請人抽籤決定_傳統姓名,0
11507,65000280,新北市萬里區,女,戶政事務所抽籤決定_從父姓,0
11507,65000280,新北市萬里區,女,戶政事務所抽籤決定_從母姓,0
11507,65000280,新北市萬里區,女,戶政事務所抽籤決定_傳統姓名,0
11507,65000280,新北市萬里區,女,監護人決定依監護人之姓,0
11507,65000290,新北市烏來區,男,雙方約定_從父姓,2
11507,65000290,新北市烏來區,男,雙方約定_從母姓,0
11507,65000290,新北市烏來區,男,雙方約定_傳統姓名,0
11507,65000290,新北市烏來區,男,一方約定_從父姓,0
11507,65000290,新北市烏來區,男,一方約定_從母姓,0
11507,65000290,新北市烏來區,男,一方約定_傳統姓名,0
11507,65000290,新北市烏來區,男,申請人抽籤決定_從父姓,0
11507,65000290,新北市烏來區,男,申請人抽籤決定_從母姓,0
11507,65000290,新北市烏來區,男,申請人抽籤決定_傳統姓名,0
11507,65000290,新北市烏來區,男,戶政事務所抽籤決定_從父姓,0
11507,65000290,新北市烏來區,男,戶政事務所抽籤決定_從母姓,0
11507,65000290,新北市烏來區,男,戶政事務所抽籤決定_傳統姓名,0
11507,65000290,新北市烏來區,男,監護人決定依監護人之姓,0
11507,65000290,新北市烏來區,女,雙方約定_從父姓,0
11507,65000290,新北市烏來區,女,雙方約定_從母姓,0
11507,65000290,新北市烏來區,女,雙方約定_傳統姓名,0
11507,65000290,新北市烏來區,女,一方約定_從父姓,0
11507,65000290,新北市烏來區,女,一方約定_從母姓,0
11507,65000290,新北市烏來區,女,一方約定_傳統姓名,0
11507,65000290,新北市烏來區,女,申請人抽籤決定_從父姓,0
11507,65000290,新北市烏來區,女,申請人抽籤決定_從母姓,0
11507,65000290,新北市烏來區,女,申請人抽籤決定_傳統姓名,0
11507,65000290,新北市烏來區,女,戶政事務所抽籤決定_從父姓,0
11507,65000290,新北市烏來區,女,戶政事務所抽籤決定_從母姓,0
11507,65000290,新北市烏來區,女,戶政事務所抽籤決定_傳統姓名,0
11507,65000290,新北市烏來區,女,監護人決定依監護人之姓,0
11507,63000010,臺北市松山區,男,雙方約定_從父姓,27
11507,63000010,臺北市松山區,男,雙方約定_從母姓,1
11507,63000010,臺北市松山區,男,雙方約定_傳統姓名,0
11507,63000010,臺北市松山區,男,一方約定_從父姓,0
11507,63000010,臺北市松山區,男,一方約定_從母姓,0
11507,63000010,臺北市松山區,男,一方約定_傳統姓名,0
11507,63000010,臺北市松山區,男,申請人抽籤決定_從父姓,0
11507,63000010,臺北市松山區,男,申請人抽籤決定_從母姓,0
11507,63000010,臺北市松山區,男,申請人抽籤決定_傳統姓名,0
11507,63000010,臺北市松山區,男,戶政事務所抽籤決定_從父姓,0
11507,63000010,臺北市松山區,男,戶政事務所抽籤決定_從母姓,0
11507,63000010,臺北市松山區,男,戶政事務所抽籤決定_傳統姓名,0
11507,63000010,臺北市松山區,男,監護人決定依監護人之姓,0
11507,63000010,臺北市松山區,女,雙方約定_從父姓,33
11507,63000010,臺北市松山區,女,雙方約定_從母姓,0
11507,63000010,臺北市松山區,女,雙方約定_傳統姓名,0
11507,63000010,臺北市松山區,女,一方約定_從父姓,0
11507,63000010,臺北市松山區,女,一方約定_從母姓,0
11507,63000010,臺北市松山區,女,一方約定_傳統姓名,0
11507,63000010,臺北市松山區,女,申請人抽籤決定_從父姓,0
11507,63000010,臺北市松山區,女,申請人抽籤決定_從母姓,0
11507,63000010,臺北市松山區,女,申請人抽籤決定_傳統姓名,0
11507,63000010,臺北市松山區,女,戶政事務所抽籤決定_從父姓,0
11507,63000010,臺北市松山區,女,戶政事務所抽籤決定_從母姓,0
11507,63000010,臺北市松山區,女,戶政事務所抽籤決定_傳統姓名,0
11507,63000010,臺北市松山區,女,監護人決定依監護人之姓,0
11507,63000020,臺北市信義區,男,雙方約定_從父姓,32
11507,63000020,臺北市信義區,男,雙方約定_從母姓,2
11507,63000020,臺北市信義區,男,雙方約定_傳統姓名,0
11507,63000020,臺北市信義區,男,一方約定_從父姓,0
11507,63000020,臺北市信義區,男,一方約定_從母姓,0
11507,63000020,臺北市信義區,男,一方約定_傳統姓名,0
11507,63000020,臺北市信義區,男,申請人抽籤決定_從父姓,0
11507,63000020,臺北市信義區,男,申請人抽籤決定_從母姓,0
11507,63000020,臺北市信義區,男,申請人抽籤決定_傳統姓名,0
11507,63000020,臺北市信義區,男,戶政事務所抽籤決定_從父姓,0
11507,63000020,臺北市信義區,男,戶政事務所抽籤決定_從母姓,0
11507,63000020,臺北市信義區,男,戶政事務所抽籤決定_傳統姓名,0
11507,63000020,臺北市信義區,男,監護人決定依監護人之姓,0
11507,63000020,臺北市信義區,女,雙方約定_從父姓,25
11507,63000020,臺北市信義區,女,雙方約定_從母姓,0
11507,63000020,臺北市信義區,女,雙方約定_傳統姓名,0
11507,63000020,臺北市信義區,女,一方約定_從父姓,0
11507,63000020,臺北市信義區,女,一方約定_從母姓,0
11507,63000020,臺北市信義區,女,一方約定_傳統姓名,0
11507,63000020,臺北市信義區,女,申請人抽籤決定_從父姓,0
11507,63000020,臺北市信義區,女,申請人抽籤決定_從母姓,0
11507,63000020,臺北市信義區,女,申請人抽籤決定_傳統姓名,0
11507,63000020,臺北市信義區,女,戶政事務所抽籤決定_從父姓,0
11507,63000020,臺北市信義區,女,戶政事務所抽籤決定_從母姓,0
11507,63000020,臺北市信義區,女,戶政事務所抽籤決定_傳統姓名,0
11507,63000020,臺北市信義區,女,監護人決定依監護人之姓,0
11507,63000030,臺北市大安區,男,雙方約定_從父姓,52
11507,63000030,臺北市大安區,男,雙方約定_從母姓,1
11507,63000030,臺北市大安區,男,雙方約定_傳統姓名,0
11507,63000030,臺北市大安區,男,一方約定_從父姓,0
11507,63000030,臺北市大安區,男,一方約定_從母姓,2
11507,63000030,臺北市大安區,男,一方約定_傳統姓名,0
11507,63000030,臺北市大安區,男,申請人抽籤決定_從父姓,0
11507,63000030,臺北市大安區,男,申請人抽籤決定_從母姓,0
11507,63000030,臺北市大安區,男,申請人抽籤決定_傳統姓名,0
11507,63000030,臺北市大安區,男,戶政事務所抽籤決定_從父姓,0
11507,63000030,臺北市大安區,男,戶政事務所抽籤決定_從母姓,0
11507,63000030,臺北市大安區,男,戶政事務所抽籤決定_傳統姓名,0
11507,63000030,臺北市大安區,男,監護人決定依監護人之姓,0
11507,63000030,臺北市大安區,女,雙方約定_從父姓,42
11507,63000030,臺北市大安區,女,雙方約定_從母姓,6
11507,63000030,臺北市大安區,女,雙方約定_傳統姓名,0
11507,63000030,臺北市大安區,女,一方約定_從父姓,0
11507,63000030,臺北市大安區,女,一方約定_從母姓,2
11507,63000030,臺北市大安區,女,一方約定_傳統姓名,0
11507,63000030,臺北市大安區,女,申請人抽籤決定_從父姓,0
11507,63000030,臺北市大安區,女,申請人抽籤決定_從母姓,0
11507,63000030,臺北市大安區,女,申請人抽籤決定_傳統姓名,0
11507,63000030,臺北市大安區,女,戶政事務所抽籤決定_從父姓,0
11507,63000030,臺北市大安區,女,戶政事務所抽籤決定_從母姓,0
11507,63000030,臺北市大安區,女,戶政事務所抽籤決定_傳統姓名,0
11507,63000030,臺北市大安區,女,監護人決定依監護人之姓,0
11507,63000040,臺北市中山區,男,雙方約定_從父姓,37
11507,63000040,臺北市中山區,男,雙方約定_從母姓,3
11507,63000040,臺北市中山區,男,雙方約定_傳統姓名,0
11507,63000040,臺北市中山區,男,一方約定_從父姓,0
11507,63000040,臺北市中山區,男,一方約定_從母姓,0
11507,63000040,臺北市中山區,男,一方約定_傳統姓名,0
11507,63000040,臺北市中山區,男,申請人抽籤決定_從父姓,0
11507,63000040,臺北市中山區,男,申請人抽籤決定_從母姓,0
11507,63000040,臺北市中山區,男,申請人抽籤決定_傳統姓名,0
11507,63000040,臺北市中山區,男,戶政事務所抽籤決定_從父姓,0
11507,63000040,臺北市中山區,男,戶政事務所抽籤決定_從母姓,0
11507,63000040,臺北市中山區,男,戶政事務所抽籤決定_傳統姓名,0
11507,63000040,臺北市中山區,男,監護人決定依監護人之姓,0
11507,63000040,臺北市中山區,女,雙方約定_從父姓,33
11507,63000040,臺北市中山區,女,雙方約定_從母姓,2
11507,63000040,臺北市中山區,女,雙方約定_傳統姓名,0
11507,63000040,臺北市中山區,女,一方約定_從父姓,0
11507,63000040,臺北市中山區,女,一方約定_從母姓,0
11507,63000040,臺北市中山區,女,一方約定_傳統姓名,0
11507,63000040,臺北市中山區,女,申請人抽籤決定_從父姓,0
11507,63000040,臺北市中山區,女,申請人抽籤決定_從母姓,0
11507,63000040,臺北市中山區,女,申請人抽籤決定_傳統姓名,0
11507,63000040,臺北市中山區,女,戶政事務所抽籤決定_從父姓,0
11507,63000040,臺北市中山區,女,戶政事務所抽籤決定_從母姓,0
11507,63000040,臺北市中山區,女,戶政事務所抽籤決定_傳統姓名,0
11507,63000040,臺北市中山區,女,監護人決定依監護人之姓,0
11507,63000050,臺北市中正區,男,雙方約定_從父姓,18
11507,63000050,臺北市中正區,男,雙方約定_從母姓,0
11507,63000050,臺北市中正區,男,雙方約定_傳統姓名,0
11507,63000050,臺北市中正區,男,一方約定_從父姓,0
11507,63000050,臺北市中正區,男,一方約定_從母姓,0
11507,63000050,臺北市中正區,男,一方約定_傳統姓名,0
11507,63000050,臺北市中正區,男,申請人抽籤決定_從父姓,0
11507,63000050,臺北市中正區,男,申請人抽籤決定_從母姓,0
11507,63000050,臺北市中正區,男,申請人抽籤決定_傳統姓名,0
11507,63000050,臺北市中正區,男,戶政事務所抽籤決定_從父姓,0
11507,63000050,臺北市中正區,男,戶政事務所抽籤決定_從母姓,0
11507,63000050,臺北市中正區,男,戶政事務所抽籤決定_傳統姓名,0
11507,63000050,臺北市中正區,男,監護人決定依監護人之姓,0
11507,63000050,臺北市中正區,女,雙方約定_從父姓,18
11507,63000050,臺北市中正區,女,雙方約定_從母姓,2
11507,63000050,臺北市中正區,女,雙方約定_傳統姓名,1
11507,63000050,臺北市中正區,女,一方約定_從父姓,0
11507,63000050,臺北市中正區,女,一方約定_從母姓,1
11507,63000050,臺北市中正區,女,一方約定_傳統姓名,0
11507,63000050,臺北市中正區,女,申請人抽籤決定_從父姓,0
11507,63000050,臺北市中正區,女,申請人抽籤決定_從母姓,0
11507,63000050,臺北市中正區,女,申請人抽籤決定_傳統姓名,0
11507,63000050,臺北市中正區,女,戶政事務所抽籤決定_從父姓,0
11507,63000050,臺北市中正區,女,戶政事務所抽籤決定_從母姓,0
11507,63000050,臺北市中正區,女,戶政事務所抽籤決定_傳統姓名,0
11507,63000050,臺北市中正區,女,監護人決定依監護人之姓,0
11507,63000060,臺北市大同區,男,雙方約定_從父姓,19
11507,63000060,臺北市大同區,男,雙方約定_從母姓,1
11507,63000060,臺北市大同區,男,雙方約定_傳統姓名,0
11507,63000060,臺北市大同區,男,一方約定_從父姓,0
11507,63000060,臺北市大同區,男,一方約定_從母姓,0
11507,63000060,臺北市大同區,男,一方約定_傳統姓名,0
11507,63000060,臺北市大同區,男,申請人抽籤決定_從父姓,0
11507,63000060,臺北市大同區,男,申請人抽籤決定_從母姓,0
11507,63000060,臺北市大同區,男,申請人抽籤決定_傳統姓名,0
11507,63000060,臺北市大同區,男,戶政事務所抽籤決定_從父姓,0
11507,63000060,臺北市大同區,男,戶政事務所抽籤決定_從母姓,0
11507,63000060,臺北市大同區,男,戶政事務所抽籤決定_傳統姓名,0
11507,63000060,臺北市大同區,男,監護人決定依監護人之姓,0
11507,63000060,臺北市大同區,女,雙方約定_從父姓,21
11507,63000060,臺北市大同區,女,雙方約定_從母姓,0
11507,63000060,臺北市大同區,女,雙方約定_傳統姓名,0
11507,63000060,臺北市大同區,女,一方約定_從父姓,0
11507,63000060,臺北市大同區,女,一方約定_從母姓,0
11507,63000060,臺北市大同區,女,一方約定_傳統姓名,0
11507,63000060,臺北市大同區,女,申請人抽籤決定_從父姓,0
11507,63000060,臺北市大同區,女,申請人抽籤決定_從母姓,0
11507,63000060,臺北市大同區,女,申請人抽籤決定_傳統姓名,0
11507,63000060,臺北市大同區,女,戶政事務所抽籤決定_從父姓,0
11507,63000060,臺北市大同區,女,戶政事務所抽籤決定_從母姓,0
11507,63000060,臺北市大同區,女,戶政事務所抽籤決定_傳統姓名,0
11507,63000060,臺北市大同區,女,監護人決定依監護人之姓,0
11507,63000070,臺北市萬華區,男,雙方約定_從父姓,34
11507,63000070,臺北市萬華區,男,雙方約定_從母姓,1
11507,63000070,臺北市萬華區,男,雙方約定_傳統姓名,0
11507,63000070,臺北市萬華區,男,一方約定_從父姓,0
11507,63000070,臺北市萬華區,男,一方約定_從母姓,0
11507,63000070,臺北市萬華區,男,一方約定_傳統姓名,0
11507,63000070,臺北市萬華區,男,申請人抽籤決定_從父姓,0
11507,63000070,臺北市萬華區,男,申請人抽籤決定_從母姓,0
11507,63000070,臺北市萬華區,男,申請人抽籤決定_傳統姓名,0
11507,63000070,臺北市萬華區,男,戶政事務所抽籤決定_從父姓,0
11507,63000070,臺北市萬華區,男,戶政事務所抽籤決定_從母姓,0
11507,63000070,臺北市萬華區,男,戶政事務所抽籤決定_傳統姓名,0
11507,63000070,臺北市萬華區,男,監護人決定依監護人之姓,0
11507,63000070,臺北市萬華區,女,雙方約定_從父姓,28
11507,63000070,臺北市萬華區,女,雙方約定_從母姓,0
11507,63000070,臺北市萬華區,女,雙方約定_傳統姓名,0
11507,63000070,臺北市萬華區,女,一方約定_從父姓,0
11507,63000070,臺北市萬華區,女,一方約定_從母姓,2
11507,63000070,臺北市萬華區,女,一方約定_傳統姓名,0
11507,63000070,臺北市萬華區,女,申請人抽籤決定_從父姓,0
11507,63000070,臺北市萬華區,女,申請人抽籤決定_從母姓,0
11507,63000070,臺北市萬華區,女,申請人抽籤決定_傳統姓名,0
11507,63000070,臺北市萬華區,女,戶政事務所抽籤決定_從父姓,0
11507,63000070,臺北市萬華區,女,戶政事務所抽籤決定_從母姓,0
11507,63000070,臺北市萬華區,女,戶政事務所抽籤決定_傳統姓名,0
11507,63000070,臺北市萬華區,女,監護人決定依監護人之姓,0
11507,63000080,臺北市文山區,男,雙方約定_從父姓,37
11507,63000080,臺北市文山區,男,雙方約定_從母姓,0
11507,63000080,臺北市文山區,男,雙方約定_傳統姓名,0
11507,63000080,臺北市文山區,男,一方約定_從父姓,0
11507,63000080,臺北市文山區,男,一方約定_從母姓,1
11507,63000080,臺北市文山區,男,一方約定_傳統姓名,0
11507,63000080,臺北市文山區,男,申請人抽籤決定_從父姓,0
11507,63000080,臺北市文山區,男,申請人抽籤決定_從母姓,0
11507,63000080,臺北市文山區,男,申請人抽籤決定_傳統姓名,0
11507,63000080,臺北市文山區,男,戶政事務所抽籤決定_從父姓,0
11507,63000080,臺北市文山區,男,戶政事務所抽籤決定_從母姓,0
11507,63000080,臺北市文山區,男,戶政事務所抽籤決定_傳統姓名,0
11507,63000080,臺北市文山區,男,監護人決定依監護人之姓,0
11507,63000080,臺北市文山區,女,雙方約定_從父姓,32
11507,63000080,臺北市文山區,女,雙方約定_從母姓,2
11507,63000080,臺北市文山區,女,雙方約定_傳統姓名,0
11507,63000080,臺北市文山區,女,一方約定_從父姓,0
11507,63000080,臺北市文山區,女,一方約定_從母姓,0
11507,63000080,臺北市文山區,女,一方約定_傳統姓名,0
11507,63000080,臺北市文山區,女,申請人抽籤決定_從父姓,0
11507,63000080,臺北市文山區,女,申請人抽籤決定_從母姓,0
11507,63000080,臺北市文山區,女,申請人抽籤決定_傳統姓名,0
11507,63000080,臺北市文山區,女,戶政事務所抽籤決定_從父姓,0
11507,63000080,臺北市文山區,女,戶政事務所抽籤決定_從母姓,0
11507,63000080,臺北市文山區,女,戶政事務所抽籤決定_傳統姓名,0
11507,63000080,臺北市文山區,女,監護人決定依監護人之姓,0
11507,63000090,臺北市南港區,男,雙方約定_從父姓,22
11507,63000090,臺北市南港區,男,雙方約定_從母姓,0
11507,63000090,臺北市南港區,男,雙方約定_傳統姓名,0
11507,63000090,臺北市南港區,男,一方約定_從父姓,0
11507,63000090,臺北市南港區,男,一方約定_從母姓,1
11507,63000090,臺北市南港區,男,一方約定_傳統姓名,0
11507,63000090,臺北市南港區,男,申請人抽籤決定_從父姓,0
11507,63000090,臺北市南港區,男,申請人抽籤決定_從母姓,0
11507,63000090,臺北市南港區,男,申請人抽籤決定_傳統姓名,0
11507,63000090,臺北市南港區,男,戶政事務所抽籤決定_從父姓,0
11507,63000090,臺北市南港區,男,戶政事務所抽籤決定_從母姓,0
11507,63000090,臺北市南港區,男,戶政事務所抽籤決定_傳統姓名,0
11507,63000090,臺北市南港區,男,監護人決定依監護人之姓,0
11507,63000090,臺北市南港區,女,雙方約定_從父姓,19
11507,63000090,臺北市南港區,女,雙方約定_從母姓,1
11507,63000090,臺北市南港區,女,雙方約定_傳統姓名,0
11507,63000090,臺北市南港區,女,一方約定_從父姓,0
11507,63000090,臺北市南港區,女,一方約定_從母姓,0
11507,63000090,臺北市南港區,女,一方約定_傳統姓名,0
11507,63000090,臺北市南港區,女,申請人抽籤決定_從父姓,0
11507,63000090,臺北市南港區,女,申請人抽籤決定_從母姓,0
11507,63000090,臺北市南港區,女,申請人抽籤決定_傳統姓名,0
11507,63000090,臺北市南港區,女,戶政事務所抽籤決定_從父姓,0
11507,63000090,臺北市南港區,女,戶政事務所抽籤決定_從母姓,0
11507,63000090,臺北市南港區,女,戶政事務所抽籤決定_傳統姓名,0
11507,63000090,臺北市南港區,女,監護人決定依監護人之姓,0
11507,63000100,臺北市內湖區,男,雙方約定_從父姓,46
11507,63000100,臺北市內湖區,男,雙方約定_從母姓,1
11507,63000100,臺北市內湖區,男,雙方約定_傳統姓名,0
11507,63000100,臺北市內湖區,男,一方約定_從父姓,0
11507,63000100,臺北市內湖區,男,一方約定_從母姓,0
11507,63000100,臺北市內湖區,男,一方約定_傳統姓名,0
11507,63000100,臺北市內湖區,男,申請人抽籤決定_從父姓,0
11507,63000100,臺北市內湖區,男,申請人抽籤決定_從母姓,0
11507,63000100,臺北市內湖區,男,申請人抽籤決定_傳統姓名,0
11507,63000100,臺北市內湖區,男,戶政事務所抽籤決定_從父姓,0
11507,63000100,臺北市內湖區,男,戶政事務所抽籤決定_從母姓,0
11507,63000100,臺北市內湖區,男,戶政事務所抽籤決定_傳統姓名,0
11507,63000100,臺北市內湖區,男,監護人決定依監護人之姓,0
11507,63000100,臺北市內湖區,女,雙方約定_從父姓,50
11507,63000100,臺北市內湖區,女,雙方約定_從母姓,3
11507,63000100,臺北市內湖區,女,雙方約定_傳統姓名,0
11507,63000100,臺北市內湖區,女,一方約定_從父姓,0
11507,63000100,臺北市內湖區,女,一方約定_從母姓,1
11507,63000100,臺北市內湖區,女,一方約定_傳統姓名,0
11507,63000100,臺北市內湖區,女,申請人抽籤決定_從父姓,0
11507,63000100,臺北市內湖區,女,申請人抽籤決定_從母姓,0
11507,63000100,臺北市內湖區,女,申請人抽籤決定_傳統姓名,0
11507,63000100,臺北市內湖區,女,戶政事務所抽籤決定_從父姓,0
11507,63000100,臺北市內湖區,女,戶政事務所抽籤決定_從母姓,0
11507,63000100,臺北市內湖區,女,戶政事務所抽籤決定_傳統姓名,0
11507,63000100,臺北市內湖區,女,監護人決定依監護人之姓,0
11507,63000110,臺北市士林區,男,雙方約定_從父姓,40
11507,63000110,臺北市士林區,男,雙方約定_從母姓,9
11507,63000110,臺北市士林區,男,雙方約定_傳統姓名,0
11507,63000110,臺北市士林區,男,一方約定_從父姓,0
11507,63000110,臺北市士林區,男,一方約定_從母姓,0
11507,63000110,臺北市士林區,男,一方約定_傳統姓名,0
11507,63000110,臺北市士林區,男,申請人抽籤決定_從父姓,0
11507,63000110,臺北市士林區,男,申請人抽籤決定_從母姓,0
11507,63000110,臺北市士林區,男,申請人抽籤決定_傳統姓名,0
11507,63000110,臺北市士林區,男,戶政事務所抽籤決定_從父姓,0
11507,63000110,臺北市士林區,男,戶政事務所抽籤決定_從母姓,0
11507,63000110,臺北市士林區,男,戶政事務所抽籤決定_傳統姓名,0
11507,63000110,臺北市士林區,男,監護人決定依監護人之姓,0
11507,63000110,臺北市士林區,女,雙方約定_從父姓,29
11507,63000110,臺北市士林區,女,雙方約定_從母姓,1
11507,63000110,臺北市士林區,女,雙方約定_傳統姓名,0
11507,63000110,臺北市士林區,女,一方約定_從父姓,0
11507,63000110,臺北市士林區,女,一方約定_從母姓,0
11507,63000110,臺北市士林區,女,一方約定_傳統姓名,0
11507,63000110,臺北市士林區,女,申請人抽籤決定_從父姓,0
11507,63000110,臺北市士林區,女,申請人抽籤決定_從母姓,0
11507,63000110,臺北市士林區,女,申請人抽籤決定_傳統姓名,0
11507,63000110,臺北市士林區,女,戶政事務所抽籤決定_從父姓,0
11507,63000110,臺北市士林區,女,戶政事務所抽籤決定_從母姓,0
11507,63000110,臺北市士林區,女,戶政事務所抽籤決定_傳統姓名,0
11507,63000110,臺北市士林區,女,監護人決定依監護人之姓,0
11507,63000120,臺北市北投區,男,雙方約定_從父姓,43
11507,63000120,臺北市北投區,男,雙方約定_從母姓,5
11507,63000120,臺北市北投區,男,雙方約定_傳統姓名,0
11507,63000120,臺北市北投區,男,一方約定_從父姓,0
11507,63000120,臺北市北投區,男,一方約定_從母姓,0
11507,63000120,臺北市北投區,男,一方約定_傳統姓名,0
11507,63000120,臺北市北投區,男,申請人抽籤決定_從父姓,0
11507,63000120,臺北市北投區,男,申請人抽籤決定_從母姓,0
11507,63000120,臺北市北投區,男,申請人抽籤決定_傳統姓名,0
11507,63000120,臺北市北投區,男,戶政事務所抽籤決定_從父姓,0
11507,63000120,臺北市北投區,男,戶政事務所抽籤決定_從母姓,0
11507,63000120,臺北市北投區,男,戶政事務所抽籤決定_傳統姓名,0
11507,63000120,臺北市北投區,男,監護人決定依監護人之姓,0
11507,63000120,臺北市北投區,女,雙方約定_從父姓,38
11507,63000120,臺北市北投區,女,雙方約定_從母姓,2
11507,63000120,臺北市北投區,女,雙方約定_傳統姓名,0
11507,63000120,臺北市北投區,女,一方約定_從父姓,0
11507,63000120,臺北市北投區,女,一方約定_從母姓,1
11507,63000120,臺北市北投區,女,一方約定_傳統姓名,0
11507,63000120,臺北市北投區,女,申請人抽籤決定_從父姓,0
11507,63000120,臺北市北投區,女,申請人抽籤決定_從母姓,0
11507,63000120,臺北市北投區,女,申請人抽籤決定_傳統姓名,0
11507,63000120,臺北市北投區,女,戶政事務所抽籤決定_從父姓,0
11507,63000120,臺北市北投區,女,戶政事務所抽籤決定_從母姓,0
11507,63000120,臺北市北投區,女,戶政事務所抽籤決定_傳統姓名,0
11507,63000120,臺北市北投區,女,監護人決定依監護人之姓,0
11507,68000010,桃園市桃園區,男,雙方約定_從父姓,86
11507,68000010,桃園市桃園區,男,雙方約定_從母姓,6
11507,68000010,桃園市桃園區,男,雙方約定_傳統姓名,0
11507,68000010,桃園市桃園區,男,一方約定_從父姓,0
11507,68000010,桃園市桃園區,男,一方約定_從母姓,2
11507,68000010,桃園市桃園區,男,一方約定_傳統姓名,0
11507,68000010,桃園市桃園區,男,申請人抽籤決定_從父姓,0
11507,68000010,桃園市桃園區,男,申請人抽籤決定_從母姓,0
11507,68000010,桃園市桃園區,男,申請人抽籤決定_傳統姓名,0
11507,68000010,桃園市桃園區,男,戶政事務所抽籤決定_從父姓,0
11507,68000010,桃園市桃園區,男,戶政事務所抽籤決定_從母姓,0
11507,68000010,桃園市桃園區,男,戶政事務所抽籤決定_傳統姓名,0
11507,68000010,桃園市桃園區,男,監護人決定依監護人之姓,0
11507,68000010,桃園市桃園區,女,雙方約定_從父姓,82
11507,68000010,桃園市桃園區,女,雙方約定_從母姓,1
11507,68000010,桃園市桃園區,女,雙方約定_傳統姓名,0
11507,68000010,桃園市桃園區,女,一方約定_從父姓,0
11507,68000010,桃園市桃園區,女,一方約定_從母姓,3
11507,68000010,桃園市桃園區,女,一方約定_傳統姓名,0
11507,68000010,桃園市桃園區,女,申請人抽籤決定_從父姓,0
11507,68000010,桃園市桃園區,女,申請人抽籤決定_從母姓,1
11507,68000010,桃園市桃園區,女,申請人抽籤決定_傳統姓名,0
11507,68000010,桃園市桃園區,女,戶政事務所抽籤決定_從父姓,0
11507,68000010,桃園市桃園區,女,戶政事務所抽籤決定_從母姓,0
11507,68000010,桃園市桃園區,女,戶政事務所抽籤決定_傳統姓名,0
11507,68000010,桃園市桃園區,女,監護人決定依監護人之姓,0
11507,68000020,桃園市中壢區,男,雙方約定_從父姓,85
11507,68000020,桃園市中壢區,男,雙方約定_從母姓,4
11507,68000020,桃園市中壢區,男,雙方約定_傳統姓名,0
11507,68000020,桃園市中壢區,男,一方約定_從父姓,0
11507,68000020,桃園市中壢區,男,一方約定_從母姓,2
11507,68000020,桃園市中壢區,男,一方約定_傳統姓名,0
11507,68000020,桃園市中壢區,男,申請人抽籤決定_從父姓,0
11507,68000020,桃園市中壢區,男,申請人抽籤決定_從母姓,0
11507,68000020,桃園市中壢區,男,申請人抽籤決定_傳統姓名,0
11507,68000020,桃園市中壢區,男,戶政事務所抽籤決定_從父姓,0
11507,68000020,桃園市中壢區,男,戶政事務所抽籤決定_從母姓,0
11507,68000020,桃園市中壢區,男,戶政事務所抽籤決定_傳統姓名,0
11507,68000020,桃園市中壢區,男,監護人決定依監護人之姓,0
11507,68000020,桃園市中壢區,女,雙方約定_從父姓,92
11507,68000020,桃園市中壢區,女,雙方約定_從母姓,3
11507,68000020,桃園市中壢區,女,雙方約定_傳統姓名,0
11507,68000020,桃園市中壢區,女,一方約定_從父姓,0
11507,68000020,桃園市中壢區,女,一方約定_從母姓,0
11507,68000020,桃園市中壢區,女,一方約定_傳統姓名,0
11507,68000020,桃園市中壢區,女,申請人抽籤決定_從父姓,0
11507,68000020,桃園市中壢區,女,申請人抽籤決定_從母姓,0
11507,68000020,桃園市中壢區,女,申請人抽籤決定_傳統姓名,0
11507,68000020,桃園市中壢區,女,戶政事務所抽籤決定_從父姓,0
11507,68000020,桃園市中壢區,女,戶政事務所抽籤決定_從母姓,0
11507,68000020,桃園市中壢區,女,戶政事務所抽籤決定_傳統姓名,0
11507,68000020,桃園市中壢區,女,監護人決定依監護人之姓,0
11507,68000030,桃園市大溪區,男,雙方約定_從父姓,14
11507,68000030,桃園市大溪區,男,雙方約定_從母姓,1
11507,68000030,桃園市大溪區,男,雙方約定_傳統姓名,1
11507,68000030,桃園市大溪區,男,一方約定_從父姓,0
11507,68000030,桃園市大溪區,男,一方約定_從母姓,0
11507,68000030,桃園市大溪區,男,一方約定_傳統姓名,0
11507,68000030,桃園市大溪區,男,申請人抽籤決定_從父姓,0
11507,68000030,桃園市大溪區,男,申請人抽籤決定_從母姓,0
11507,68000030,桃園市大溪區,男,申請人抽籤決定_傳統姓名,0
11507,68000030,桃園市大溪區,男,戶政事務所抽籤決定_從父姓,0
11507,68000030,桃園市大溪區,男,戶政事務所抽籤決定_從母姓,0
11507,68000030,桃園市大溪區,男,戶政事務所抽籤決定_傳統姓名,0
11507,68000030,桃園市大溪區,男,監護人決定依監護人之姓,0
11507,68000030,桃園市大溪區,女,雙方約定_從父姓,6
11507,68000030,桃園市大溪區,女,雙方約定_從母姓,0
11507,68000030,桃園市大溪區,女,雙方約定_傳統姓名,0
11507,68000030,桃園市大溪區,女,一方約定_從父姓,0
11507,68000030,桃園市大溪區,女,一方約定_從母姓,1
11507,68000030,桃園市大溪區,女,一方約定_傳統姓名,0
11507,68000030,桃園市大溪區,女,申請人抽籤決定_從父姓,0
11507,68000030,桃園市大溪區,女,申請人抽籤決定_從母姓,0
11507,68000030,桃園市大溪區,女,申請人抽籤決定_傳統姓名,0
11507,68000030,桃園市大溪區,女,戶政事務所抽籤決定_從父姓,0
11507,68000030,桃園市大溪區,女,戶政事務所抽籤決定_從母姓,0
11507,68000030,桃園市大溪區,女,戶政事務所抽籤決定_傳統姓名,0
11507,68000030,桃園市大溪區,女,監護人決定依監護人之姓,0
11507,68000040,桃園市楊梅區,男,雙方約定_從父姓,27
11507,68000040,桃園市楊梅區,男,雙方約定_從母姓,0
11507,68000040,桃園市楊梅區,男,雙方約定_傳統姓名,0
11507,68000040,桃園市楊梅區,男,一方約定_從父姓,0
11507,68000040,桃園市楊梅區,男,一方約定_從母姓,1
11507,68000040,桃園市楊梅區,男,一方約定_傳統姓名,0
11507,68000040,桃園市楊梅區,男,申請人抽籤決定_從父姓,0
11507,68000040,桃園市楊梅區,男,申請人抽籤決定_從母姓,0
11507,68000040,桃園市楊梅區,男,申請人抽籤決定_傳統姓名,0
11507,68000040,桃園市楊梅區,男,戶政事務所抽籤決定_從父姓,0
11507,68000040,桃園市楊梅區,男,戶政事務所抽籤決定_從母姓,0
11507,68000040,桃園市楊梅區,男,戶政事務所抽籤決定_傳統姓名,0
11507,68000040,桃園市楊梅區,男,監護人決定依監護人之姓,0
11507,68000040,桃園市楊梅區,女,雙方約定_從父姓,26
11507,68000040,桃園市楊梅區,女,雙方約定_從母姓,2
11507,68000040,桃園市楊梅區,女,雙方約定_傳統姓名,0
11507,68000040,桃園市楊梅區,女,一方約定_從父姓,0
11507,68000040,桃園市楊梅區,女,一方約定_從母姓,3
11507,68000040,桃園市楊梅區,女,一方約定_傳統姓名,0
11507,68000040,桃園市楊梅區,女,申請人抽籤決定_從父姓,0
11507,68000040,桃園市楊梅區,女,申請人抽籤決定_從母姓,0
11507,68000040,桃園市楊梅區,女,申請人抽籤決定_傳統姓名,0
11507,68000040,桃園市楊梅區,女,戶政事務所抽籤決定_從父姓,0
11507,68000040,桃園市楊梅區,女,戶政事務所抽籤決定_從母姓,0
11507,68000040,桃園市楊梅區,女,戶政事務所抽籤決定_傳統姓名,0
11507,68000040,桃園市楊梅區,女,監護人決定依監護人之姓,0
11507,68000050,桃園市蘆竹區,男,雙方約定_從父姓,29
11507,68000050,桃園市蘆竹區,男,雙方約定_從母姓,2
11507,68000050,桃園市蘆竹區,男,雙方約定_傳統姓名,0
11507,68000050,桃園市蘆竹區,男,一方約定_從父姓,0
11507,68000050,桃園市蘆竹區,男,一方約定_從母姓,1
11507,68000050,桃園市蘆竹區,男,一方約定_傳統姓名,0
11507,68000050,桃園市蘆竹區,男,申請人抽籤決定_從父姓,0
11507,68000050,桃園市蘆竹區,男,申請人抽籤決定_從母姓,0
11507,68000050,桃園市蘆竹區,男,申請人抽籤決定_傳統姓名,0
11507,68000050,桃園市蘆竹區,男,戶政事務所抽籤決定_從父姓,0
11507,68000050,桃園市蘆竹區,男,戶政事務所抽籤決定_從母姓,0
11507,68000050,桃園市蘆竹區,男,戶政事務所抽籤決定_傳統姓名,0
11507,68000050,桃園市蘆竹區,男,監護人決定依監護人之姓,0
11507,68000050,桃園市蘆竹區,女,雙方約定_從父姓,34
11507,68000050,桃園市蘆竹區,女,雙方約定_從母姓,4
11507,68000050,桃園市蘆竹區,女,雙方約定_傳統姓名,0
11507,68000050,桃園市蘆竹區,女,一方約定_從父姓,0
11507,68000050,桃園市蘆竹區,女,一方約定_從母姓,1
11507,68000050,桃園市蘆竹區,女,一方約定_傳統姓名,0
11507,68000050,桃園市蘆竹區,女,申請人抽籤決定_從父姓,0
11507,68000050,桃園市蘆竹區,女,申請人抽籤決定_從母姓,1
11507,68000050,桃園市蘆竹區,女,申請人抽籤決定_傳統姓名,0
11507,68000050,桃園市蘆竹區,女,戶政事務所抽籤決定_從父姓,0
11507,68000050,桃園市蘆竹區,女,戶政事務所抽籤決定_從母姓,0
11507,68000050,桃園市蘆竹區,女,戶政事務所抽籤決定_傳統姓名,0
11507,68000050,桃園市蘆竹區,女,監護人決定依監護人之姓,0
11507,68000060,桃園市大園區,男,雙方約定_從父姓,21
11507,68000060,桃園市大園區,男,雙方約定_從母姓,3
11507,68000060,桃園市大園區,男,雙方約定_傳統姓名,0
11507,68000060,桃園市大園區,男,一方約定_從父姓,0
11507,68000060,桃園市大園區,男,一方約定_從母姓,0
11507,68000060,桃園市大園區,男,一方約定_傳統姓名,0
11507,68000060,桃園市大園區,男,申請人抽籤決定_從父姓,0
11507,68000060,桃園市大園區,男,申請人抽籤決定_從母姓,0
11507,68000060,桃園市大園區,男,申請人抽籤決定_傳統姓名,0
11507,68000060,桃園市大園區,男,戶政事務所抽籤決定_從父姓,0
11507,68000060,桃園市大園區,男,戶政事務所抽籤決定_從母姓,0
11507,68000060,桃園市大園區,男,戶政事務所抽籤決定_傳統姓名,0
11507,68000060,桃園市大園區,男,監護人決定依監護人之姓,0
11507,68000060,桃園市大園區,女,雙方約定_從父姓,15
11507,68000060,桃園市大園區,女,雙方約定_從母姓,2
11507,68000060,桃園市大園區,女,雙方約定_傳統姓名,0
11507,68000060,桃園市大園區,女,一方約定_從父姓,0
11507,68000060,桃園市大園區,女,一方約定_從母姓,0
11507,68000060,桃園市大園區,女,一方約定_傳統姓名,0
11507,68000060,桃園市大園區,女,申請人抽籤決定_從父姓,0
11507,68000060,桃園市大園區,女,申請人抽籤決定_從母姓,0
11507,68000060,桃園市大園區,女,申請人抽籤決定_傳統姓名,0
11507,68000060,桃園市大園區,女,戶政事務所抽籤決定_從父姓,0
11507,68000060,桃園市大園區,女,戶政事務所抽籤決定_從母姓,0
11507,68000060,桃園市大園區,女,戶政事務所抽籤決定_傳統姓名,0
11507,68000060,桃園市大園區,女,監護人決定依監護人之姓,0
11507,68000070,桃園市龜山區,男,雙方約定_從父姓,40
11507,68000070,桃園市龜山區,男,雙方約定_從母姓,1
11507,68000070,桃園市龜山區,男,雙方約定_傳統姓名,0
11507,68000070,桃園市龜山區,男,一方約定_從父姓,0
11507,68000070,桃園市龜山區,男,一方約定_從母姓,1
11507,68000070,桃園市龜山區,男,一方約定_傳統姓名,0
11507,68000070,桃園市龜山區,男,申請人抽籤決定_從父姓,0
11507,68000070,桃園市龜山區,男,申請人抽籤決定_從母姓,0
11507,68000070,桃園市龜山區,男,申請人抽籤決定_傳統姓名,0
11507,68000070,桃園市龜山區,男,戶政事務所抽籤決定_從父姓,0
11507,68000070,桃園市龜山區,男,戶政事務所抽籤決定_從母姓,0
11507,68000070,桃園市龜山區,男,戶政事務所抽籤決定_傳統姓名,0
11507,68000070,桃園市龜山區,男,監護人決定依監護人之姓,0
11507,68000070,桃園市龜山區,女,雙方約定_從父姓,35
11507,68000070,桃園市龜山區,女,雙方約定_從母姓,3
11507,68000070,桃園市龜山區,女,雙方約定_傳統姓名,0
11507,68000070,桃園市龜山區,女,一方約定_從父姓,0
11507,68000070,桃園市龜山區,女,一方約定_從母姓,0
11507,68000070,桃園市龜山區,女,一方約定_傳統姓名,0
11507,68000070,桃園市龜山區,女,申請人抽籤決定_從父姓,0
11507,68000070,桃園市龜山區,女,申請人抽籤決定_從母姓,1
11507,68000070,桃園市龜山區,女,申請人抽籤決定_傳統姓名,0
11507,68000070,桃園市龜山區,女,戶政事務所抽籤決定_從父姓,0
11507,68000070,桃園市龜山區,女,戶政事務所抽籤決定_從母姓,0
11507,68000070,桃園市龜山區,女,戶政事務所抽籤決定_傳統姓名,0
11507,68000070,桃園市龜山區,女,監護人決定依監護人之姓,0
11507,68000080,桃園市八德區,男,雙方約定_從父姓,46
11507,68000080,桃園市八德區,男,雙方約定_從母姓,0
11507,68000080,桃園市八德區,男,雙方約定_傳統姓名,0
11507,68000080,桃園市八德區,男,一方約定_從父姓,0
11507,68000080,桃園市八德區,男,一方約定_從母姓,1
11507,68000080,桃園市八德區,男,一方約定_傳統姓名,0
11507,68000080,桃園市八德區,男,申請人抽籤決定_從父姓,0
11507,68000080,桃園市八德區,男,申請人抽籤決定_從母姓,0
11507,68000080,桃園市八德區,男,申請人抽籤決定_傳統姓名,0
11507,68000080,桃園市八德區,男,戶政事務所抽籤決定_從父姓,0
11507,68000080,桃園市八德區,男,戶政事務所抽籤決定_從母姓,0
11507,68000080,桃園市八德區,男,戶政事務所抽籤決定_傳統姓名,0
11507,68000080,桃園市八德區,男,監護人決定依監護人之姓,0
11507,68000080,桃園市八德區,女,雙方約定_從父姓,34
11507,68000080,桃園市八德區,女,雙方約定_從母姓,1
11507,68000080,桃園市八德區,女,雙方約定_傳統姓名,0
11507,68000080,桃園市八德區,女,一方約定_從父姓,0
11507,68000080,桃園市八德區,女,一方約定_從母姓,0
11507,68000080,桃園市八德區,女,一方約定_傳統姓名,0
11507,68000080,桃園市八德區,女,申請人抽籤決定_從父姓,0
11507,68000080,桃園市八德區,女,申請人抽籤決定_從母姓,0
11507,68000080,桃園市八德區,女,申請人抽籤決定_傳統姓名,0
11507,68000080,桃園市八德區,女,戶政事務所抽籤決定_從父姓,0
11507,68000080,桃園市八德區,女,戶政事務所抽籤決定_從母姓,0
11507,68000080,桃園市八德區,女,戶政事務所抽籤決定_傳統姓名,0
11507,68000080,桃園市八德區,女,監護人決定依監護人之姓,0
11507,68000090,桃園市龍潭區,男,雙方約定_從父姓,16
11507,68000090,桃園市龍潭區,男,雙方約定_從母姓,3
11507,68000090,桃園市龍潭區,男,雙方約定_傳統姓名,0
11507,68000090,桃園市龍潭區,男,一方約定_從父姓,0
11507,68000090,桃園市龍潭區,男,一方約定_從母姓,0
11507,68000090,桃園市龍潭區,男,一方約定_傳統姓名,0
11507,68000090,桃園市龍潭區,男,申請人抽籤決定_從父姓,0
11507,68000090,桃園市龍潭區,男,申請人抽籤決定_從母姓,0
11507,68000090,桃園市龍潭區,男,申請人抽籤決定_傳統姓名,0
11507,68000090,桃園市龍潭區,男,戶政事務所抽籤決定_從父姓,0
11507,68000090,桃園市龍潭區,男,戶政事務所抽籤決定_從母姓,0
11507,68000090,桃園市龍潭區,男,戶政事務所抽籤決定_傳統姓名,0
11507,68000090,桃園市龍潭區,男,監護人決定依監護人之姓,0
11507,68000090,桃園市龍潭區,女,雙方約定_從父姓,25
11507,68000090,桃園市龍潭區,女,雙方約定_從母姓,1
11507,68000090,桃園市龍潭區,女,雙方約定_傳統姓名,0
11507,68000090,桃園市龍潭區,女,一方約定_從父姓,0
11507,68000090,桃園市龍潭區,女,一方約定_從母姓,0
11507,68000090,桃園市龍潭區,女,一方約定_傳統姓名,0
11507,68000090,桃園市龍潭區,女,申請人抽籤決定_從父姓,0
11507,68000090,桃園市龍潭區,女,申請人抽籤決定_從母姓,0
11507,68000090,桃園市龍潭區,女,申請人抽籤決定_傳統姓名,0
11507,68000090,桃園市龍潭區,女,戶政事務所抽籤決定_從父姓,0
11507,68000090,桃園市龍潭區,女,戶政事務所抽籤決定_從母姓,0
11507,68000090,桃園市龍潭區,女,戶政事務所抽籤決定_傳統姓名,0
11507,68000090,桃園市龍潭區,女,監護人決定依監護人之姓,0
11507,68000100,桃園市平鎮區,男,雙方約定_從父姓,37
11507,68000100,桃園市平鎮區,男,雙方約定_從母姓,2
11507,68000100,桃園市平鎮區,男,雙方約定_傳統姓名,0
11507,68000100,桃園市平鎮區,男,一方約定_從父姓,0
11507,68000100,桃園市平鎮區,男,一方約定_從母姓,3
11507,68000100,桃園市平鎮區,男,一方約定_傳統姓名,0
11507,68000100,桃園市平鎮區,男,申請人抽籤決定_從父姓,0
11507,68000100,桃園市平鎮區,男,申請人抽籤決定_從母姓,0
11507,68000100,桃園市平鎮區,男,申請人抽籤決定_傳統姓名,0
11507,68000100,桃園市平鎮區,男,戶政事務所抽籤決定_從父姓,0
11507,68000100,桃園市平鎮區,男,戶政事務所抽籤決定_從母姓,0
11507,68000100,桃園市平鎮區,男,戶政事務所抽籤決定_傳統姓名,0
11507,68000100,桃園市平鎮區,男,監護人決定依監護人之姓,0
11507,68000100,桃園市平鎮區,女,雙方約定_從父姓,34
11507,68000100,桃園市平鎮區,女,雙方約定_從母姓,3
11507,68000100,桃園市平鎮區,女,雙方約定_傳統姓名,0
11507,68000100,桃園市平鎮區,女,一方約定_從父姓,0
11507,68000100,桃園市平鎮區,女,一方約定_從母姓,1
11507,68000100,桃園市平鎮區,女,一方約定_傳統姓名,0
11507,68000100,桃園市平鎮區,女,申請人抽籤決定_從父姓,0
11507,68000100,桃園市平鎮區,女,申請人抽籤決定_從母姓,0
11507,68000100,桃園市平鎮區,女,申請人抽籤決定_傳統姓名,0
11507,68000100,桃園市平鎮區,女,戶政事務所抽籤決定_從父姓,0
11507,68000100,桃園市平鎮區,女,戶政事務所抽籤決定_從母姓,0
11507,68000100,桃園市平鎮區,女,戶政事務所抽籤決定_傳統姓名,0
11507,68000100,桃園市平鎮區,女,監護人決定依監護人之姓,0
11507,68000110,桃園市新屋區,男,雙方約定_從父姓,8
11507,68000110,桃園市新屋區,男,雙方約定_從母姓,0
11507,68000110,桃園市新屋區,男,雙方約定_傳統姓名,0
11507,68000110,桃園市新屋區,男,一方約定_從父姓,0
11507,68000110,桃園市新屋區,男,一方約定_從母姓,1
11507,68000110,桃園市新屋區,男,一方約定_傳統姓名,0
11507,68000110,桃園市新屋區,男,申請人抽籤決定_從父姓,0
11507,68000110,桃園市新屋區,男,申請人抽籤決定_從母姓,0
11507,68000110,桃園市新屋區,男,申請人抽籤決定_傳統姓名,0
11507,68000110,桃園市新屋區,男,戶政事務所抽籤決定_從父姓,0
11507,68000110,桃園市新屋區,男,戶政事務所抽籤決定_從母姓,0
11507,68000110,桃園市新屋區,男,戶政事務所抽籤決定_傳統姓名,0
11507,68000110,桃園市新屋區,男,監護人決定依監護人之姓,0
11507,68000110,桃園市新屋區,女,雙方約定_從父姓,4
11507,68000110,桃園市新屋區,女,雙方約定_從母姓,1
11507,68000110,桃園市新屋區,女,雙方約定_傳統姓名,0
11507,68000110,桃園市新屋區,女,一方約定_從父姓,0
11507,68000110,桃園市新屋區,女,一方約定_從母姓,1
11507,68000110,桃園市新屋區,女,一方約定_傳統姓名,0
11507,68000110,桃園市新屋區,女,申請人抽籤決定_從父姓,0
11507,68000110,桃園市新屋區,女,申請人抽籤決定_從母姓,0
11507,68000110,桃園市新屋區,女,申請人抽籤決定_傳統姓名,0
11507,68000110,桃園市新屋區,女,戶政事務所抽籤決定_從父姓,0
11507,68000110,桃園市新屋區,女,戶政事務所抽籤決定_從母姓,0
11507,68000110,桃園市新屋區,女,戶政事務所抽籤決定_傳統姓名,0
11507,68000110,桃園市新屋區,女,監護人決定依監護人之姓,0
11507,68000120,桃園市觀音區,男,雙方約定_從父姓,22
11507,68000120,桃園市觀音區,男,雙方約定_從母姓,1
11507,68000120,桃園市觀音區,男,雙方約定_傳統姓名,0
11507,68000120,桃園市觀音區,男,一方約定_從父姓,0
11507,68000120,桃園市觀音區,男,一方約定_從母姓,1
11507,68000120,桃園市觀音區,男,一方約定_傳統姓名,0
11507,68000120,桃園市觀音區,男,申請人抽籤決定_從父姓,0
11507,68000120,桃園市觀音區,男,申請人抽籤決定_從母姓,0
11507,68000120,桃園市觀音區,男,申請人抽籤決定_傳統姓名,0
11507,68000120,桃園市觀音區,男,戶政事務所抽籤決定_從父姓,0
11507,68000120,桃園市觀音區,男,戶政事務所抽籤決定_從母姓,0
11507,68000120,桃園市觀音區,男,戶政事務所抽籤決定_傳統姓名,0
11507,68000120,桃園市觀音區,男,監護人決定依監護人之姓,0
11507,68000120,桃園市觀音區,女,雙方約定_從父姓,12
11507,68000120,桃園市觀音區,女,雙方約定_從母姓,0
11507,68000120,桃園市觀音區,女,雙方約定_傳統姓名,0
11507,68000120,桃園市觀音區,女,一方約定_從父姓,0
11507,68000120,桃園市觀音區,女,一方約定_從母姓,0
11507,68000120,桃園市觀音區,女,一方約定_傳統姓名,0
11507,68000120,桃園市觀音區,女,申請人抽籤決定_從父姓,0
11507,68000120,桃園市觀音區,女,申請人抽籤決定_從母姓,0
11507,68000120,桃園市觀音區,女,申請人抽籤決定_傳統姓名,0
11507,68000120,桃園市觀音區,女,戶政事務所抽籤決定_從父姓,0
11507,68000120,桃園市觀音區,女,戶政事務所抽籤決定_從母姓,0
11507,68000120,桃園市觀音區,女,戶政事務所抽籤決定_傳統姓名,0
11507,68000120,桃園市觀音區,女,監護人決定依監護人之姓,0
11507,68000130,桃園市復興區,男,雙方約定_從父姓,1
11507,68000130,桃園市復興區,男,雙方約定_從母姓,0
11507,68000130,桃園市復興區,男,雙方約定_傳統姓名,0
11507,68000130,桃園市復興區,男,一方約定_從父姓,0
11507,68000130,桃園市復興區,男,一方約定_從母姓,3
11507,68000130,桃園市復興區,男,一方約定_傳統姓名,0
11507,68000130,桃園市復興區,男,申請人抽籤決定_從父姓,0
11507,68000130,桃園市復興區,男,申請人抽籤決定_從母姓,0
11507,68000130,桃園市復興區,男,申請人抽籤決定_傳統姓名,0
11507,68000130,桃園市復興區,男,戶政事務所抽籤決定_從父姓,0
11507,68000130,桃園市復興區,男,戶政事務所抽籤決定_從母姓,0
11507,68000130,桃園市復興區,男,戶政事務所抽籤決定_傳統姓名,0
11507,68000130,桃園市復興區,男,監護人決定依監護人之姓,0
11507,68000130,桃園市復興區,女,雙方約定_從父姓,5
11507,68000130,桃園市復興區,女,雙方約定_從母姓,0
11507,68000130,桃園市復興區,女,雙方約定_傳統姓名,0
11507,68000130,桃園市復興區,女,一方約定_從父姓,0
11507,68000130,桃園市復興區,女,一方約定_從母姓,0
11507,68000130,桃園市復興區,女,一方約定_傳統姓名,0
11507,68000130,桃園市復興區,女,申請人抽籤決定_從父姓,0
11507,68000130,桃園市復興區,女,申請人抽籤決定_從母姓,0
11507,68000130,桃園市復興區,女,申請人抽籤決定_傳統姓名,0
11507,68000130,桃園市復興區,女,戶政事務所抽籤決定_從父姓,0
11507,68000130,桃園市復興區,女,戶政事務所抽籤決定_從母姓,0
11507,68000130,桃園市復興區,女,戶政事務所抽籤決定_傳統姓名,0
11507,68000130,桃園市復興區,女,監護人決定依監護人之姓,0
11507,66000010,臺中市中區,男,雙方約定_從父姓,2
11507,66000010,臺中市中區,男,雙方約定_從母姓,0
11507,66000010,臺中市中區,男,雙方約定_傳統姓名,0
11507,66000010,臺中市中區,男,一方約定_從父姓,0
11507,66000010,臺中市中區,男,一方約定_從母姓,0
11507,66000010,臺中市中區,男,一方約定_傳統姓名,0
11507,66000010,臺中市中區,男,申請人抽籤決定_從父姓,0
11507,66000010,臺中市中區,男,申請人抽籤決定_從母姓,0
11507,66000010,臺中市中區,男,申請人抽籤決定_傳統姓名,0
11507,66000010,臺中市中區,男,戶政事務所抽籤決定_從父姓,0
11507,66000010,臺中市中區,男,戶政事務所抽籤決定_從母姓,0
11507,66000010,臺中市中區,男,戶政事務所抽籤決定_傳統姓名,0
11507,66000010,臺中市中區,男,監護人決定依監護人之姓,0
11507,66000010,臺中市中區,女,雙方約定_從父姓,1
11507,66000010,臺中市中區,女,雙方約定_從母姓,1
11507,66000010,臺中市中區,女,雙方約定_傳統姓名,0
11507,66000010,臺中市中區,女,一方約定_從父姓,0
11507,66000010,臺中市中區,女,一方約定_從母姓,0
11507,66000010,臺中市中區,女,一方約定_傳統姓名,0
11507,66000010,臺中市中區,女,申請人抽籤決定_從父姓,0
11507,66000010,臺中市中區,女,申請人抽籤決定_從母姓,0
11507,66000010,臺中市中區,女,申請人抽籤決定_傳統姓名,0
11507,66000010,臺中市中區,女,戶政事務所抽籤決定_從父姓,0
11507,66000010,臺中市中區,女,戶政事務所抽籤決定_從母姓,0
11507,66000010,臺中市中區,女,戶政事務所抽籤決定_傳統姓名,0
11507,66000010,臺中市中區,女,監護人決定依監護人之姓,0
11507,66000020,臺中市東區,男,雙方約定_從父姓,9
11507,66000020,臺中市東區,男,雙方約定_從母姓,0
11507,66000020,臺中市東區,男,雙方約定_傳統姓名,0
11507,66000020,臺中市東區,男,一方約定_從父姓,0
11507,66000020,臺中市東區,男,一方約定_從母姓,0
11507,66000020,臺中市東區,男,一方約定_傳統姓名,0
11507,66000020,臺中市東區,男,申請人抽籤決定_從父姓,0
11507,66000020,臺中市東區,男,申請人抽籤決定_從母姓,0
11507,66000020,臺中市東區,男,申請人抽籤決定_傳統姓名,0
11507,66000020,臺中市東區,男,戶政事務所抽籤決定_從父姓,0
11507,66000020,臺中市東區,男,戶政事務所抽籤決定_從母姓,0
11507,66000020,臺中市東區,男,戶政事務所抽籤決定_傳統姓名,0
11507,66000020,臺中市東區,男,監護人決定依監護人之姓,0
11507,66000020,臺中市東區,女,雙方約定_從父姓,9
11507,66000020,臺中市東區,女,雙方約定_從母姓,1
11507,66000020,臺中市東區,女,雙方約定_傳統姓名,0
11507,66000020,臺中市東區,女,一方約定_從父姓,0
11507,66000020,臺中市東區,女,一方約定_從母姓,0
11507,66000020,臺中市東區,女,一方約定_傳統姓名,0
11507,66000020,臺中市東區,女,申請人抽籤決定_從父姓,0
11507,66000020,臺中市東區,女,申請人抽籤決定_從母姓,0
11507,66000020,臺中市東區,女,申請人抽籤決定_傳統姓名,0
11507,66000020,臺中市東區,女,戶政事務所抽籤決定_從父姓,0
11507,66000020,臺中市東區,女,戶政事務所抽籤決定_從母姓,0
11507,66000020,臺中市東區,女,戶政事務所抽籤決定_傳統姓名,0
11507,66000020,臺中市東區,女,監護人決定依監護人之姓,0
11507,66000030,臺中市南區,男,雙方約定_從父姓,19
11507,66000030,臺中市南區,男,雙方約定_從母姓,1
11507,66000030,臺中市南區,男,雙方約定_傳統姓名,0
11507,66000030,臺中市南區,男,一方約定_從父姓,0
11507,66000030,臺中市南區,男,一方約定_從母姓,0
11507,66000030,臺中市南區,男,一方約定_傳統姓名,0
11507,66000030,臺中市南區,男,申請人抽籤決定_從父姓,0
11507,66000030,臺中市南區,男,申請人抽籤決定_從母姓,0
11507,66000030,臺中市南區,男,申請人抽籤決定_傳統姓名,0
11507,66000030,臺中市南區,男,戶政事務所抽籤決定_從父姓,0
11507,66000030,臺中市南區,男,戶政事務所抽籤決定_從母姓,0
11507,66000030,臺中市南區,男,戶政事務所抽籤決定_傳統姓名,0
11507,66000030,臺中市南區,男,監護人決定依監護人之姓,0
11507,66000030,臺中市南區,女,雙方約定_從父姓,14
11507,66000030,臺中市南區,女,雙方約定_從母姓,1
11507,66000030,臺中市南區,女,雙方約定_傳統姓名,0
11507,66000030,臺中市南區,女,一方約定_從父姓,0
11507,66000030,臺中市南區,女,一方約定_從母姓,1
11507,66000030,臺中市南區,女,一方約定_傳統姓名,0
11507,66000030,臺中市南區,女,申請人抽籤決定_從父姓,0
11507,66000030,臺中市南區,女,申請人抽籤決定_從母姓,0
11507,66000030,臺中市南區,女,申請人抽籤決定_傳統姓名,0
11507,66000030,臺中市南區,女,戶政事務所抽籤決定_從父姓,0
11507,66000030,臺中市南區,女,戶政事務所抽籤決定_從母姓,0
11507,66000030,臺中市南區,女,戶政事務所抽籤決定_傳統姓名,0
11507,66000030,臺中市南區,女,監護人決定依監護人之姓,0
11507,66000040,臺中市西區,男,雙方約定_從父姓,7
11507,66000040,臺中市西區,男,雙方約定_從母姓,0
11507,66000040,臺中市西區,男,雙方約定_傳統姓名,0
11507,66000040,臺中市西區,男,一方約定_從父姓,0
11507,66000040,臺中市西區,男,一方約定_從母姓,0
11507,66000040,臺中市西區,男,一方約定_傳統姓名,0
11507,66000040,臺中市西區,男,申請人抽籤決定_從父姓,0
11507,66000040,臺中市西區,男,申請人抽籤決定_從母姓,0
11507,66000040,臺中市西區,男,申請人抽籤決定_傳統姓名,0
11507,66000040,臺中市西區,男,戶政事務所抽籤決定_從父姓,0
11507,66000040,臺中市西區,男,戶政事務所抽籤決定_從母姓,0
11507,66000040,臺中市西區,男,戶政事務所抽籤決定_傳統姓名,0
11507,66000040,臺中市西區,男,監護人決定依監護人之姓,0
11507,66000040,臺中市西區,女,雙方約定_從父姓,13
11507,66000040,臺中市西區,女,雙方約定_從母姓,0
11507,66000040,臺中市西區,女,雙方約定_傳統姓名,0
11507,66000040,臺中市西區,女,一方約定_從父姓,0
11507,66000040,臺中市西區,女,一方約定_從母姓,0
11507,66000040,臺中市西區,女,一方約定_傳統姓名,0
11507,66000040,臺中市西區,女,申請人抽籤決定_從父姓,0
11507,66000040,臺中市西區,女,申請人抽籤決定_從母姓,0
11507,66000040,臺中市西區,女,申請人抽籤決定_傳統姓名,0
11507,66000040,臺中市西區,女,戶政事務所抽籤決定_從父姓,0
11507,66000040,臺中市西區,女,戶政事務所抽籤決定_從母姓,0
11507,66000040,臺中市西區,女,戶政事務所抽籤決定_傳統姓名,0
11507,66000040,臺中市西區,女,監護人決定依監護人之姓,0
11507,66000050,臺中市北區,男,雙方約定_從父姓,22
11507,66000050,臺中市北區,男,雙方約定_從母姓,1
11507,66000050,臺中市北區,男,雙方約定_傳統姓名,0
11507,66000050,臺中市北區,男,一方約定_從父姓,0
11507,66000050,臺中市北區,男,一方約定_從母姓,0
11507,66000050,臺中市北區,男,一方約定_傳統姓名,0
11507,66000050,臺中市北區,男,申請人抽籤決定_從父姓,0
11507,66000050,臺中市北區,男,申請人抽籤決定_從母姓,0
11507,66000050,臺中市北區,男,申請人抽籤決定_傳統姓名,0
11507,66000050,臺中市北區,男,戶政事務所抽籤決定_從父姓,0
11507,66000050,臺中市北區,男,戶政事務所抽籤決定_從母姓,0
11507,66000050,臺中市北區,男,戶政事務所抽籤決定_傳統姓名,0
11507,66000050,臺中市北區,男,監護人決定依監護人之姓,0
11507,66000050,臺中市北區,女,雙方約定_從父姓,9
11507,66000050,臺中市北區,女,雙方約定_從母姓,0
11507,66000050,臺中市北區,女,雙方約定_傳統姓名,0
11507,66000050,臺中市北區,女,一方約定_從父姓,0
11507,66000050,臺中市北區,女,一方約定_從母姓,1
11507,66000050,臺中市北區,女,一方約定_傳統姓名,0
11507,66000050,臺中市北區,女,申請人抽籤決定_從父姓,0
11507,66000050,臺中市北區,女,申請人抽籤決定_從母姓,0
11507,66000050,臺中市北區,女,申請人抽籤決定_傳統姓名,0
11507,66000050,臺中市北區,女,戶政事務所抽籤決定_從父姓,0
11507,66000050,臺中市北區,女,戶政事務所抽籤決定_從母姓,0
11507,66000050,臺中市北區,女,戶政事務所抽籤決定_傳統姓名,0
11507,66000050,臺中市北區,女,監護人決定依監護人之姓,0
11507,66000060,臺中市西屯區,男,雙方約定_從父姓,38
11507,66000060,臺中市西屯區,男,雙方約定_從母姓,2
11507,66000060,臺中市西屯區,男,雙方約定_傳統姓名,0
11507,66000060,臺中市西屯區,男,一方約定_從父姓,0
11507,66000060,臺中市西屯區,男,一方約定_從母姓,1
11507,66000060,臺中市西屯區,男,一方約定_傳統姓名,0
11507,66000060,臺中市西屯區,男,申請人抽籤決定_從父姓,0
11507,66000060,臺中市西屯區,男,申請人抽籤決定_從母姓,0
11507,66000060,臺中市西屯區,男,申請人抽籤決定_傳統姓名,0
11507,66000060,臺中市西屯區,男,戶政事務所抽籤決定_從父姓,0
11507,66000060,臺中市西屯區,男,戶政事務所抽籤決定_從母姓,0
11507,66000060,臺中市西屯區,男,戶政事務所抽籤決定_傳統姓名,0
11507,66000060,臺中市西屯區,男,監護人決定依監護人之姓,0
11507,66000060,臺中市西屯區,女,雙方約定_從父姓,44
11507,66000060,臺中市西屯區,女,雙方約定_從母姓,2
11507,66000060,臺中市西屯區,女,雙方約定_傳統姓名,0
11507,66000060,臺中市西屯區,女,一方約定_從父姓,0
11507,66000060,臺中市西屯區,女,一方約定_從母姓,0
11507,66000060,臺中市西屯區,女,一方約定_傳統姓名,0
11507,66000060,臺中市西屯區,女,申請人抽籤決定_從父姓,0
11507,66000060,臺中市西屯區,女,申請人抽籤決定_從母姓,0
11507,66000060,臺中市西屯區,女,申請人抽籤決定_傳統姓名,0
11507,66000060,臺中市西屯區,女,戶政事務所抽籤決定_從父姓,0
11507,66000060,臺中市西屯區,女,戶政事務所抽籤決定_從母姓,0
11507,66000060,臺中市西屯區,女,戶政事務所抽籤決定_傳統姓名,0
11507,66000060,臺中市西屯區,女,監護人決定依監護人之姓,0
11507,66000070,臺中市南屯區,男,雙方約定_從父姓,32
11507,66000070,臺中市南屯區,男,雙方約定_從母姓,1
11507,66000070,臺中市南屯區,男,雙方約定_傳統姓名,0
11507,66000070,臺中市南屯區,男,一方約定_從父姓,0
11507,66000070,臺中市南屯區,男,一方約定_從母姓,1
11507,66000070,臺中市南屯區,男,一方約定_傳統姓名,0
11507,66000070,臺中市南屯區,男,申請人抽籤決定_從父姓,0
11507,66000070,臺中市南屯區,男,申請人抽籤決定_從母姓,0
11507,66000070,臺中市南屯區,男,申請人抽籤決定_傳統姓名,0
11507,66000070,臺中市南屯區,男,戶政事務所抽籤決定_從父姓,0
11507,66000070,臺中市南屯區,男,戶政事務所抽籤決定_從母姓,0
11507,66000070,臺中市南屯區,男,戶政事務所抽籤決定_傳統姓名,0
11507,66000070,臺中市南屯區,男,監護人決定依監護人之姓,0
11507,66000070,臺中市南屯區,女,雙方約定_從父姓,28
11507,66000070,臺中市南屯區,女,雙方約定_從母姓,1
11507,66000070,臺中市南屯區,女,雙方約定_傳統姓名,0
11507,66000070,臺中市南屯區,女,一方約定_從父姓,0
11507,66000070,臺中市南屯區,女,一方約定_從母姓,1
11507,66000070,臺中市南屯區,女,一方約定_傳統姓名,0
11507,66000070,臺中市南屯區,女,申請人抽籤決定_從父姓,0
11507,66000070,臺中市南屯區,女,申請人抽籤決定_從母姓,0
11507,66000070,臺中市南屯區,女,申請人抽籤決定_傳統姓名,0
11507,66000070,臺中市南屯區,女,戶政事務所抽籤決定_從父姓,0
11507,66000070,臺中市南屯區,女,戶政事務所抽籤決定_從母姓,0
11507,66000070,臺中市南屯區,女,戶政事務所抽籤決定_傳統姓名,0
11507,66000070,臺中市南屯區,女,監護人決定依監護人之姓,0
11507,66000080,臺中市北屯區,男,雙方約定_從父姓,56
11507,66000080,臺中市北屯區,男,雙方約定_從母姓,7
11507,66000080,臺中市北屯區,男,雙方約定_傳統姓名,0
11507,66000080,臺中市北屯區,男,一方約定_從父姓,0
11507,66000080,臺中市北屯區,男,一方約定_從母姓,0
11507,66000080,臺中市北屯區,男,一方約定_傳統姓名,0
11507,66000080,臺中市北屯區,男,申請人抽籤決定_從父姓,0
11507,66000080,臺中市北屯區,男,申請人抽籤決定_從母姓,0
11507,66000080,臺中市北屯區,男,申請人抽籤決定_傳統姓名,0
11507,66000080,臺中市北屯區,男,戶政事務所抽籤決定_從父姓,0
11507,66000080,臺中市北屯區,男,戶政事務所抽籤決定_從母姓,0
11507,66000080,臺中市北屯區,男,戶政事務所抽籤決定_傳統姓名,0
11507,66000080,臺中市北屯區,男,監護人決定依監護人之姓,0
11507,66000080,臺中市北屯區,女,雙方約定_從父姓,49
11507,66000080,臺中市北屯區,女,雙方約定_從母姓,5
11507,66000080,臺中市北屯區,女,雙方約定_傳統姓名,0
11507,66000080,臺中市北屯區,女,一方約定_從父姓,0
11507,66000080,臺中市北屯區,女,一方約定_從母姓,0
11507,66000080,臺中市北屯區,女,一方約定_傳統姓名,0
11507,66000080,臺中市北屯區,女,申請人抽籤決定_從父姓,0
11507,66000080,臺中市北屯區,女,申請人抽籤決定_從母姓,0
11507,66000080,臺中市北屯區,女,申請人抽籤決定_傳統姓名,0
11507,66000080,臺中市北屯區,女,戶政事務所抽籤決定_從父姓,0
11507,66000080,臺中市北屯區,女,戶政事務所抽籤決定_從母姓,0
11507,66000080,臺中市北屯區,女,戶政事務所抽籤決定_傳統姓名,0
11507,66000080,臺中市北屯區,女,監護人決定依監護人之姓,0
11507,66000090,臺中市豐原區,男,雙方約定_從父姓,19
11507,66000090,臺中市豐原區,男,雙方約定_從母姓,0
11507,66000090,臺中市豐原區,男,雙方約定_傳統姓名,0
11507,66000090,臺中市豐原區,男,一方約定_從父姓,0
11507,66000090,臺中市豐原區,男,一方約定_從母姓,0
11507,66000090,臺中市豐原區,男,一方約定_傳統姓名,0
11507,66000090,臺中市豐原區,男,申請人抽籤決定_從父姓,0
11507,66000090,臺中市豐原區,男,申請人抽籤決定_從母姓,0
11507,66000090,臺中市豐原區,男,申請人抽籤決定_傳統姓名,0
11507,66000090,臺中市豐原區,男,戶政事務所抽籤決定_從父姓,0
11507,66000090,臺中市豐原區,男,戶政事務所抽籤決定_從母姓,0
11507,66000090,臺中市豐原區,男,戶政事務所抽籤決定_傳統姓名,0
11507,66000090,臺中市豐原區,男,監護人決定依監護人之姓,0
11507,66000090,臺中市豐原區,女,雙方約定_從父姓,29
11507,66000090,臺中市豐原區,女,雙方約定_從母姓,1
11507,66000090,臺中市豐原區,女,雙方約定_傳統姓名,0
11507,66000090,臺中市豐原區,女,一方約定_從父姓,0
11507,66000090,臺中市豐原區,女,一方約定_從母姓,1
11507,66000090,臺中市豐原區,女,一方約定_傳統姓名,0
11507,66000090,臺中市豐原區,女,申請人抽籤決定_從父姓,0
11507,66000090,臺中市豐原區,女,申請人抽籤決定_從母姓,0
11507,66000090,臺中市豐原區,女,申請人抽籤決定_傳統姓名,0
11507,66000090,臺中市豐原區,女,戶政事務所抽籤決定_從父姓,0
11507,66000090,臺中市豐原區,女,戶政事務所抽籤決定_從母姓,0
11507,66000090,臺中市豐原區,女,戶政事務所抽籤決定_傳統姓名,0
11507,66000090,臺中市豐原區,女,監護人決定依監護人之姓,0
11507,66000100,臺中市東勢區,男,雙方約定_從父姓,7
11507,66000100,臺中市東勢區,男,雙方約定_從母姓,2
11507,66000100,臺中市東勢區,男,雙方約定_傳統姓名,0
11507,66000100,臺中市東勢區,男,一方約定_從父姓,0
11507,66000100,臺中市東勢區,男,一方約定_從母姓,0
11507,66000100,臺中市東勢區,男,一方約定_傳統姓名,0
11507,66000100,臺中市東勢區,男,申請人抽籤決定_從父姓,0
11507,66000100,臺中市東勢區,男,申請人抽籤決定_從母姓,0
11507,66000100,臺中市東勢區,男,申請人抽籤決定_傳統姓名,0
11507,66000100,臺中市東勢區,男,戶政事務所抽籤決定_從父姓,0
11507,66000100,臺中市東勢區,男,戶政事務所抽籤決定_從母姓,0
11507,66000100,臺中市東勢區,男,戶政事務所抽籤決定_傳統姓名,0
11507,66000100,臺中市東勢區,男,監護人決定依監護人之姓,0
11507,66000100,臺中市東勢區,女,雙方約定_從父姓,5
11507,66000100,臺中市東勢區,女,雙方約定_從母姓,2
11507,66000100,臺中市東勢區,女,雙方約定_傳統姓名,0
11507,66000100,臺中市東勢區,女,一方約定_從父姓,0
11507,66000100,臺中市東勢區,女,一方約定_從母姓,0
11507,66000100,臺中市東勢區,女,一方約定_傳統姓名,0
11507,66000100,臺中市東勢區,女,申請人抽籤決定_從父姓,0
11507,66000100,臺中市東勢區,女,申請人抽籤決定_從母姓,0
11507,66000100,臺中市東勢區,女,申請人抽籤決定_傳統姓名,0
11507,66000100,臺中市東勢區,女,戶政事務所抽籤決定_從父姓,0
11507,66000100,臺中市東勢區,女,戶政事務所抽籤決定_從母姓,0
11507,66000100,臺中市東勢區,女,戶政事務所抽籤決定_傳統姓名,0
11507,66000100,臺中市東勢區,女,監護人決定依監護人之姓,0
11507,66000110,臺中市大甲區,男,雙方約定_從父姓,6
11507,66000110,臺中市大甲區,男,雙方約定_從母姓,0
11507,66000110,臺中市大甲區,男,雙方約定_傳統姓名,0
11507,66000110,臺中市大甲區,男,一方約定_從父姓,0
11507,66000110,臺中市大甲區,男,一方約定_從母姓,1
11507,66000110,臺中市大甲區,男,一方約定_傳統姓名,0
11507,66000110,臺中市大甲區,男,申請人抽籤決定_從父姓,0
11507,66000110,臺中市大甲區,男,申請人抽籤決定_從母姓,0
11507,66000110,臺中市大甲區,男,申請人抽籤決定_傳統姓名,0
11507,66000110,臺中市大甲區,男,戶政事務所抽籤決定_從父姓,0
11507,66000110,臺中市大甲區,男,戶政事務所抽籤決定_從母姓,0
11507,66000110,臺中市大甲區,男,戶政事務所抽籤決定_傳統姓名,0
11507,66000110,臺中市大甲區,男,監護人決定依監護人之姓,0
11507,66000110,臺中市大甲區,女,雙方約定_從父姓,12
11507,66000110,臺中市大甲區,女,雙方約定_從母姓,0
11507,66000110,臺中市大甲區,女,雙方約定_傳統姓名,0
11507,66000110,臺中市大甲區,女,一方約定_從父姓,0
11507,66000110,臺中市大甲區,女,一方約定_從母姓,0
11507,66000110,臺中市大甲區,女,一方約定_傳統姓名,0
11507,66000110,臺中市大甲區,女,申請人抽籤決定_從父姓,0
11507,66000110,臺中市大甲區,女,申請人抽籤決定_從母姓,0
11507,66000110,臺中市大甲區,女,申請人抽籤決定_傳統姓名,0
11507,66000110,臺中市大甲區,女,戶政事務所抽籤決定_從父姓,0
11507,66000110,臺中市大甲區,女,戶政事務所抽籤決定_從母姓,0
11507,66000110,臺中市大甲區,女,戶政事務所抽籤決定_傳統姓名,0
11507,66000110,臺中市大甲區,女,監護人決定依監護人之姓,0
11507,66000120,臺中市清水區,男,雙方約定_從父姓,16
11507,66000120,臺中市清水區,男,雙方約定_從母姓,0
11507,66000120,臺中市清水區,男,雙方約定_傳統姓名,0
11507,66000120,臺中市清水區,男,一方約定_從父姓,0
11507,66000120,臺中市清水區,男,一方約定_從母姓,0
11507,66000120,臺中市清水區,男,一方約定_傳統姓名,0
11507,66000120,臺中市清水區,男,申請人抽籤決定_從父姓,0
11507,66000120,臺中市清水區,男,申請人抽籤決定_從母姓,0
11507,66000120,臺中市清水區,男,申請人抽籤決定_傳統姓名,0
11507,66000120,臺中市清水區,男,戶政事務所抽籤決定_從父姓,0
11507,66000120,臺中市清水區,男,戶政事務所抽籤決定_從母姓,0
11507,66000120,臺中市清水區,男,戶政事務所抽籤決定_傳統姓名,0
11507,66000120,臺中市清水區,男,監護人決定依監護人之姓,0
11507,66000120,臺中市清水區,女,雙方約定_從父姓,12
11507,66000120,臺中市清水區,女,雙方約定_從母姓,0
11507,66000120,臺中市清水區,女,雙方約定_傳統姓名,0
11507,66000120,臺中市清水區,女,一方約定_從父姓,0
11507,66000120,臺中市清水區,女,一方約定_從母姓,0
11507,66000120,臺中市清水區,女,一方約定_傳統姓名,0
11507,66000120,臺中市清水區,女,申請人抽籤決定_從父姓,0
11507,66000120,臺中市清水區,女,申請人抽籤決定_從母姓,0
11507,66000120,臺中市清水區,女,申請人抽籤決定_傳統姓名,0
11507,66000120,臺中市清水區,女,戶政事務所抽籤決定_從父姓,0
11507,66000120,臺中市清水區,女,戶政事務所抽籤決定_從母姓,0
11507,66000120,臺中市清水區,女,戶政事務所抽籤決定_傳統姓名,0
11507,66000120,臺中市清水區,女,監護人決定依監護人之姓,0
11507,66000130,臺中市沙鹿區,男,雙方約定_從父姓,16
11507,66000130,臺中市沙鹿區,男,雙方約定_從母姓,1
11507,66000130,臺中市沙鹿區,男,雙方約定_傳統姓名,0
11507,66000130,臺中市沙鹿區,男,一方約定_從父姓,0
11507,66000130,臺中市沙鹿區,男,一方約定_從母姓,1
11507,66000130,臺中市沙鹿區,男,一方約定_傳統姓名,0
11507,66000130,臺中市沙鹿區,男,申請人抽籤決定_從父姓,0
11507,66000130,臺中市沙鹿區,男,申請人抽籤決定_從母姓,0
11507,66000130,臺中市沙鹿區,男,申請人抽籤決定_傳統姓名,0
11507,66000130,臺中市沙鹿區,男,戶政事務所抽籤決定_從父姓,0
11507,66000130,臺中市沙鹿區,男,戶政事務所抽籤決定_從母姓,0
11507,66000130,臺中市沙鹿區,男,戶政事務所抽籤決定_傳統姓名,0
11507,66000130,臺中市沙鹿區,男,監護人決定依監護人之姓,0
11507,66000130,臺中市沙鹿區,女,雙方約定_從父姓,13
11507,66000130,臺中市沙鹿區,女,雙方約定_從母姓,0
11507,66000130,臺中市沙鹿區,女,雙方約定_傳統姓名,0
11507,66000130,臺中市沙鹿區,女,一方約定_從父姓,0
11507,66000130,臺中市沙鹿區,女,一方約定_從母姓,0
11507,66000130,臺中市沙鹿區,女,一方約定_傳統姓名,0
11507,66000130,臺中市沙鹿區,女,申請人抽籤決定_從父姓,0
11507,66000130,臺中市沙鹿區,女,申請人抽籤決定_從母姓,0
11507,66000130,臺中市沙鹿區,女,申請人抽籤決定_傳統姓名,0
11507,66000130,臺中市沙鹿區,女,戶政事務所抽籤決定_從父姓,0
11507,66000130,臺中市沙鹿區,女,戶政事務所抽籤決定_從母姓,0
11507,66000130,臺中市沙鹿區,女,戶政事務所抽籤決定_傳統姓名,0
11507,66000130,臺中市沙鹿區,女,監護人決定依監護人之姓,0
11507,66000140,臺中市梧棲區,男,雙方約定_從父姓,12
11507,66000140,臺中市梧棲區,男,雙方約定_從母姓,1
11507,66000140,臺中市梧棲區,男,雙方約定_傳統姓名,0
11507,66000140,臺中市梧棲區,男,一方約定_從父姓,0
11507,66000140,臺中市梧棲區,男,一方約定_從母姓,1
11507,66000140,臺中市梧棲區,男,一方約定_傳統姓名,0
11507,66000140,臺中市梧棲區,男,申請人抽籤決定_從父姓,0
11507,66000140,臺中市梧棲區,男,申請人抽籤決定_從母姓,0
11507,66000140,臺中市梧棲區,男,申請人抽籤決定_傳統姓名,0
11507,66000140,臺中市梧棲區,男,戶政事務所抽籤決定_從父姓,0
11507,66000140,臺中市梧棲區,男,戶政事務所抽籤決定_從母姓,0
11507,66000140,臺中市梧棲區,男,戶政事務所抽籤決定_傳統姓名,0
11507,66000140,臺中市梧棲區,男,監護人決定依監護人之姓,0
11507,66000140,臺中市梧棲區,女,雙方約定_從父姓,16
11507,66000140,臺中市梧棲區,女,雙方約定_從母姓,0
11507,66000140,臺中市梧棲區,女,雙方約定_傳統姓名,0
11507,66000140,臺中市梧棲區,女,一方約定_從父姓,0
11507,66000140,臺中市梧棲區,女,一方約定_從母姓,0
11507,66000140,臺中市梧棲區,女,一方約定_傳統姓名,0
11507,66000140,臺中市梧棲區,女,申請人抽籤決定_從父姓,0
11507,66000140,臺中市梧棲區,女,申請人抽籤決定_從母姓,0
11507,66000140,臺中市梧棲區,女,申請人抽籤決定_傳統姓名,0
11507,66000140,臺中市梧棲區,女,戶政事務所抽籤決定_從父姓,0
11507,66000140,臺中市梧棲區,女,戶政事務所抽籤決定_從母姓,0
11507,66000140,臺中市梧棲區,女,戶政事務所抽籤決定_傳統姓名,0
11507,66000140,臺中市梧棲區,女,監護人決定依監護人之姓,0
11507,66000150,臺中市后里區,男,雙方約定_從父姓,11
11507,66000150,臺中市后里區,男,雙方約定_從母姓,0
11507,66000150,臺中市后里區,男,雙方約定_傳統姓名,0
11507,66000150,臺中市后里區,男,一方約定_從父姓,0
11507,66000150,臺中市后里區,男,一方約定_從母姓,1
11507,66000150,臺中市后里區,男,一方約定_傳統姓名,0
11507,66000150,臺中市后里區,男,申請人抽籤決定_從父姓,0
11507,66000150,臺中市后里區,男,申請人抽籤決定_從母姓,0
11507,66000150,臺中市后里區,男,申請人抽籤決定_傳統姓名,0
11507,66000150,臺中市后里區,男,戶政事務所抽籤決定_從父姓,0
11507,66000150,臺中市后里區,男,戶政事務所抽籤決定_從母姓,0
11507,66000150,臺中市后里區,男,戶政事務所抽籤決定_傳統姓名,0
11507,66000150,臺中市后里區,男,監護人決定依監護人之姓,0
11507,66000150,臺中市后里區,女,雙方約定_從父姓,6
11507,66000150,臺中市后里區,女,雙方約定_從母姓,2
11507,66000150,臺中市后里區,女,雙方約定_傳統姓名,0
11507,66000150,臺中市后里區,女,一方約定_從父姓,0
11507,66000150,臺中市后里區,女,一方約定_從母姓,0
11507,66000150,臺中市后里區,女,一方約定_傳統姓名,0
11507,66000150,臺中市后里區,女,申請人抽籤決定_從父姓,0
11507,66000150,臺中市后里區,女,申請人抽籤決定_從母姓,0
11507,66000150,臺中市后里區,女,申請人抽籤決定_傳統姓名,0
11507,66000150,臺中市后里區,女,戶政事務所抽籤決定_從父姓,0
11507,66000150,臺中市后里區,女,戶政事務所抽籤決定_從母姓,0
11507,66000150,臺中市后里區,女,戶政事務所抽籤決定_傳統姓名,0
11507,66000150,臺中市后里區,女,監護人決定依監護人之姓,0
11507,66000160,臺中市神岡區,男,雙方約定_從父姓,8
11507,66000160,臺中市神岡區,男,雙方約定_從母姓,0
11507,66000160,臺中市神岡區,男,雙方約定_傳統姓名,0
11507,66000160,臺中市神岡區,男,一方約定_從父姓,0
11507,66000160,臺中市神岡區,男,一方約定_從母姓,0
11507,66000160,臺中市神岡區,男,一方約定_傳統姓名,0
11507,66000160,臺中市神岡區,男,申請人抽籤決定_從父姓,0
11507,66000160,臺中市神岡區,男,申請人抽籤決定_從母姓,0
11507,66000160,臺中市神岡區,男,申請人抽籤決定_傳統姓名,0
11507,66000160,臺中市神岡區,男,戶政事務所抽籤決定_從父姓,0
11507,66000160,臺中市神岡區,男,戶政事務所抽籤決定_從母姓,0
11507,66000160,臺中市神岡區,男,戶政事務所抽籤決定_傳統姓名,0
11507,66000160,臺中市神岡區,男,監護人決定依監護人之姓,0
11507,66000160,臺中市神岡區,女,雙方約定_從父姓,9
11507,66000160,臺中市神岡區,女,雙方約定_從母姓,0
11507,66000160,臺中市神岡區,女,雙方約定_傳統姓名,0
11507,66000160,臺中市神岡區,女,一方約定_從父姓,0
11507,66000160,臺中市神岡區,女,一方約定_從母姓,0
11507,66000160,臺中市神岡區,女,一方約定_傳統姓名,0
11507,66000160,臺中市神岡區,女,申請人抽籤決定_從父姓,0
11507,66000160,臺中市神岡區,女,申請人抽籤決定_從母姓,0
11507,66000160,臺中市神岡區,女,申請人抽籤決定_傳統姓名,0
11507,66000160,臺中市神岡區,女,戶政事務所抽籤決定_從父姓,0
11507,66000160,臺中市神岡區,女,戶政事務所抽籤決定_從母姓,0
11507,66000160,臺中市神岡區,女,戶政事務所抽籤決定_傳統姓名,0
11507,66000160,臺中市神岡區,女,監護人決定依監護人之姓,0
11507,66000170,臺中市潭子區,男,雙方約定_從父姓,21
11507,66000170,臺中市潭子區,男,雙方約定_從母姓,0
11507,66000170,臺中市潭子區,男,雙方約定_傳統姓名,0
11507,66000170,臺中市潭子區,男,一方約定_從父姓,0
11507,66000170,臺中市潭子區,男,一方約定_從母姓,0
11507,66000170,臺中市潭子區,男,一方約定_傳統姓名,0
11507,66000170,臺中市潭子區,男,申請人抽籤決定_從父姓,0
11507,66000170,臺中市潭子區,男,申請人抽籤決定_從母姓,0
11507,66000170,臺中市潭子區,男,申請人抽籤決定_傳統姓名,0
11507,66000170,臺中市潭子區,男,戶政事務所抽籤決定_從父姓,0
11507,66000170,臺中市潭子區,男,戶政事務所抽籤決定_從母姓,0
11507,66000170,臺中市潭子區,男,戶政事務所抽籤決定_傳統姓名,0
11507,66000170,臺中市潭子區,男,監護人決定依監護人之姓,0
11507,66000170,臺中市潭子區,女,雙方約定_從父姓,14
11507,66000170,臺中市潭子區,女,雙方約定_從母姓,0
11507,66000170,臺中市潭子區,女,雙方約定_傳統姓名,0
11507,66000170,臺中市潭子區,女,一方約定_從父姓,0
11507,66000170,臺中市潭子區,女,一方約定_從母姓,0
11507,66000170,臺中市潭子區,女,一方約定_傳統姓名,0
11507,66000170,臺中市潭子區,女,申請人抽籤決定_從父姓,0
11507,66000170,臺中市潭子區,女,申請人抽籤決定_從母姓,0
11507,66000170,臺中市潭子區,女,申請人抽籤決定_傳統姓名,0
11507,66000170,臺中市潭子區,女,戶政事務所抽籤決定_從父姓,0
11507,66000170,臺中市潭子區,女,戶政事務所抽籤決定_從母姓,0
11507,66000170,臺中市潭子區,女,戶政事務所抽籤決定_傳統姓名,0
11507,66000170,臺中市潭子區,女,監護人決定依監護人之姓,0
11507,66000180,臺中市大雅區,男,雙方約定_從父姓,18
11507,66000180,臺中市大雅區,男,雙方約定_從母姓,0
11507,66000180,臺中市大雅區,男,雙方約定_傳統姓名,0
11507,66000180,臺中市大雅區,男,一方約定_從父姓,0
11507,66000180,臺中市大雅區,男,一方約定_從母姓,2
11507,66000180,臺中市大雅區,男,一方約定_傳統姓名,0
11507,66000180,臺中市大雅區,男,申請人抽籤決定_從父姓,0
11507,66000180,臺中市大雅區,男,申請人抽籤決定_從母姓,0
11507,66000180,臺中市大雅區,男,申請人抽籤決定_傳統姓名,0
11507,66000180,臺中市大雅區,男,戶政事務所抽籤決定_從父姓,0
11507,66000180,臺中市大雅區,男,戶政事務所抽籤決定_從母姓,0
11507,66000180,臺中市大雅區,男,戶政事務所抽籤決定_傳統姓名,0
11507,66000180,臺中市大雅區,男,監護人決定依監護人之姓,0
11507,66000180,臺中市大雅區,女,雙方約定_從父姓,15
11507,66000180,臺中市大雅區,女,雙方約定_從母姓,0
11507,66000180,臺中市大雅區,女,雙方約定_傳統姓名,0
11507,66000180,臺中市大雅區,女,一方約定_從父姓,0
11507,66000180,臺中市大雅區,女,一方約定_從母姓,0
11507,66000180,臺中市大雅區,女,一方約定_傳統姓名,0
11507,66000180,臺中市大雅區,女,申請人抽籤決定_從父姓,0
11507,66000180,臺中市大雅區,女,申請人抽籤決定_從母姓,0
11507,66000180,臺中市大雅區,女,申請人抽籤決定_傳統姓名,0
11507,66000180,臺中市大雅區,女,戶政事務所抽籤決定_從父姓,0
11507,66000180,臺中市大雅區,女,戶政事務所抽籤決定_從母姓,0
11507,66000180,臺中市大雅區,女,戶政事務所抽籤決定_傳統姓名,0
11507,66000180,臺中市大雅區,女,監護人決定依監護人之姓,0
11507,66000190,臺中市新社區,男,雙方約定_從父姓,2
11507,66000190,臺中市新社區,男,雙方約定_從母姓,0
11507,66000190,臺中市新社區,男,雙方約定_傳統姓名,0
11507,66000190,臺中市新社區,男,一方約定_從父姓,0
11507,66000190,臺中市新社區,男,一方約定_從母姓,0
11507,66000190,臺中市新社區,男,一方約定_傳統姓名,0
11507,66000190,臺中市新社區,男,申請人抽籤決定_從父姓,0
11507,66000190,臺中市新社區,男,申請人抽籤決定_從母姓,0
11507,66000190,臺中市新社區,男,申請人抽籤決定_傳統姓名,0
11507,66000190,臺中市新社區,男,戶政事務所抽籤決定_從父姓,0
11507,66000190,臺中市新社區,男,戶政事務所抽籤決定_從母姓,0
11507,66000190,臺中市新社區,男,戶政事務所抽籤決定_傳統姓名,0
11507,66000190,臺中市新社區,男,監護人決定依監護人之姓,0
11507,66000190,臺中市新社區,女,雙方約定_從父姓,5
11507,66000190,臺中市新社區,女,雙方約定_從母姓,0
11507,66000190,臺中市新社區,女,雙方約定_傳統姓名,0
11507,66000190,臺中市新社區,女,一方約定_從父姓,0
11507,66000190,臺中市新社區,女,一方約定_從母姓,0
11507,66000190,臺中市新社區,女,一方約定_傳統姓名,0
11507,66000190,臺中市新社區,女,申請人抽籤決定_從父姓,0
11507,66000190,臺中市新社區,女,申請人抽籤決定_從母姓,0
11507,66000190,臺中市新社區,女,申請人抽籤決定_傳統姓名,0
11507,66000190,臺中市新社區,女,戶政事務所抽籤決定_從父姓,0
11507,66000190,臺中市新社區,女,戶政事務所抽籤決定_從母姓,0
11507,66000190,臺中市新社區,女,戶政事務所抽籤決定_傳統姓名,0
11507,66000190,臺中市新社區,女,監護人決定依監護人之姓,0
11507,66000200,臺中市石岡區,男,雙方約定_從父姓,1
11507,66000200,臺中市石岡區,男,雙方約定_從母姓,0
11507,66000200,臺中市石岡區,男,雙方約定_傳統姓名,0
11507,66000200,臺中市石岡區,男,一方約定_從父姓,0
11507,66000200,臺中市石岡區,男,一方約定_從母姓,1
11507,66000200,臺中市石岡區,男,一方約定_傳統姓名,0
11507,66000200,臺中市石岡區,男,申請人抽籤決定_從父姓,0
11507,66000200,臺中市石岡區,男,申請人抽籤決定_從母姓,0
11507,66000200,臺中市石岡區,男,申請人抽籤決定_傳統姓名,0
11507,66000200,臺中市石岡區,男,戶政事務所抽籤決定_從父姓,0
11507,66000200,臺中市石岡區,男,戶政事務所抽籤決定_從母姓,0
11507,66000200,臺中市石岡區,男,戶政事務所抽籤決定_傳統姓名,0
11507,66000200,臺中市石岡區,男,監護人決定依監護人之姓,0
11507,66000200,臺中市石岡區,女,雙方約定_從父姓,0
11507,66000200,臺中市石岡區,女,雙方約定_從母姓,0
11507,66000200,臺中市石岡區,女,雙方約定_傳統姓名,0
11507,66000200,臺中市石岡區,女,一方約定_從父姓,0
11507,66000200,臺中市石岡區,女,一方約定_從母姓,0
11507,66000200,臺中市石岡區,女,一方約定_傳統姓名,0
11507,66000200,臺中市石岡區,女,申請人抽籤決定_從父姓,0
11507,66000200,臺中市石岡區,女,申請人抽籤決定_從母姓,0
11507,66000200,臺中市石岡區,女,申請人抽籤決定_傳統姓名,0
11507,66000200,臺中市石岡區,女,戶政事務所抽籤決定_從父姓,0
11507,66000200,臺中市石岡區,女,戶政事務所抽籤決定_從母姓,0
11507,66000200,臺中市石岡區,女,戶政事務所抽籤決定_傳統姓名,0
11507,66000200,臺中市石岡區,女,監護人決定依監護人之姓,0
11507,66000210,臺中市外埔區,男,雙方約定_從父姓,3
11507,66000210,臺中市外埔區,男,雙方約定_從母姓,1
11507,66000210,臺中市外埔區,男,雙方約定_傳統姓名,0
11507,66000210,臺中市外埔區,男,一方約定_從父姓,0
11507,66000210,臺中市外埔區,男,一方約定_從母姓,0
11507,66000210,臺中市外埔區,男,一方約定_傳統姓名,0
11507,66000210,臺中市外埔區,男,申請人抽籤決定_從父姓,0
11507,66000210,臺中市外埔區,男,申請人抽籤決定_從母姓,0
11507,66000210,臺中市外埔區,男,申請人抽籤決定_傳統姓名,0
11507,66000210,臺中市外埔區,男,戶政事務所抽籤決定_從父姓,0
11507,66000210,臺中市外埔區,男,戶政事務所抽籤決定_從母姓,0
11507,66000210,臺中市外埔區,男,戶政事務所抽籤決定_傳統姓名,0
11507,66000210,臺中市外埔區,男,監護人決定依監護人之姓,0
11507,66000210,臺中市外埔區,女,雙方約定_從父姓,6
11507,66000210,臺中市外埔區,女,雙方約定_從母姓,0
11507,66000210,臺中市外埔區,女,雙方約定_傳統姓名,0
11507,66000210,臺中市外埔區,女,一方約定_從父姓,0
11507,66000210,臺中市外埔區,女,一方約定_從母姓,1
11507,66000210,臺中市外埔區,女,一方約定_傳統姓名,0
11507,66000210,臺中市外埔區,女,申請人抽籤決定_從父姓,0
11507,66000210,臺中市外埔區,女,申請人抽籤決定_從母姓,0
11507,66000210,臺中市外埔區,女,申請人抽籤決定_傳統姓名,0
11507,66000210,臺中市外埔區,女,戶政事務所抽籤決定_從父姓,0
11507,66000210,臺中市外埔區,女,戶政事務所抽籤決定_從母姓,0
11507,66000210,臺中市外埔區,女,戶政事務所抽籤決定_傳統姓名,0
11507,66000210,臺中市外埔區,女,監護人決定依監護人之姓,0
11507,66000220,臺中市大安區,男,雙方約定_從父姓,3
11507,66000220,臺中市大安區,男,雙方約定_從母姓,0
11507,66000220,臺中市大安區,男,雙方約定_傳統姓名,0
11507,66000220,臺中市大安區,男,一方約定_從父姓,0
11507,66000220,臺中市大安區,男,一方約定_從母姓,0
11507,66000220,臺中市大安區,男,一方約定_傳統姓名,0
11507,66000220,臺中市大安區,男,申請人抽籤決定_從父姓,0
11507,66000220,臺中市大安區,男,申請人抽籤決定_從母姓,0
11507,66000220,臺中市大安區,男,申請人抽籤決定_傳統姓名,0
11507,66000220,臺中市大安區,男,戶政事務所抽籤決定_從父姓,0
11507,66000220,臺中市大安區,男,戶政事務所抽籤決定_從母姓,0
11507,66000220,臺中市大安區,男,戶政事務所抽籤決定_傳統姓名,0
11507,66000220,臺中市大安區,男,監護人決定依監護人之姓,0
11507,66000220,臺中市大安區,女,雙方約定_從父姓,1
11507,66000220,臺中市大安區,女,雙方約定_從母姓,0
11507,66000220,臺中市大安區,女,雙方約定_傳統姓名,0
11507,66000220,臺中市大安區,女,一方約定_從父姓,0
11507,66000220,臺中市大安區,女,一方約定_從母姓,0
11507,66000220,臺中市大安區,女,一方約定_傳統姓名,0
11507,66000220,臺中市大安區,女,申請人抽籤決定_從父姓,0
11507,66000220,臺中市大安區,女,申請人抽籤決定_從母姓,0
11507,66000220,臺中市大安區,女,申請人抽籤決定_傳統姓名,0
11507,66000220,臺中市大安區,女,戶政事務所抽籤決定_從父姓,0
11507,66000220,臺中市大安區,女,戶政事務所抽籤決定_從母姓,0
11507,66000220,臺中市大安區,女,戶政事務所抽籤決定_傳統姓名,0
11507,66000220,臺中市大安區,女,監護人決定依監護人之姓,0
11507,66000230,臺中市烏日區,男,雙方約定_從父姓,19
11507,66000230,臺中市烏日區,男,雙方約定_從母姓,0
11507,66000230,臺中市烏日區,男,雙方約定_傳統姓名,0
11507,66000230,臺中市烏日區,男,一方約定_從父姓,0
11507,66000230,臺中市烏日區,男,一方約定_從母姓,1
11507,66000230,臺中市烏日區,男,一方約定_傳統姓名,0
11507,66000230,臺中市烏日區,男,申請人抽籤決定_從父姓,0
11507,66000230,臺中市烏日區,男,申請人抽籤決定_從母姓,0
11507,66000230,臺中市烏日區,男,申請人抽籤決定_傳統姓名,0
11507,66000230,臺中市烏日區,男,戶政事務所抽籤決定_從父姓,0
11507,66000230,臺中市烏日區,男,戶政事務所抽籤決定_從母姓,0
11507,66000230,臺中市烏日區,男,戶政事務所抽籤決定_傳統姓名,0
11507,66000230,臺中市烏日區,男,監護人決定依監護人之姓,0
11507,66000230,臺中市烏日區,女,雙方約定_從父姓,16
11507,66000230,臺中市烏日區,女,雙方約定_從母姓,1
11507,66000230,臺中市烏日區,女,雙方約定_傳統姓名,0
11507,66000230,臺中市烏日區,女,一方約定_從父姓,0
11507,66000230,臺中市烏日區,女,一方約定_從母姓,1
11507,66000230,臺中市烏日區,女,一方約定_傳統姓名,0
11507,66000230,臺中市烏日區,女,申請人抽籤決定_從父姓,0
11507,66000230,臺中市烏日區,女,申請人抽籤決定_從母姓,0
11507,66000230,臺中市烏日區,女,申請人抽籤決定_傳統姓名,0
11507,66000230,臺中市烏日區,女,戶政事務所抽籤決定_從父姓,0
11507,66000230,臺中市烏日區,女,戶政事務所抽籤決定_從母姓,0
11507,66000230,臺中市烏日區,女,戶政事務所抽籤決定_傳統姓名,0
11507,66000230,臺中市烏日區,女,監護人決定依監護人之姓,0
11507,66000240,臺中市大肚區,男,雙方約定_從父姓,12
11507,66000240,臺中市大肚區,男,雙方約定_從母姓,0
11507,66000240,臺中市大肚區,男,雙方約定_傳統姓名,0
11507,66000240,臺中市大肚區,男,一方約定_從父姓,0
11507,66000240,臺中市大肚區,男,一方約定_從母姓,0
11507,66000240,臺中市大肚區,男,一方約定_傳統姓名,0
11507,66000240,臺中市大肚區,男,申請人抽籤決定_從父姓,0
11507,66000240,臺中市大肚區,男,申請人抽籤決定_從母姓,0
11507,66000240,臺中市大肚區,男,申請人抽籤決定_傳統姓名,0
11507,66000240,臺中市大肚區,男,戶政事務所抽籤決定_從父姓,0
11507,66000240,臺中市大肚區,男,戶政事務所抽籤決定_從母姓,0
11507,66000240,臺中市大肚區,男,戶政事務所抽籤決定_傳統姓名,0
11507,66000240,臺中市大肚區,男,監護人決定依監護人之姓,0
11507,66000240,臺中市大肚區,女,雙方約定_從父姓,9
11507,66000240,臺中市大肚區,女,雙方約定_從母姓,0
11507,66000240,臺中市大肚區,女,雙方約定_傳統姓名,0
11507,66000240,臺中市大肚區,女,一方約定_從父姓,0
11507,66000240,臺中市大肚區,女,一方約定_從母姓,0
11507,66000240,臺中市大肚區,女,一方約定_傳統姓名,0
11507,66000240,臺中市大肚區,女,申請人抽籤決定_從父姓,0
11507,66000240,臺中市大肚區,女,申請人抽籤決定_從母姓,0
11507,66000240,臺中市大肚區,女,申請人抽籤決定_傳統姓名,0
11507,66000240,臺中市大肚區,女,戶政事務所抽籤決定_從父姓,0
11507,66000240,臺中市大肚區,女,戶政事務所抽籤決定_從母姓,0
11507,66000240,臺中市大肚區,女,戶政事務所抽籤決定_傳統姓名,0
11507,66000240,臺中市大肚區,女,監護人決定依監護人之姓,0
11507,66000250,臺中市龍井區,男,雙方約定_從父姓,20
11507,66000250,臺中市龍井區,男,雙方約定_從母姓,1
11507,66000250,臺中市龍井區,男,雙方約定_傳統姓名,0
11507,66000250,臺中市龍井區,男,一方約定_從父姓,0
11507,66000250,臺中市龍井區,男,一方約定_從母姓,0
11507,66000250,臺中市龍井區,男,一方約定_傳統姓名,0
11507,66000250,臺中市龍井區,男,申請人抽籤決定_從父姓,0
11507,66000250,臺中市龍井區,男,申請人抽籤決定_從母姓,0
11507,66000250,臺中市龍井區,男,申請人抽籤決定_傳統姓名,0
11507,66000250,臺中市龍井區,男,戶政事務所抽籤決定_從父姓,0
11507,66000250,臺中市龍井區,男,戶政事務所抽籤決定_從母姓,0
11507,66000250,臺中市龍井區,男,戶政事務所抽籤決定_傳統姓名,0
11507,66000250,臺中市龍井區,男,監護人決定依監護人之姓,0
11507,66000250,臺中市龍井區,女,雙方約定_從父姓,14
11507,66000250,臺中市龍井區,女,雙方約定_從母姓,0
11507,66000250,臺中市龍井區,女,雙方約定_傳統姓名,0
11507,66000250,臺中市龍井區,女,一方約定_從父姓,0
11507,66000250,臺中市龍井區,女,一方約定_從母姓,0
11507,66000250,臺中市龍井區,女,一方約定_傳統姓名,0
11507,66000250,臺中市龍井區,女,申請人抽籤決定_從父姓,0
11507,66000250,臺中市龍井區,女,申請人抽籤決定_從母姓,0
11507,66000250,臺中市龍井區,女,申請人抽籤決定_傳統姓名,0
11507,66000250,臺中市龍井區,女,戶政事務所抽籤決定_從父姓,0
11507,66000250,臺中市龍井區,女,戶政事務所抽籤決定_從母姓,0
11507,66000250,臺中市龍井區,女,戶政事務所抽籤決定_傳統姓名,0
11507,66000250,臺中市龍井區,女,監護人決定依監護人之姓,0
11507,66000260,臺中市霧峰區,男,雙方約定_從父姓,9
11507,66000260,臺中市霧峰區,男,雙方約定_從母姓,0
11507,66000260,臺中市霧峰區,男,雙方約定_傳統姓名,0
11507,66000260,臺中市霧峰區,男,一方約定_從父姓,0
11507,66000260,臺中市霧峰區,男,一方約定_從母姓,0
11507,66000260,臺中市霧峰區,男,一方約定_傳統姓名,0
11507,66000260,臺中市霧峰區,男,申請人抽籤決定_從父姓,0
11507,66000260,臺中市霧峰區,男,申請人抽籤決定_從母姓,0
11507,66000260,臺中市霧峰區,男,申請人抽籤決定_傳統姓名,0
11507,66000260,臺中市霧峰區,男,戶政事務所抽籤決定_從父姓,0
11507,66000260,臺中市霧峰區,男,戶政事務所抽籤決定_從母姓,0
11507,66000260,臺中市霧峰區,男,戶政事務所抽籤決定_傳統姓名,0
11507,66000260,臺中市霧峰區,男,監護人決定依監護人之姓,0
11507,66000260,臺中市霧峰區,女,雙方約定_從父姓,10
11507,66000260,臺中市霧峰區,女,雙方約定_從母姓,0
11507,66000260,臺中市霧峰區,女,雙方約定_傳統姓名,0
11507,66000260,臺中市霧峰區,女,一方約定_從父姓,0
11507,66000260,臺中市霧峰區,女,一方約定_從母姓,0
11507,66000260,臺中市霧峰區,女,一方約定_傳統姓名,0
11507,66000260,臺中市霧峰區,女,申請人抽籤決定_從父姓,0
11507,66000260,臺中市霧峰區,女,申請人抽籤決定_從母姓,0
11507,66000260,臺中市霧峰區,女,申請人抽籤決定_傳統姓名,0
11507,66000260,臺中市霧峰區,女,戶政事務所抽籤決定_從父姓,0
11507,66000260,臺中市霧峰區,女,戶政事務所抽籤決定_從母姓,0
11507,66000260,臺中市霧峰區,女,戶政事務所抽籤決定_傳統姓名,0
11507,66000260,臺中市霧峰區,女,監護人決定依監護人之姓,0
11507,66000270,臺中市太平區,男,雙方約定_從父姓,29
11507,66000270,臺中市太平區,男,雙方約定_從母姓,1
11507,66000270,臺中市太平區,男,雙方約定_傳統姓名,0
11507,66000270,臺中市太平區,男,一方約定_從父姓,0
11507,66000270,臺中市太平區,男,一方約定_從母姓,2
11507,66000270,臺中市太平區,男,一方約定_傳統姓名,0
11507,66000270,臺中市太平區,男,申請人抽籤決定_從父姓,0
11507,66000270,臺中市太平區,男,申請人抽籤決定_從母姓,0
11507,66000270,臺中市太平區,男,申請人抽籤決定_傳統姓名,0
11507,66000270,臺中市太平區,男,戶政事務所抽籤決定_從父姓,0
11507,66000270,臺中市太平區,男,戶政事務所抽籤決定_從母姓,0
11507,66000270,臺中市太平區,男,戶政事務所抽籤決定_傳統姓名,0
11507,66000270,臺中市太平區,男,監護人決定依監護人之姓,0
11507,66000270,臺中市太平區,女,雙方約定_從父姓,23
11507,66000270,臺中市太平區,女,雙方約定_從母姓,1
11507,66000270,臺中市太平區,女,雙方約定_傳統姓名,0
11507,66000270,臺中市太平區,女,一方約定_從父姓,0
11507,66000270,臺中市太平區,女,一方約定_從母姓,0
11507,66000270,臺中市太平區,女,一方約定_傳統姓名,0
11507,66000270,臺中市太平區,女,申請人抽籤決定_從父姓,0
11507,66000270,臺中市太平區,女,申請人抽籤決定_從母姓,0
11507,66000270,臺中市太平區,女,申請人抽籤決定_傳統姓名,0
11507,66000270,臺中市太平區,女,戶政事務所抽籤決定_從父姓,0
11507,66000270,臺中市太平區,女,戶政事務所抽籤決定_從母姓,0
11507,66000270,臺中市太平區,女,戶政事務所抽籤決定_傳統姓名,0
11507,66000270,臺中市太平區,女,監護人決定依監護人之姓,0
11507,66000280,臺中市大里區,男,雙方約定_從父姓,35
11507,66000280,臺中市大里區,男,雙方約定_從母姓,3
11507,66000280,臺中市大里區,男,雙方約定_傳統姓名,0
11507,66000280,臺中市大里區,男,一方約定_從父姓,0
11507,66000280,臺中市大里區,男,一方約定_從母姓,1
11507,66000280,臺中市大里區,男,一方約定_傳統姓名,0
11507,66000280,臺中市大里區,男,申請人抽籤決定_從父姓,0
11507,66000280,臺中市大里區,男,申請人抽籤決定_從母姓,0
11507,66000280,臺中市大里區,男,申請人抽籤決定_傳統姓名,0
11507,66000280,臺中市大里區,男,戶政事務所抽籤決定_從父姓,0
11507,66000280,臺中市大里區,男,戶政事務所抽籤決定_從母姓,0
11507,66000280,臺中市大里區,男,戶政事務所抽籤決定_傳統姓名,0
11507,66000280,臺中市大里區,男,監護人決定依監護人之姓,0
11507,66000280,臺中市大里區,女,雙方約定_從父姓,30
11507,66000280,臺中市大里區,女,雙方約定_從母姓,2
11507,66000280,臺中市大里區,女,雙方約定_傳統姓名,0
11507,66000280,臺中市大里區,女,一方約定_從父姓,0
11507,66000280,臺中市大里區,女,一方約定_從母姓,2
11507,66000280,臺中市大里區,女,一方約定_傳統姓名,0
11507,66000280,臺中市大里區,女,申請人抽籤決定_從父姓,0
11507,66000280,臺中市大里區,女,申請人抽籤決定_從母姓,0
11507,66000280,臺中市大里區,女,申請人抽籤決定_傳統姓名,0
11507,66000280,臺中市大里區,女,戶政事務所抽籤決定_從父姓,0
11507,66000280,臺中市大里區,女,戶政事務所抽籤決定_從母姓,0
11507,66000280,臺中市大里區,女,戶政事務所抽籤決定_傳統姓名,0
11507,66000280,臺中市大里區,女,監護人決定依監護人之姓,0
11507,66000290,臺中市和平區,男,雙方約定_從父姓,1
11507,66000290,臺中市和平區,男,雙方約定_從母姓,0
11507,66000290,臺中市和平區,男,雙方約定_傳統姓名,0
11507,66000290,臺中市和平區,男,一方約定_從父姓,0
11507,66000290,臺中市和平區,男,一方約定_從母姓,1
11507,66000290,臺中市和平區,男,一方約定_傳統姓名,0
11507,66000290,臺中市和平區,男,申請人抽籤決定_從父姓,0
11507,66000290,臺中市和平區,男,申請人抽籤決定_從母姓,0
11507,66000290,臺中市和平區,男,申請人抽籤決定_傳統姓名,0
11507,66000290,臺中市和平區,男,戶政事務所抽籤決定_從父姓,0
11507,66000290,臺中市和平區,男,戶政事務所抽籤決定_從母姓,0
11507,66000290,臺中市和平區,男,戶政事務所抽籤決定_傳統姓名,0
11507,66000290,臺中市和平區,男,監護人決定依監護人之姓,0
11507,66000290,臺中市和平區,女,雙方約定_從父姓,1
11507,66000290,臺中市和平區,女,雙方約定_從母姓,0
11507,66000290,臺中市和平區,女,雙方約定_傳統姓名,0
11507,66000290,臺中市和平區,女,一方約定_從父姓,0
11507,66000290,臺中市和平區,女,一方約定_從母姓,0
11507,66000290,臺中市和平區,女,一方約定_傳統姓名,0
11507,66000290,臺中市和平區,女,申請人抽籤決定_從父姓,0
11507,66000290,臺中市和平區,女,申請人抽籤決定_從母姓,0
11507,66000290,臺中市和平區,女,申請人抽籤決定_傳統姓名,0
11507,66000290,臺中市和平區,女,戶政事務所抽籤決定_從父姓,0
11507,66000290,臺中市和平區,女,戶政事務所抽籤決定_從母姓,0
11507,66000290,臺中市和平區,女,戶政事務所抽籤決定_傳統姓名,0
11507,66000290,臺中市和平區,女,監護人決定依監護人之姓,0
11507,67000010,臺南市新營區,男,雙方約定_從父姓,6
11507,67000010,臺南市新營區,男,雙方約定_從母姓,1
11507,67000010,臺南市新營區,男,雙方約定_傳統姓名,0
11507,67000010,臺南市新營區,男,一方約定_從父姓,0
11507,67000010,臺南市新營區,男,一方約定_從母姓,0
11507,67000010,臺南市新營區,男,一方約定_傳統姓名,0
11507,67000010,臺南市新營區,男,申請人抽籤決定_從父姓,0
11507,67000010,臺南市新營區,男,申請人抽籤決定_從母姓,0
11507,67000010,臺南市新營區,男,申請人抽籤決定_傳統姓名,0
11507,67000010,臺南市新營區,男,戶政事務所抽籤決定_從父姓,0
11507,67000010,臺南市新營區,男,戶政事務所抽籤決定_從母姓,0
11507,67000010,臺南市新營區,男,戶政事務所抽籤決定_傳統姓名,0
11507,67000010,臺南市新營區,男,監護人決定依監護人之姓,0
11507,67000010,臺南市新營區,女,雙方約定_從父姓,9
11507,67000010,臺南市新營區,女,雙方約定_從母姓,1
11507,67000010,臺南市新營區,女,雙方約定_傳統姓名,0
11507,67000010,臺南市新營區,女,一方約定_從父姓,0
11507,67000010,臺南市新營區,女,一方約定_從母姓,0
11507,67000010,臺南市新營區,女,一方約定_傳統姓名,0
11507,67000010,臺南市新營區,女,申請人抽籤決定_從父姓,0
11507,67000010,臺南市新營區,女,申請人抽籤決定_從母姓,0
11507,67000010,臺南市新營區,女,申請人抽籤決定_傳統姓名,0
11507,67000010,臺南市新營區,女,戶政事務所抽籤決定_從父姓,0
11507,67000010,臺南市新營區,女,戶政事務所抽籤決定_從母姓,0
11507,67000010,臺南市新營區,女,戶政事務所抽籤決定_傳統姓名,0
11507,67000010,臺南市新營區,女,監護人決定依監護人之姓,0
11507,67000020,臺南市鹽水區,男,雙方約定_從父姓,5
11507,67000020,臺南市鹽水區,男,雙方約定_從母姓,0
11507,67000020,臺南市鹽水區,男,雙方約定_傳統姓名,0
11507,67000020,臺南市鹽水區,男,一方約定_從父姓,0
11507,67000020,臺南市鹽水區,男,一方約定_從母姓,0
11507,67000020,臺南市鹽水區,男,一方約定_傳統姓名,0
11507,67000020,臺南市鹽水區,男,申請人抽籤決定_從父姓,0
11507,67000020,臺南市鹽水區,男,申請人抽籤決定_從母姓,0
11507,67000020,臺南市鹽水區,男,申請人抽籤決定_傳統姓名,0
11507,67000020,臺南市鹽水區,男,戶政事務所抽籤決定_從父姓,0
11507,67000020,臺南市鹽水區,男,戶政事務所抽籤決定_從母姓,0
11507,67000020,臺南市鹽水區,男,戶政事務所抽籤決定_傳統姓名,0
11507,67000020,臺南市鹽水區,男,監護人決定依監護人之姓,0
11507,67000020,臺南市鹽水區,女,雙方約定_從父姓,0
11507,67000020,臺南市鹽水區,女,雙方約定_從母姓,0
11507,67000020,臺南市鹽水區,女,雙方約定_傳統姓名,0
11507,67000020,臺南市鹽水區,女,一方約定_從父姓,0
11507,67000020,臺南市鹽水區,女,一方約定_從母姓,0
11507,67000020,臺南市鹽水區,女,一方約定_傳統姓名,0
11507,67000020,臺南市鹽水區,女,申請人抽籤決定_從父姓,1
11507,67000020,臺南市鹽水區,女,申請人抽籤決定_從母姓,0
11507,67000020,臺南市鹽水區,女,申請人抽籤決定_傳統姓名,0
11507,67000020,臺南市鹽水區,女,戶政事務所抽籤決定_從父姓,0
11507,67000020,臺南市鹽水區,女,戶政事務所抽籤決定_從母姓,0
11507,67000020,臺南市鹽水區,女,戶政事務所抽籤決定_傳統姓名,0
11507,67000020,臺南市鹽水區,女,監護人決定依監護人之姓,0
11507,67000030,臺南市白河區,男,雙方約定_從父姓,4
11507,67000030,臺南市白河區,男,雙方約定_從母姓,0
11507,67000030,臺南市白河區,男,雙方約定_傳統姓名,0
11507,67000030,臺南市白河區,男,一方約定_從父姓,0
11507,67000030,臺南市白河區,男,一方約定_從母姓,0
11507,67000030,臺南市白河區,男,一方約定_傳統姓名,0
11507,67000030,臺南市白河區,男,申請人抽籤決定_從父姓,0
11507,67000030,臺南市白河區,男,申請人抽籤決定_從母姓,1
11507,67000030,臺南市白河區,男,申請人抽籤決定_傳統姓名,0
11507,67000030,臺南市白河區,男,戶政事務所抽籤決定_從父姓,0
11507,67000030,臺南市白河區,男,戶政事務所抽籤決定_從母姓,0
11507,67000030,臺南市白河區,男,戶政事務所抽籤決定_傳統姓名,0
11507,67000030,臺南市白河區,男,監護人決定依監護人之姓,0
11507,67000030,臺南市白河區,女,雙方約定_從父姓,4
11507,67000030,臺南市白河區,女,雙方約定_從母姓,0
11507,67000030,臺南市白河區,女,雙方約定_傳統姓名,0
11507,67000030,臺南市白河區,女,一方約定_從父姓,0
11507,67000030,臺南市白河區,女,一方約定_從母姓,0
11507,67000030,臺南市白河區,女,一方約定_傳統姓名,0
11507,67000030,臺南市白河區,女,申請人抽籤決定_從父姓,0
11507,67000030,臺南市白河區,女,申請人抽籤決定_從母姓,0
11507,67000030,臺南市白河區,女,申請人抽籤決定_傳統姓名,0
11507,67000030,臺南市白河區,女,戶政事務所抽籤決定_從父姓,0
11507,67000030,臺南市白河區,女,戶政事務所抽籤決定_從母姓,0
11507,67000030,臺南市白河區,女,戶政事務所抽籤決定_傳統姓名,0
11507,67000030,臺南市白河區,女,監護人決定依監護人之姓,0
11507,67000040,臺南市柳營區,男,雙方約定_從父姓,4
11507,67000040,臺南市柳營區,男,雙方約定_從母姓,0
11507,67000040,臺南市柳營區,男,雙方約定_傳統姓名,0
11507,67000040,臺南市柳營區,男,一方約定_從父姓,0
11507,67000040,臺南市柳營區,男,一方約定_從母姓,0
11507,67000040,臺南市柳營區,男,一方約定_傳統姓名,0
11507,67000040,臺南市柳營區,男,申請人抽籤決定_從父姓,0
11507,67000040,臺南市柳營區,男,申請人抽籤決定_從母姓,0
11507,67000040,臺南市柳營區,男,申請人抽籤決定_傳統姓名,0
11507,67000040,臺南市柳營區,男,戶政事務所抽籤決定_從父姓,0
11507,67000040,臺南市柳營區,男,戶政事務所抽籤決定_從母姓,0
11507,67000040,臺南市柳營區,男,戶政事務所抽籤決定_傳統姓名,0
11507,67000040,臺南市柳營區,男,監護人決定依監護人之姓,0
11507,67000040,臺南市柳營區,女,雙方約定_從父姓,1
11507,67000040,臺南市柳營區,女,雙方約定_從母姓,0
11507,67000040,臺南市柳營區,女,雙方約定_傳統姓名,0
11507,67000040,臺南市柳營區,女,一方約定_從父姓,0
11507,67000040,臺南市柳營區,女,一方約定_從母姓,0
11507,67000040,臺南市柳營區,女,一方約定_傳統姓名,0
11507,67000040,臺南市柳營區,女,申請人抽籤決定_從父姓,0
11507,67000040,臺南市柳營區,女,申請人抽籤決定_從母姓,0
11507,67000040,臺南市柳營區,女,申請人抽籤決定_傳統姓名,0
11507,67000040,臺南市柳營區,女,戶政事務所抽籤決定_從父姓,0
11507,67000040,臺南市柳營區,女,戶政事務所抽籤決定_從母姓,0
11507,67000040,臺南市柳營區,女,戶政事務所抽籤決定_傳統姓名,0
11507,67000040,臺南市柳營區,女,監護人決定依監護人之姓,0
11507,67000050,臺南市後壁區,男,雙方約定_從父姓,1
11507,67000050,臺南市後壁區,男,雙方約定_從母姓,0
11507,67000050,臺南市後壁區,男,雙方約定_傳統姓名,0
11507,67000050,臺南市後壁區,男,一方約定_從父姓,0
11507,67000050,臺南市後壁區,男,一方約定_從母姓,0
11507,67000050,臺南市後壁區,男,一方約定_傳統姓名,0
11507,67000050,臺南市後壁區,男,申請人抽籤決定_從父姓,0
11507,67000050,臺南市後壁區,男,申請人抽籤決定_從母姓,0
11507,67000050,臺南市後壁區,男,申請人抽籤決定_傳統姓名,0
11507,67000050,臺南市後壁區,男,戶政事務所抽籤決定_從父姓,0
11507,67000050,臺南市後壁區,男,戶政事務所抽籤決定_從母姓,0
11507,67000050,臺南市後壁區,男,戶政事務所抽籤決定_傳統姓名,0
11507,67000050,臺南市後壁區,男,監護人決定依監護人之姓,0
11507,67000050,臺南市後壁區,女,雙方約定_從父姓,1
11507,67000050,臺南市後壁區,女,雙方約定_從母姓,0
11507,67000050,臺南市後壁區,女,雙方約定_傳統姓名,0
11507,67000050,臺南市後壁區,女,一方約定_從父姓,0
11507,67000050,臺南市後壁區,女,一方約定_從母姓,0
11507,67000050,臺南市後壁區,女,一方約定_傳統姓名,0
11507,67000050,臺南市後壁區,女,申請人抽籤決定_從父姓,0
11507,67000050,臺南市後壁區,女,申請人抽籤決定_從母姓,0
11507,67000050,臺南市後壁區,女,申請人抽籤決定_傳統姓名,0
11507,67000050,臺南市後壁區,女,戶政事務所抽籤決定_從父姓,0
11507,67000050,臺南市後壁區,女,戶政事務所抽籤決定_從母姓,0
11507,67000050,臺南市後壁區,女,戶政事務所抽籤決定_傳統姓名,0
11507,67000050,臺南市後壁區,女,監護人決定依監護人之姓,0
11507,67000060,臺南市東山區,男,雙方約定_從父姓,0
11507,67000060,臺南市東山區,男,雙方約定_從母姓,0
11507,67000060,臺南市東山區,男,雙方約定_傳統姓名,0
11507,67000060,臺南市東山區,男,一方約定_從父姓,0
11507,67000060,臺南市東山區,男,一方約定_從母姓,0
11507,67000060,臺南市東山區,男,一方約定_傳統姓名,0
11507,67000060,臺南市東山區,男,申請人抽籤決定_從父姓,0
11507,67000060,臺南市東山區,男,申請人抽籤決定_從母姓,0
11507,67000060,臺南市東山區,男,申請人抽籤決定_傳統姓名,0
11507,67000060,臺南市東山區,男,戶政事務所抽籤決定_從父姓,0
11507,67000060,臺南市東山區,男,戶政事務所抽籤決定_從母姓,0
11507,67000060,臺南市東山區,男,戶政事務所抽籤決定_傳統姓名,0
11507,67000060,臺南市東山區,男,監護人決定依監護人之姓,0
11507,67000060,臺南市東山區,女,雙方約定_從父姓,3
11507,67000060,臺南市東山區,女,雙方約定_從母姓,0
11507,67000060,臺南市東山區,女,雙方約定_傳統姓名,0
11507,67000060,臺南市東山區,女,一方約定_從父姓,0
11507,67000060,臺南市東山區,女,一方約定_從母姓,0
11507,67000060,臺南市東山區,女,一方約定_傳統姓名,0
11507,67000060,臺南市東山區,女,申請人抽籤決定_從父姓,0
11507,67000060,臺南市東山區,女,申請人抽籤決定_從母姓,0
11507,67000060,臺南市東山區,女,申請人抽籤決定_傳統姓名,0
11507,67000060,臺南市東山區,女,戶政事務所抽籤決定_從父姓,0
11507,67000060,臺南市東山區,女,戶政事務所抽籤決定_從母姓,0
11507,67000060,臺南市東山區,女,戶政事務所抽籤決定_傳統姓名,0
11507,67000060,臺南市東山區,女,監護人決定依監護人之姓,0
11507,67000070,臺南市麻豆區,男,雙方約定_從父姓,9
11507,67000070,臺南市麻豆區,男,雙方約定_從母姓,0
11507,67000070,臺南市麻豆區,男,雙方約定_傳統姓名,0
11507,67000070,臺南市麻豆區,男,一方約定_從父姓,0
11507,67000070,臺南市麻豆區,男,一方約定_從母姓,0
11507,67000070,臺南市麻豆區,男,一方約定_傳統姓名,0
11507,67000070,臺南市麻豆區,男,申請人抽籤決定_從父姓,0
11507,67000070,臺南市麻豆區,男,申請人抽籤決定_從母姓,0
11507,67000070,臺南市麻豆區,男,申請人抽籤決定_傳統姓名,0
11507,67000070,臺南市麻豆區,男,戶政事務所抽籤決定_從父姓,0
11507,67000070,臺南市麻豆區,男,戶政事務所抽籤決定_從母姓,0
11507,67000070,臺南市麻豆區,男,戶政事務所抽籤決定_傳統姓名,0
11507,67000070,臺南市麻豆區,男,監護人決定依監護人之姓,0
11507,67000070,臺南市麻豆區,女,雙方約定_從父姓,12
11507,67000070,臺南市麻豆區,女,雙方約定_從母姓,0
11507,67000070,臺南市麻豆區,女,雙方約定_傳統姓名,0
11507,67000070,臺南市麻豆區,女,一方約定_從父姓,0
11507,67000070,臺南市麻豆區,女,一方約定_從母姓,0
11507,67000070,臺南市麻豆區,女,一方約定_傳統姓名,0
11507,67000070,臺南市麻豆區,女,申請人抽籤決定_從父姓,0
11507,67000070,臺南市麻豆區,女,申請人抽籤決定_從母姓,0
11507,67000070,臺南市麻豆區,女,申請人抽籤決定_傳統姓名,0
11507,67000070,臺南市麻豆區,女,戶政事務所抽籤決定_從父姓,0
11507,67000070,臺南市麻豆區,女,戶政事務所抽籤決定_從母姓,0
11507,67000070,臺南市麻豆區,女,戶政事務所抽籤決定_傳統姓名,0
11507,67000070,臺南市麻豆區,女,監護人決定依監護人之姓,0
11507,67000080,臺南市下營區,男,雙方約定_從父姓,5
11507,67000080,臺南市下營區,男,雙方約定_從母姓,0
11507,67000080,臺南市下營區,男,雙方約定_傳統姓名,0
11507,67000080,臺南市下營區,男,一方約定_從父姓,0
11507,67000080,臺南市下營區,男,一方約定_從母姓,0
11507,67000080,臺南市下營區,男,一方約定_傳統姓名,0
11507,67000080,臺南市下營區,男,申請人抽籤決定_從父姓,0
11507,67000080,臺南市下營區,男,申請人抽籤決定_從母姓,0
11507,67000080,臺南市下營區,男,申請人抽籤決定_傳統姓名,0
11507,67000080,臺南市下營區,男,戶政事務所抽籤決定_從父姓,0
11507,67000080,臺南市下營區,男,戶政事務所抽籤決定_從母姓,0
11507,67000080,臺南市下營區,男,戶政事務所抽籤決定_傳統姓名,0
11507,67000080,臺南市下營區,男,監護人決定依監護人之姓,0
11507,67000080,臺南市下營區,女,雙方約定_從父姓,5
11507,67000080,臺南市下營區,女,雙方約定_從母姓,0
11507,67000080,臺南市下營區,女,雙方約定_傳統姓名,0
11507,67000080,臺南市下營區,女,一方約定_從父姓,0
11507,67000080,臺南市下營區,女,一方約定_從母姓,1
11507,67000080,臺南市下營區,女,一方約定_傳統姓名,0
11507,67000080,臺南市下營區,女,申請人抽籤決定_從父姓,0
11507,67000080,臺南市下營區,女,申請人抽籤決定_從母姓,0
11507,67000080,臺南市下營區,女,申請人抽籤決定_傳統姓名,0
11507,67000080,臺南市下營區,女,戶政事務所抽籤決定_從父姓,0
11507,67000080,臺南市下營區,女,戶政事務所抽籤決定_從母姓,0
11507,67000080,臺南市下營區,女,戶政事務所抽籤決定_傳統姓名,0
11507,67000080,臺南市下營區,女,監護人決定依監護人之姓,0
11507,67000090,臺南市六甲區,男,雙方約定_從父姓,1
11507,67000090,臺南市六甲區,男,雙方約定_從母姓,0
11507,67000090,臺南市六甲區,男,雙方約定_傳統姓名,0
11507,67000090,臺南市六甲區,男,一方約定_從父姓,0
11507,67000090,臺南市六甲區,男,一方約定_從母姓,0
11507,67000090,臺南市六甲區,男,一方約定_傳統姓名,0
11507,67000090,臺南市六甲區,男,申請人抽籤決定_從父姓,0
11507,67000090,臺南市六甲區,男,申請人抽籤決定_從母姓,0
11507,67000090,臺南市六甲區,男,申請人抽籤決定_傳統姓名,0
11507,67000090,臺南市六甲區,男,戶政事務所抽籤決定_從父姓,0
11507,67000090,臺南市六甲區,男,戶政事務所抽籤決定_從母姓,0
11507,67000090,臺南市六甲區,男,戶政事務所抽籤決定_傳統姓名,0
11507,67000090,臺南市六甲區,男,監護人決定依監護人之姓,0
11507,67000090,臺南市六甲區,女,雙方約定_從父姓,1
11507,67000090,臺南市六甲區,女,雙方約定_從母姓,0
11507,67000090,臺南市六甲區,女,雙方約定_傳統姓名,0
11507,67000090,臺南市六甲區,女,一方約定_從父姓,0
11507,67000090,臺南市六甲區,女,一方約定_從母姓,0
11507,67000090,臺南市六甲區,女,一方約定_傳統姓名,0
11507,67000090,臺南市六甲區,女,申請人抽籤決定_從父姓,0
11507,67000090,臺南市六甲區,女,申請人抽籤決定_從母姓,0
11507,67000090,臺南市六甲區,女,申請人抽籤決定_傳統姓名,0
11507,67000090,臺南市六甲區,女,戶政事務所抽籤決定_從父姓,0
11507,67000090,臺南市六甲區,女,戶政事務所抽籤決定_從母姓,0
11507,67000090,臺南市六甲區,女,戶政事務所抽籤決定_傳統姓名,0
11507,67000090,臺南市六甲區,女,監護人決定依監護人之姓,0
11507,67000100,臺南市官田區,男,雙方約定_從父姓,5
11507,67000100,臺南市官田區,男,雙方約定_從母姓,0
11507,67000100,臺南市官田區,男,雙方約定_傳統姓名,0
11507,67000100,臺南市官田區,男,一方約定_從父姓,0
11507,67000100,臺南市官田區,男,一方約定_從母姓,0
11507,67000100,臺南市官田區,男,一方約定_傳統姓名,0
11507,67000100,臺南市官田區,男,申請人抽籤決定_從父姓,0
11507,67000100,臺南市官田區,男,申請人抽籤決定_從母姓,0
11507,67000100,臺南市官田區,男,申請人抽籤決定_傳統姓名,0
11507,67000100,臺南市官田區,男,戶政事務所抽籤決定_從父姓,0
11507,67000100,臺南市官田區,男,戶政事務所抽籤決定_從母姓,0
11507,67000100,臺南市官田區,男,戶政事務所抽籤決定_傳統姓名,0
11507,67000100,臺南市官田區,男,監護人決定依監護人之姓,0
11507,67000100,臺南市官田區,女,雙方約定_從父姓,5
11507,67000100,臺南市官田區,女,雙方約定_從母姓,0
11507,67000100,臺南市官田區,女,雙方約定_傳統姓名,0
11507,67000100,臺南市官田區,女,一方約定_從父姓,0
11507,67000100,臺南市官田區,女,一方約定_從母姓,0
11507,67000100,臺南市官田區,女,一方約定_傳統姓名,0
11507,67000100,臺南市官田區,女,申請人抽籤決定_從父姓,0
11507,67000100,臺南市官田區,女,申請人抽籤決定_從母姓,0
11507,67000100,臺南市官田區,女,申請人抽籤決定_傳統姓名,0
11507,67000100,臺南市官田區,女,戶政事務所抽籤決定_從父姓,0
11507,67000100,臺南市官田區,女,戶政事務所抽籤決定_從母姓,0
11507,67000100,臺南市官田區,女,戶政事務所抽籤決定_傳統姓名,0
11507,67000100,臺南市官田區,女,監護人決定依監護人之姓,0
11507,67000110,臺南市大內區,男,雙方約定_從父姓,0
11507,67000110,臺南市大內區,男,雙方約定_從母姓,0
11507,67000110,臺南市大內區,男,雙方約定_傳統姓名,0
11507,67000110,臺南市大內區,男,一方約定_從父姓,0
11507,67000110,臺南市大內區,男,一方約定_從母姓,0
11507,67000110,臺南市大內區,男,一方約定_傳統姓名,0
11507,67000110,臺南市大內區,男,申請人抽籤決定_從父姓,0
11507,67000110,臺南市大內區,男,申請人抽籤決定_從母姓,0
11507,67000110,臺南市大內區,男,申請人抽籤決定_傳統姓名,0
11507,67000110,臺南市大內區,男,戶政事務所抽籤決定_從父姓,0
11507,67000110,臺南市大內區,男,戶政事務所抽籤決定_從母姓,0
11507,67000110,臺南市大內區,男,戶政事務所抽籤決定_傳統姓名,0
11507,67000110,臺南市大內區,男,監護人決定依監護人之姓,0
11507,67000110,臺南市大內區,女,雙方約定_從父姓,0
11507,67000110,臺南市大內區,女,雙方約定_從母姓,0
11507,67000110,臺南市大內區,女,雙方約定_傳統姓名,0
11507,67000110,臺南市大內區,女,一方約定_從父姓,0
11507,67000110,臺南市大內區,女,一方約定_從母姓,0
11507,67000110,臺南市大內區,女,一方約定_傳統姓名,0
11507,67000110,臺南市大內區,女,申請人抽籤決定_從父姓,0
11507,67000110,臺南市大內區,女,申請人抽籤決定_從母姓,0
11507,67000110,臺南市大內區,女,申請人抽籤決定_傳統姓名,0
11507,67000110,臺南市大內區,女,戶政事務所抽籤決定_從父姓,0
11507,67000110,臺南市大內區,女,戶政事務所抽籤決定_從母姓,0
11507,67000110,臺南市大內區,女,戶政事務所抽籤決定_傳統姓名,0
11507,67000110,臺南市大內區,女,監護人決定依監護人之姓,0
11507,67000120,臺南市佳里區,男,雙方約定_從父姓,5
11507,67000120,臺南市佳里區,男,雙方約定_從母姓,0
11507,67000120,臺南市佳里區,男,雙方約定_傳統姓名,0
11507,67000120,臺南市佳里區,男,一方約定_從父姓,0
11507,67000120,臺南市佳里區,男,一方約定_從母姓,0
11507,67000120,臺南市佳里區,男,一方約定_傳統姓名,0
11507,67000120,臺南市佳里區,男,申請人抽籤決定_從父姓,0
11507,67000120,臺南市佳里區,男,申請人抽籤決定_從母姓,0
11507,67000120,臺南市佳里區,男,申請人抽籤決定_傳統姓名,0
11507,67000120,臺南市佳里區,男,戶政事務所抽籤決定_從父姓,0
11507,67000120,臺南市佳里區,男,戶政事務所抽籤決定_從母姓,0
11507,67000120,臺南市佳里區,男,戶政事務所抽籤決定_傳統姓名,0
11507,67000120,臺南市佳里區,男,監護人決定依監護人之姓,0
11507,67000120,臺南市佳里區,女,雙方約定_從父姓,8
11507,67000120,臺南市佳里區,女,雙方約定_從母姓,0
11507,67000120,臺南市佳里區,女,雙方約定_傳統姓名,0
11507,67000120,臺南市佳里區,女,一方約定_從父姓,0
11507,67000120,臺南市佳里區,女,一方約定_從母姓,0
11507,67000120,臺南市佳里區,女,一方約定_傳統姓名,0
11507,67000120,臺南市佳里區,女,申請人抽籤決定_從父姓,0
11507,67000120,臺南市佳里區,女,申請人抽籤決定_從母姓,0
11507,67000120,臺南市佳里區,女,申請人抽籤決定_傳統姓名,0
11507,67000120,臺南市佳里區,女,戶政事務所抽籤決定_從父姓,0
11507,67000120,臺南市佳里區,女,戶政事務所抽籤決定_從母姓,0
11507,67000120,臺南市佳里區,女,戶政事務所抽籤決定_傳統姓名,0
11507,67000120,臺南市佳里區,女,監護人決定依監護人之姓,0
11507,67000130,臺南市學甲區,男,雙方約定_從父姓,2
11507,67000130,臺南市學甲區,男,雙方約定_從母姓,0
11507,67000130,臺南市學甲區,男,雙方約定_傳統姓名,0
11507,67000130,臺南市學甲區,男,一方約定_從父姓,0
11507,67000130,臺南市學甲區,男,一方約定_從母姓,0
11507,67000130,臺南市學甲區,男,一方約定_傳統姓名,0
11507,67000130,臺南市學甲區,男,申請人抽籤決定_從父姓,0
11507,67000130,臺南市學甲區,男,申請人抽籤決定_從母姓,0
11507,67000130,臺南市學甲區,男,申請人抽籤決定_傳統姓名,0
11507,67000130,臺南市學甲區,男,戶政事務所抽籤決定_從父姓,0
11507,67000130,臺南市學甲區,男,戶政事務所抽籤決定_從母姓,0
11507,67000130,臺南市學甲區,男,戶政事務所抽籤決定_傳統姓名,0
11507,67000130,臺南市學甲區,男,監護人決定依監護人之姓,0
11507,67000130,臺南市學甲區,女,雙方約定_從父姓,2
11507,67000130,臺南市學甲區,女,雙方約定_從母姓,0
11507,67000130,臺南市學甲區,女,雙方約定_傳統姓名,0
11507,67000130,臺南市學甲區,女,一方約定_從父姓,0
11507,67000130,臺南市學甲區,女,一方約定_從母姓,1
11507,67000130,臺南市學甲區,女,一方約定_傳統姓名,0
11507,67000130,臺南市學甲區,女,申請人抽籤決定_從父姓,0
11507,67000130,臺南市學甲區,女,申請人抽籤決定_從母姓,0
11507,67000130,臺南市學甲區,女,申請人抽籤決定_傳統姓名,0
11507,67000130,臺南市學甲區,女,戶政事務所抽籤決定_從父姓,0
11507,67000130,臺南市學甲區,女,戶政事務所抽籤決定_從母姓,0
11507,67000130,臺南市學甲區,女,戶政事務所抽籤決定_傳統姓名,0
11507,67000130,臺南市學甲區,女,監護人決定依監護人之姓,0
11507,67000140,臺南市西港區,男,雙方約定_從父姓,3
11507,67000140,臺南市西港區,男,雙方約定_從母姓,0
11507,67000140,臺南市西港區,男,雙方約定_傳統姓名,0
11507,67000140,臺南市西港區,男,一方約定_從父姓,0
11507,67000140,臺南市西港區,男,一方約定_從母姓,0
11507,67000140,臺南市西港區,男,一方約定_傳統姓名,0
11507,67000140,臺南市西港區,男,申請人抽籤決定_從父姓,0
11507,67000140,臺南市西港區,男,申請人抽籤決定_從母姓,0
11507,67000140,臺南市西港區,男,申請人抽籤決定_傳統姓名,0
11507,67000140,臺南市西港區,男,戶政事務所抽籤決定_從父姓,0
11507,67000140,臺南市西港區,男,戶政事務所抽籤決定_從母姓,0
11507,67000140,臺南市西港區,男,戶政事務所抽籤決定_傳統姓名,0
11507,67000140,臺南市西港區,男,監護人決定依監護人之姓,0
11507,67000140,臺南市西港區,女,雙方約定_從父姓,1
11507,67000140,臺南市西港區,女,雙方約定_從母姓,0
11507,67000140,臺南市西港區,女,雙方約定_傳統姓名,0
11507,67000140,臺南市西港區,女,一方約定_從父姓,0
11507,67000140,臺南市西港區,女,一方約定_從母姓,0
11507,67000140,臺南市西港區,女,一方約定_傳統姓名,0
11507,67000140,臺南市西港區,女,申請人抽籤決定_從父姓,0
11507,67000140,臺南市西港區,女,申請人抽籤決定_從母姓,0
11507,67000140,臺南市西港區,女,申請人抽籤決定_傳統姓名,0
11507,67000140,臺南市西港區,女,戶政事務所抽籤決定_從父姓,0
11507,67000140,臺南市西港區,女,戶政事務所抽籤決定_從母姓,0
11507,67000140,臺南市西港區,女,戶政事務所抽籤決定_傳統姓名,0
11507,67000140,臺南市西港區,女,監護人決定依監護人之姓,0
11507,67000150,臺南市七股區,男,雙方約定_從父姓,3
11507,67000150,臺南市七股區,男,雙方約定_從母姓,0
11507,67000150,臺南市七股區,男,雙方約定_傳統姓名,0
11507,67000150,臺南市七股區,男,一方約定_從父姓,0
11507,67000150,臺南市七股區,男,一方約定_從母姓,0
11507,67000150,臺南市七股區,男,一方約定_傳統姓名,0
11507,67000150,臺南市七股區,男,申請人抽籤決定_從父姓,0
11507,67000150,臺南市七股區,男,申請人抽籤決定_從母姓,0
11507,67000150,臺南市七股區,男,申請人抽籤決定_傳統姓名,0
11507,67000150,臺南市七股區,男,戶政事務所抽籤決定_從父姓,0
11507,67000150,臺南市七股區,男,戶政事務所抽籤決定_從母姓,0
11507,67000150,臺南市七股區,男,戶政事務所抽籤決定_傳統姓名,0
11507,67000150,臺南市七股區,男,監護人決定依監護人之姓,0
11507,67000150,臺南市七股區,女,雙方約定_從父姓,2
11507,67000150,臺南市七股區,女,雙方約定_從母姓,0
11507,67000150,臺南市七股區,女,雙方約定_傳統姓名,0
11507,67000150,臺南市七股區,女,一方約定_從父姓,0
11507,67000150,臺南市七股區,女,一方約定_從母姓,0
11507,67000150,臺南市七股區,女,一方約定_傳統姓名,0
11507,67000150,臺南市七股區,女,申請人抽籤決定_從父姓,0
11507,67000150,臺南市七股區,女,申請人抽籤決定_從母姓,0
11507,67000150,臺南市七股區,女,申請人抽籤決定_傳統姓名,0
11507,67000150,臺南市七股區,女,戶政事務所抽籤決定_從父姓,0
11507,67000150,臺南市七股區,女,戶政事務所抽籤決定_從母姓,0
11507,67000150,臺南市七股區,女,戶政事務所抽籤決定_傳統姓名,0
11507,67000150,臺南市七股區,女,監護人決定依監護人之姓,0
11507,67000160,臺南市將軍區,男,雙方約定_從父姓,3
11507,67000160,臺南市將軍區,男,雙方約定_從母姓,0
11507,67000160,臺南市將軍區,男,雙方約定_傳統姓名,0
11507,67000160,臺南市將軍區,男,一方約定_從父姓,0
11507,67000160,臺南市將軍區,男,一方約定_從母姓,0
11507,67000160,臺南市將軍區,男,一方約定_傳統姓名,0
11507,67000160,臺南市將軍區,男,申請人抽籤決定_從父姓,0
11507,67000160,臺南市將軍區,男,申請人抽籤決定_從母姓,0
11507,67000160,臺南市將軍區,男,申請人抽籤決定_傳統姓名,0
11507,67000160,臺南市將軍區,男,戶政事務所抽籤決定_從父姓,0
11507,67000160,臺南市將軍區,男,戶政事務所抽籤決定_從母姓,0
11507,67000160,臺南市將軍區,男,戶政事務所抽籤決定_傳統姓名,0
11507,67000160,臺南市將軍區,男,監護人決定依監護人之姓,0
11507,67000160,臺南市將軍區,女,雙方約定_從父姓,5
11507,67000160,臺南市將軍區,女,雙方約定_從母姓,0
11507,67000160,臺南市將軍區,女,雙方約定_傳統姓名,0
11507,67000160,臺南市將軍區,女,一方約定_從父姓,0
11507,67000160,臺南市將軍區,女,一方約定_從母姓,0
11507,67000160,臺南市將軍區,女,一方約定_傳統姓名,0
11507,67000160,臺南市將軍區,女,申請人抽籤決定_從父姓,0
11507,67000160,臺南市將軍區,女,申請人抽籤決定_從母姓,0
11507,67000160,臺南市將軍區,女,申請人抽籤決定_傳統姓名,0
11507,67000160,臺南市將軍區,女,戶政事務所抽籤決定_從父姓,0
11507,67000160,臺南市將軍區,女,戶政事務所抽籤決定_從母姓,0
11507,67000160,臺南市將軍區,女,戶政事務所抽籤決定_傳統姓名,0
11507,67000160,臺南市將軍區,女,監護人決定依監護人之姓,0
11507,67000170,臺南市北門區,男,雙方約定_從父姓,1
11507,67000170,臺南市北門區,男,雙方約定_從母姓,0
11507,67000170,臺南市北門區,男,雙方約定_傳統姓名,0
11507,67000170,臺南市北門區,男,一方約定_從父姓,0
11507,67000170,臺南市北門區,男,一方約定_從母姓,0
11507,67000170,臺南市北門區,男,一方約定_傳統姓名,0
11507,67000170,臺南市北門區,男,申請人抽籤決定_從父姓,0
11507,67000170,臺南市北門區,男,申請人抽籤決定_從母姓,0
11507,67000170,臺南市北門區,男,申請人抽籤決定_傳統姓名,0
11507,67000170,臺南市北門區,男,戶政事務所抽籤決定_從父姓,0
11507,67000170,臺南市北門區,男,戶政事務所抽籤決定_從母姓,0
11507,67000170,臺南市北門區,男,戶政事務所抽籤決定_傳統姓名,0
11507,67000170,臺南市北門區,男,監護人決定依監護人之姓,0
11507,67000170,臺南市北門區,女,雙方約定_從父姓,1
11507,67000170,臺南市北門區,女,雙方約定_從母姓,0
11507,67000170,臺南市北門區,女,雙方約定_傳統姓名,0
11507,67000170,臺南市北門區,女,一方約定_從父姓,0
11507,67000170,臺南市北門區,女,一方約定_從母姓,0
11507,67000170,臺南市北門區,女,一方約定_傳統姓名,0
11507,67000170,臺南市北門區,女,申請人抽籤決定_從父姓,0
11507,67000170,臺南市北門區,女,申請人抽籤決定_從母姓,0
11507,67000170,臺南市北門區,女,申請人抽籤決定_傳統姓名,0
11507,67000170,臺南市北門區,女,戶政事務所抽籤決定_從父姓,0
11507,67000170,臺南市北門區,女,戶政事務所抽籤決定_從母姓,0
11507,67000170,臺南市北門區,女,戶政事務所抽籤決定_傳統姓名,0
11507,67000170,臺南市北門區,女,監護人決定依監護人之姓,0
11507,67000180,臺南市新化區,男,雙方約定_從父姓,7
11507,67000180,臺南市新化區,男,雙方約定_從母姓,0
11507,67000180,臺南市新化區,男,雙方約定_傳統姓名,0
11507,67000180,臺南市新化區,男,一方約定_從父姓,0
11507,67000180,臺南市新化區,男,一方約定_從母姓,0
11507,67000180,臺南市新化區,男,一方約定_傳統姓名,0
11507,67000180,臺南市新化區,男,申請人抽籤決定_從父姓,0
11507,67000180,臺南市新化區,男,申請人抽籤決定_從母姓,0
11507,67000180,臺南市新化區,男,申請人抽籤決定_傳統姓名,0
11507,67000180,臺南市新化區,男,戶政事務所抽籤決定_從父姓,0
11507,67000180,臺南市新化區,男,戶政事務所抽籤決定_從母姓,0
11507,67000180,臺南市新化區,男,戶政事務所抽籤決定_傳統姓名,0
11507,67000180,臺南市新化區,男,監護人決定依監護人之姓,0
11507,67000180,臺南市新化區,女,雙方約定_從父姓,6
11507,67000180,臺南市新化區,女,雙方約定_從母姓,0
11507,67000180,臺南市新化區,女,雙方約定_傳統姓名,0
11507,67000180,臺南市新化區,女,一方約定_從父姓,0
11507,67000180,臺南市新化區,女,一方約定_從母姓,0
11507,67000180,臺南市新化區,女,一方約定_傳統姓名,0
11507,67000180,臺南市新化區,女,申請人抽籤決定_從父姓,0
11507,67000180,臺南市新化區,女,申請人抽籤決定_從母姓,0
11507,67000180,臺南市新化區,女,申請人抽籤決定_傳統姓名,0
11507,67000180,臺南市新化區,女,戶政事務所抽籤決定_從父姓,0
11507,67000180,臺南市新化區,女,戶政事務所抽籤決定_從母姓,0
11507,67000180,臺南市新化區,女,戶政事務所抽籤決定_傳統姓名,0
11507,67000180,臺南市新化區,女,監護人決定依監護人之姓,0
11507,67000190,臺南市善化區,男,雙方約定_從父姓,10
11507,67000190,臺南市善化區,男,雙方約定_從母姓,0
11507,67000190,臺南市善化區,男,雙方約定_傳統姓名,0
11507,67000190,臺南市善化區,男,一方約定_從父姓,0
11507,67000190,臺南市善化區,男,一方約定_從母姓,0
11507,67000190,臺南市善化區,男,一方約定_傳統姓名,0
11507,67000190,臺南市善化區,男,申請人抽籤決定_從父姓,0
11507,67000190,臺南市善化區,男,申請人抽籤決定_從母姓,0
11507,67000190,臺南市善化區,男,申請人抽籤決定_傳統姓名,0
11507,67000190,臺南市善化區,男,戶政事務所抽籤決定_從父姓,0
11507,67000190,臺南市善化區,男,戶政事務所抽籤決定_從母姓,0
11507,67000190,臺南市善化區,男,戶政事務所抽籤決定_傳統姓名,0
11507,67000190,臺南市善化區,男,監護人決定依監護人之姓,0
11507,67000190,臺南市善化區,女,雙方約定_從父姓,10
11507,67000190,臺南市善化區,女,雙方約定_從母姓,0
11507,67000190,臺南市善化區,女,雙方約定_傳統姓名,0
11507,67000190,臺南市善化區,女,一方約定_從父姓,0
11507,67000190,臺南市善化區,女,一方約定_從母姓,0
11507,67000190,臺南市善化區,女,一方約定_傳統姓名,0
11507,67000190,臺南市善化區,女,申請人抽籤決定_從父姓,0
11507,67000190,臺南市善化區,女,申請人抽籤決定_從母姓,1
11507,67000190,臺南市善化區,女,申請人抽籤決定_傳統姓名,0
11507,67000190,臺南市善化區,女,戶政事務所抽籤決定_從父姓,0
11507,67000190,臺南市善化區,女,戶政事務所抽籤決定_從母姓,0
11507,67000190,臺南市善化區,女,戶政事務所抽籤決定_傳統姓名,0
11507,67000190,臺南市善化區,女,監護人決定依監護人之姓,0
11507,67000200,臺南市新市區,男,雙方約定_從父姓,5
11507,67000200,臺南市新市區,男,雙方約定_從母姓,1
11507,67000200,臺南市新市區,男,雙方約定_傳統姓名,0
11507,67000200,臺南市新市區,男,一方約定_從父姓,0
11507,67000200,臺南市新市區,男,一方約定_從母姓,1
11507,67000200,臺南市新市區,男,一方約定_傳統姓名,0
11507,67000200,臺南市新市區,男,申請人抽籤決定_從父姓,0
11507,67000200,臺南市新市區,男,申請人抽籤決定_從母姓,0
11507,67000200,臺南市新市區,男,申請人抽籤決定_傳統姓名,0
11507,67000200,臺南市新市區,男,戶政事務所抽籤決定_從父姓,0
11507,67000200,臺南市新市區,男,戶政事務所抽籤決定_從母姓,0
11507,67000200,臺南市新市區,男,戶政事務所抽籤決定_傳統姓名,0
11507,67000200,臺南市新市區,男,監護人決定依監護人之姓,0
11507,67000200,臺南市新市區,女,雙方約定_從父姓,8
11507,67000200,臺南市新市區,女,雙方約定_從母姓,0
11507,67000200,臺南市新市區,女,雙方約定_傳統姓名,0
11507,67000200,臺南市新市區,女,一方約定_從父姓,0
11507,67000200,臺南市新市區,女,一方約定_從母姓,0
11507,67000200,臺南市新市區,女,一方約定_傳統姓名,0
11507,67000200,臺南市新市區,女,申請人抽籤決定_從父姓,0
11507,67000200,臺南市新市區,女,申請人抽籤決定_從母姓,0
11507,67000200,臺南市新市區,女,申請人抽籤決定_傳統姓名,0
11507,67000200,臺南市新市區,女,戶政事務所抽籤決定_從父姓,0
11507,67000200,臺南市新市區,女,戶政事務所抽籤決定_從母姓,0
11507,67000200,臺南市新市區,女,戶政事務所抽籤決定_傳統姓名,0
11507,67000200,臺南市新市區,女,監護人決定依監護人之姓,0
11507,67000210,臺南市安定區,男,雙方約定_從父姓,8
11507,67000210,臺南市安定區,男,雙方約定_從母姓,0
11507,67000210,臺南市安定區,男,雙方約定_傳統姓名,0
11507,67000210,臺南市安定區,男,一方約定_從父姓,0
11507,67000210,臺南市安定區,男,一方約定_從母姓,0
11507,67000210,臺南市安定區,男,一方約定_傳統姓名,0
11507,67000210,臺南市安定區,男,申請人抽籤決定_從父姓,0
11507,67000210,臺南市安定區,男,申請人抽籤決定_從母姓,0
11507,67000210,臺南市安定區,男,申請人抽籤決定_傳統姓名,0
11507,67000210,臺南市安定區,男,戶政事務所抽籤決定_從父姓,0
11507,67000210,臺南市安定區,男,戶政事務所抽籤決定_從母姓,0
11507,67000210,臺南市安定區,男,戶政事務所抽籤決定_傳統姓名,0
11507,67000210,臺南市安定區,男,監護人決定依監護人之姓,0
11507,67000210,臺南市安定區,女,雙方約定_從父姓,2
11507,67000210,臺南市安定區,女,雙方約定_從母姓,0
11507,67000210,臺南市安定區,女,雙方約定_傳統姓名,0
11507,67000210,臺南市安定區,女,一方約定_從父姓,0
11507,67000210,臺南市安定區,女,一方約定_從母姓,0
11507,67000210,臺南市安定區,女,一方約定_傳統姓名,0
11507,67000210,臺南市安定區,女,申請人抽籤決定_從父姓,0
11507,67000210,臺南市安定區,女,申請人抽籤決定_從母姓,0
11507,67000210,臺南市安定區,女,申請人抽籤決定_傳統姓名,0
11507,67000210,臺南市安定區,女,戶政事務所抽籤決定_從父姓,0
11507,67000210,臺南市安定區,女,戶政事務所抽籤決定_從母姓,0
11507,67000210,臺南市安定區,女,戶政事務所抽籤決定_傳統姓名,0
11507,67000210,臺南市安定區,女,監護人決定依監護人之姓,0
11507,67000220,臺南市山上區,男,雙方約定_從父姓,2
11507,67000220,臺南市山上區,男,雙方約定_從母姓,0
11507,67000220,臺南市山上區,男,雙方約定_傳統姓名,0
11507,67000220,臺南市山上區,男,一方約定_從父姓,0
11507,67000220,臺南市山上區,男,一方約定_從母姓,0
11507,67000220,臺南市山上區,男,一方約定_傳統姓名,0
11507,67000220,臺南市山上區,男,申請人抽籤決定_從父姓,0
11507,67000220,臺南市山上區,男,申請人抽籤決定_從母姓,0
11507,67000220,臺南市山上區,男,申請人抽籤決定_傳統姓名,0
11507,67000220,臺南市山上區,男,戶政事務所抽籤決定_從父姓,0
11507,67000220,臺南市山上區,男,戶政事務所抽籤決定_從母姓,0
11507,67000220,臺南市山上區,男,戶政事務所抽籤決定_傳統姓名,0
11507,67000220,臺南市山上區,男,監護人決定依監護人之姓,0
11507,67000220,臺南市山上區,女,雙方約定_從父姓,0
11507,67000220,臺南市山上區,女,雙方約定_從母姓,0
11507,67000220,臺南市山上區,女,雙方約定_傳統姓名,0
11507,67000220,臺南市山上區,女,一方約定_從父姓,0
11507,67000220,臺南市山上區,女,一方約定_從母姓,0
11507,67000220,臺南市山上區,女,一方約定_傳統姓名,0
11507,67000220,臺南市山上區,女,申請人抽籤決定_從父姓,0
11507,67000220,臺南市山上區,女,申請人抽籤決定_從母姓,0
11507,67000220,臺南市山上區,女,申請人抽籤決定_傳統姓名,0
11507,67000220,臺南市山上區,女,戶政事務所抽籤決定_從父姓,0
11507,67000220,臺南市山上區,女,戶政事務所抽籤決定_從母姓,0
11507,67000220,臺南市山上區,女,戶政事務所抽籤決定_傳統姓名,0
11507,67000220,臺南市山上區,女,監護人決定依監護人之姓,0
11507,67000230,臺南市玉井區,男,雙方約定_從父姓,1
11507,67000230,臺南市玉井區,男,雙方約定_從母姓,0
11507,67000230,臺南市玉井區,男,雙方約定_傳統姓名,0
11507,67000230,臺南市玉井區,男,一方約定_從父姓,0
11507,67000230,臺南市玉井區,男,一方約定_從母姓,0
11507,67000230,臺南市玉井區,男,一方約定_傳統姓名,0
11507,67000230,臺南市玉井區,男,申請人抽籤決定_從父姓,0
11507,67000230,臺南市玉井區,男,申請人抽籤決定_從母姓,0
11507,67000230,臺南市玉井區,男,申請人抽籤決定_傳統姓名,0
11507,67000230,臺南市玉井區,男,戶政事務所抽籤決定_從父姓,0
11507,67000230,臺南市玉井區,男,戶政事務所抽籤決定_從母姓,0
11507,67000230,臺南市玉井區,男,戶政事務所抽籤決定_傳統姓名,0
11507,67000230,臺南市玉井區,男,監護人決定依監護人之姓,0
11507,67000230,臺南市玉井區,女,雙方約定_從父姓,0
11507,67000230,臺南市玉井區,女,雙方約定_從母姓,0
11507,67000230,臺南市玉井區,女,雙方約定_傳統姓名,0
11507,67000230,臺南市玉井區,女,一方約定_從父姓,0
11507,67000230,臺南市玉井區,女,一方約定_從母姓,1
11507,67000230,臺南市玉井區,女,一方約定_傳統姓名,0
11507,67000230,臺南市玉井區,女,申請人抽籤決定_從父姓,0
11507,67000230,臺南市玉井區,女,申請人抽籤決定_從母姓,0
11507,67000230,臺南市玉井區,女,申請人抽籤決定_傳統姓名,0
11507,67000230,臺南市玉井區,女,戶政事務所抽籤決定_從父姓,0
11507,67000230,臺南市玉井區,女,戶政事務所抽籤決定_從母姓,0
11507,67000230,臺南市玉井區,女,戶政事務所抽籤決定_傳統姓名,0
11507,67000230,臺南市玉井區,女,監護人決定依監護人之姓,0
11507,67000240,臺南市楠西區,男,雙方約定_從父姓,0
11507,67000240,臺南市楠西區,男,雙方約定_從母姓,0
11507,67000240,臺南市楠西區,男,雙方約定_傳統姓名,0
11507,67000240,臺南市楠西區,男,一方約定_從父姓,0
11507,67000240,臺南市楠西區,男,一方約定_從母姓,0
11507,67000240,臺南市楠西區,男,一方約定_傳統姓名,0
11507,67000240,臺南市楠西區,男,申請人抽籤決定_從父姓,0
11507,67000240,臺南市楠西區,男,申請人抽籤決定_從母姓,0
11507,67000240,臺南市楠西區,男,申請人抽籤決定_傳統姓名,0
11507,67000240,臺南市楠西區,男,戶政事務所抽籤決定_從父姓,0
11507,67000240,臺南市楠西區,男,戶政事務所抽籤決定_從母姓,0
11507,67000240,臺南市楠西區,男,戶政事務所抽籤決定_傳統姓名,0
11507,67000240,臺南市楠西區,男,監護人決定依監護人之姓,0
11507,67000240,臺南市楠西區,女,雙方約定_從父姓,0
11507,67000240,臺南市楠西區,女,雙方約定_從母姓,0
11507,67000240,臺南市楠西區,女,雙方約定_傳統姓名,0
11507,67000240,臺南市楠西區,女,一方約定_從父姓,0
11507,67000240,臺南市楠西區,女,一方約定_從母姓,0
11507,67000240,臺南市楠西區,女,一方約定_傳統姓名,0
11507,67000240,臺南市楠西區,女,申請人抽籤決定_從父姓,0
11507,67000240,臺南市楠西區,女,申請人抽籤決定_從母姓,0
11507,67000240,臺南市楠西區,女,申請人抽籤決定_傳統姓名,0
11507,67000240,臺南市楠西區,女,戶政事務所抽籤決定_從父姓,0
11507,67000240,臺南市楠西區,女,戶政事務所抽籤決定_從母姓,0
11507,67000240,臺南市楠西區,女,戶政事務所抽籤決定_傳統姓名,0
11507,67000240,臺南市楠西區,女,監護人決定依監護人之姓,0
11507,67000250,臺南市南化區,男,雙方約定_從父姓,3
11507,67000250,臺南市南化區,男,雙方約定_從母姓,0
11507,67000250,臺南市南化區,男,雙方約定_傳統姓名,0
11507,67000250,臺南市南化區,男,一方約定_從父姓,0
11507,67000250,臺南市南化區,男,一方約定_從母姓,0
11507,67000250,臺南市南化區,男,一方約定_傳統姓名,0
11507,67000250,臺南市南化區,男,申請人抽籤決定_從父姓,0
11507,67000250,臺南市南化區,男,申請人抽籤決定_從母姓,0
11507,67000250,臺南市南化區,男,申請人抽籤決定_傳統姓名,0
11507,67000250,臺南市南化區,男,戶政事務所抽籤決定_從父姓,0
11507,67000250,臺南市南化區,男,戶政事務所抽籤決定_從母姓,0
11507,67000250,臺南市南化區,男,戶政事務所抽籤決定_傳統姓名,0
11507,67000250,臺南市南化區,男,監護人決定依監護人之姓,0
11507,67000250,臺南市南化區,女,雙方約定_從父姓,2
11507,67000250,臺南市南化區,女,雙方約定_從母姓,0
11507,67000250,臺南市南化區,女,雙方約定_傳統姓名,0
11507,67000250,臺南市南化區,女,一方約定_從父姓,0
11507,67000250,臺南市南化區,女,一方約定_從母姓,0
11507,67000250,臺南市南化區,女,一方約定_傳統姓名,0
11507,67000250,臺南市南化區,女,申請人抽籤決定_從父姓,0
11507,67000250,臺南市南化區,女,申請人抽籤決定_從母姓,0
11507,67000250,臺南市南化區,女,申請人抽籤決定_傳統姓名,0
11507,67000250,臺南市南化區,女,戶政事務所抽籤決定_從父姓,0
11507,67000250,臺南市南化區,女,戶政事務所抽籤決定_從母姓,0
11507,67000250,臺南市南化區,女,戶政事務所抽籤決定_傳統姓名,0
11507,67000250,臺南市南化區,女,監護人決定依監護人之姓,0
11507,67000260,臺南市左鎮區,男,雙方約定_從父姓,0
11507,67000260,臺南市左鎮區,男,雙方約定_從母姓,0
11507,67000260,臺南市左鎮區,男,雙方約定_傳統姓名,0
11507,67000260,臺南市左鎮區,男,一方約定_從父姓,0
11507,67000260,臺南市左鎮區,男,一方約定_從母姓,0
11507,67000260,臺南市左鎮區,男,一方約定_傳統姓名,0
11507,67000260,臺南市左鎮區,男,申請人抽籤決定_從父姓,0
11507,67000260,臺南市左鎮區,男,申請人抽籤決定_從母姓,0
11507,67000260,臺南市左鎮區,男,申請人抽籤決定_傳統姓名,0
11507,67000260,臺南市左鎮區,男,戶政事務所抽籤決定_從父姓,0
11507,67000260,臺南市左鎮區,男,戶政事務所抽籤決定_從母姓,0
11507,67000260,臺南市左鎮區,男,戶政事務所抽籤決定_傳統姓名,0
11507,67000260,臺南市左鎮區,男,監護人決定依監護人之姓,0
11507,67000260,臺南市左鎮區,女,雙方約定_從父姓,0
11507,67000260,臺南市左鎮區,女,雙方約定_從母姓,0
11507,67000260,臺南市左鎮區,女,雙方約定_傳統姓名,0
11507,67000260,臺南市左鎮區,女,一方約定_從父姓,0
11507,67000260,臺南市左鎮區,女,一方約定_從母姓,1
11507,67000260,臺南市左鎮區,女,一方約定_傳統姓名,0
11507,67000260,臺南市左鎮區,女,申請人抽籤決定_從父姓,0
11507,67000260,臺南市左鎮區,女,申請人抽籤決定_從母姓,0
11507,67000260,臺南市左鎮區,女,申請人抽籤決定_傳統姓名,0
11507,67000260,臺南市左鎮區,女,戶政事務所抽籤決定_從父姓,0
11507,67000260,臺南市左鎮區,女,戶政事務所抽籤決定_從母姓,0
11507,67000260,臺南市左鎮區,女,戶政事務所抽籤決定_傳統姓名,0
11507,67000260,臺南市左鎮區,女,監護人決定依監護人之姓,0
11507,67000270,臺南市仁德區,男,雙方約定_從父姓,7
11507,67000270,臺南市仁德區,男,雙方約定_從母姓,0
11507,67000270,臺南市仁德區,男,雙方約定_傳統姓名,0
11507,67000270,臺南市仁德區,男,一方約定_從父姓,0
11507,67000270,臺南市仁德區,男,一方約定_從母姓,0
11507,67000270,臺南市仁德區,男,一方約定_傳統姓名,0
11507,67000270,臺南市仁德區,男,申請人抽籤決定_從父姓,0
11507,67000270,臺南市仁德區,男,申請人抽籤決定_從母姓,0
11507,67000270,臺南市仁德區,男,申請人抽籤決定_傳統姓名,0
11507,67000270,臺南市仁德區,男,戶政事務所抽籤決定_從父姓,0
11507,67000270,臺南市仁德區,男,戶政事務所抽籤決定_從母姓,0
11507,67000270,臺南市仁德區,男,戶政事務所抽籤決定_傳統姓名,0
11507,67000270,臺南市仁德區,男,監護人決定依監護人之姓,0
11507,67000270,臺南市仁德區,女,雙方約定_從父姓,14
11507,67000270,臺南市仁德區,女,雙方約定_從母姓,0
11507,67000270,臺南市仁德區,女,雙方約定_傳統姓名,0
11507,67000270,臺南市仁德區,女,一方約定_從父姓,0
11507,67000270,臺南市仁德區,女,一方約定_從母姓,0
11507,67000270,臺南市仁德區,女,一方約定_傳統姓名,0
11507,67000270,臺南市仁德區,女,申請人抽籤決定_從父姓,0
11507,67000270,臺南市仁德區,女,申請人抽籤決定_從母姓,0
11507,67000270,臺南市仁德區,女,申請人抽籤決定_傳統姓名,0
11507,67000270,臺南市仁德區,女,戶政事務所抽籤決定_從父姓,0
11507,67000270,臺南市仁德區,女,戶政事務所抽籤決定_從母姓,0
11507,67000270,臺南市仁德區,女,戶政事務所抽籤決定_傳統姓名,0
11507,67000270,臺南市仁德區,女,監護人決定依監護人之姓,0
11507,67000280,臺南市歸仁區,男,雙方約定_從父姓,6
11507,67000280,臺南市歸仁區,男,雙方約定_從母姓,0
11507,67000280,臺南市歸仁區,男,雙方約定_傳統姓名,0
11507,67000280,臺南市歸仁區,男,一方約定_從父姓,0
11507,67000280,臺南市歸仁區,男,一方約定_從母姓,1
11507,67000280,臺南市歸仁區,男,一方約定_傳統姓名,0
11507,67000280,臺南市歸仁區,男,申請人抽籤決定_從父姓,0
11507,67000280,臺南市歸仁區,男,申請人抽籤決定_從母姓,0
11507,67000280,臺南市歸仁區,男,申請人抽籤決定_傳統姓名,0
11507,67000280,臺南市歸仁區,男,戶政事務所抽籤決定_從父姓,0
11507,67000280,臺南市歸仁區,男,戶政事務所抽籤決定_從母姓,0
11507,67000280,臺南市歸仁區,男,戶政事務所抽籤決定_傳統姓名,0
11507,67000280,臺南市歸仁區,男,監護人決定依監護人之姓,0
11507,67000280,臺南市歸仁區,女,雙方約定_從父姓,11
11507,67000280,臺南市歸仁區,女,雙方約定_從母姓,0
11507,67000280,臺南市歸仁區,女,雙方約定_傳統姓名,0
11507,67000280,臺南市歸仁區,女,一方約定_從父姓,0
11507,67000280,臺南市歸仁區,女,一方約定_從母姓,0
11507,67000280,臺南市歸仁區,女,一方約定_傳統姓名,0
11507,67000280,臺南市歸仁區,女,申請人抽籤決定_從父姓,0
11507,67000280,臺南市歸仁區,女,申請人抽籤決定_從母姓,0
11507,67000280,臺南市歸仁區,女,申請人抽籤決定_傳統姓名,0
11507,67000280,臺南市歸仁區,女,戶政事務所抽籤決定_從父姓,0
11507,67000280,臺南市歸仁區,女,戶政事務所抽籤決定_從母姓,0
11507,67000280,臺南市歸仁區,女,戶政事務所抽籤決定_傳統姓名,0
11507,67000280,臺南市歸仁區,女,監護人決定依監護人之姓,0
11507,67000290,臺南市關廟區,男,雙方約定_從父姓,6
11507,67000290,臺南市關廟區,男,雙方約定_從母姓,0
11507,67000290,臺南市關廟區,男,雙方約定_傳統姓名,0
11507,67000290,臺南市關廟區,男,一方約定_從父姓,0
11507,67000290,臺南市關廟區,男,一方約定_從母姓,0
11507,67000290,臺南市關廟區,男,一方約定_傳統姓名,0
11507,67000290,臺南市關廟區,男,申請人抽籤決定_從父姓,0
11507,67000290,臺南市關廟區,男,申請人抽籤決定_從母姓,0
11507,67000290,臺南市關廟區,男,申請人抽籤決定_傳統姓名,0
11507,67000290,臺南市關廟區,男,戶政事務所抽籤決定_從父姓,0
11507,67000290,臺南市關廟區,男,戶政事務所抽籤決定_從母姓,0
11507,67000290,臺南市關廟區,男,戶政事務所抽籤決定_傳統姓名,0
11507,67000290,臺南市關廟區,男,監護人決定依監護人之姓,0
11507,67000290,臺南市關廟區,女,雙方約定_從父姓,4
11507,67000290,臺南市關廟區,女,雙方約定_從母姓,0
11507,67000290,臺南市關廟區,女,雙方約定_傳統姓名,0
11507,67000290,臺南市關廟區,女,一方約定_從父姓,0
11507,67000290,臺南市關廟區,女,一方約定_從母姓,0
11507,67000290,臺南市關廟區,女,一方約定_傳統姓名,0
11507,67000290,臺南市關廟區,女,申請人抽籤決定_從父姓,0
11507,67000290,臺南市關廟區,女,申請人抽籤決定_從母姓,0
11507,67000290,臺南市關廟區,女,申請人抽籤決定_傳統姓名,0
11507,67000290,臺南市關廟區,女,戶政事務所抽籤決定_從父姓,0
11507,67000290,臺南市關廟區,女,戶政事務所抽籤決定_從母姓,0
11507,67000290,臺南市關廟區,女,戶政事務所抽籤決定_傳統姓名,0
11507,67000290,臺南市關廟區,女,監護人決定依監護人之姓,0
11507,67000300,臺南市龍崎區,男,雙方約定_從父姓,1
11507,67000300,臺南市龍崎區,男,雙方約定_從母姓,0
11507,67000300,臺南市龍崎區,男,雙方約定_傳統姓名,0
11507,67000300,臺南市龍崎區,男,一方約定_從父姓,0
11507,67000300,臺南市龍崎區,男,一方約定_從母姓,0
11507,67000300,臺南市龍崎區,男,一方約定_傳統姓名,0
11507,67000300,臺南市龍崎區,男,申請人抽籤決定_從父姓,0
11507,67000300,臺南市龍崎區,男,申請人抽籤決定_從母姓,0
11507,67000300,臺南市龍崎區,男,申請人抽籤決定_傳統姓名,0
11507,67000300,臺南市龍崎區,男,戶政事務所抽籤決定_從父姓,0
11507,67000300,臺南市龍崎區,男,戶政事務所抽籤決定_從母姓,0
11507,67000300,臺南市龍崎區,男,戶政事務所抽籤決定_傳統姓名,0
11507,67000300,臺南市龍崎區,男,監護人決定依監護人之姓,0
11507,67000300,臺南市龍崎區,女,雙方約定_從父姓,0
11507,67000300,臺南市龍崎區,女,雙方約定_從母姓,0
11507,67000300,臺南市龍崎區,女,雙方約定_傳統姓名,0
11507,67000300,臺南市龍崎區,女,一方約定_從父姓,0
11507,67000300,臺南市龍崎區,女,一方約定_從母姓,0
11507,67000300,臺南市龍崎區,女,一方約定_傳統姓名,0
11507,67000300,臺南市龍崎區,女,申請人抽籤決定_從父姓,0
11507,67000300,臺南市龍崎區,女,申請人抽籤決定_從母姓,0
11507,67000300,臺南市龍崎區,女,申請人抽籤決定_傳統姓名,0
11507,67000300,臺南市龍崎區,女,戶政事務所抽籤決定_從父姓,0
11507,67000300,臺南市龍崎區,女,戶政事務所抽籤決定_從母姓,0
11507,67000300,臺南市龍崎區,女,戶政事務所抽籤決定_傳統姓名,0
11507,67000300,臺南市龍崎區,女,監護人決定依監護人之姓,0
11507,67000310,臺南市永康區,男,雙方約定_從父姓,32
11507,67000310,臺南市永康區,男,雙方約定_從母姓,0
11507,67000310,臺南市永康區,男,雙方約定_傳統姓名,0
11507,67000310,臺南市永康區,男,一方約定_從父姓,0
11507,67000310,臺南市永康區,男,一方約定_從母姓,2
11507,67000310,臺南市永康區,男,一方約定_傳統姓名,0
11507,67000310,臺南市永康區,男,申請人抽籤決定_從父姓,0
11507,67000310,臺南市永康區,男,申請人抽籤決定_從母姓,0
11507,67000310,臺南市永康區,男,申請人抽籤決定_傳統姓名,0
11507,67000310,臺南市永康區,男,戶政事務所抽籤決定_從父姓,0
11507,67000310,臺南市永康區,男,戶政事務所抽籤決定_從母姓,0
11507,67000310,臺南市永康區,男,戶政事務所抽籤決定_傳統姓名,0
11507,67000310,臺南市永康區,男,監護人決定依監護人之姓,0
11507,67000310,臺南市永康區,女,雙方約定_從父姓,29
11507,67000310,臺南市永康區,女,雙方約定_從母姓,2
11507,67000310,臺南市永康區,女,雙方約定_傳統姓名,0
11507,67000310,臺南市永康區,女,一方約定_從父姓,0
11507,67000310,臺南市永康區,女,一方約定_從母姓,0
11507,67000310,臺南市永康區,女,一方約定_傳統姓名,0
11507,67000310,臺南市永康區,女,申請人抽籤決定_從父姓,0
11507,67000310,臺南市永康區,女,申請人抽籤決定_從母姓,0
11507,67000310,臺南市永康區,女,申請人抽籤決定_傳統姓名,0
11507,67000310,臺南市永康區,女,戶政事務所抽籤決定_從父姓,0
11507,67000310,臺南市永康區,女,戶政事務所抽籤決定_從母姓,0
11507,67000310,臺南市永康區,女,戶政事務所抽籤決定_傳統姓名,0
11507,67000310,臺南市永康區,女,監護人決定依監護人之姓,0
11507,67000320,臺南市東區,男,雙方約定_從父姓,15
11507,67000320,臺南市東區,男,雙方約定_從母姓,1
11507,67000320,臺南市東區,男,雙方約定_傳統姓名,0
11507,67000320,臺南市東區,男,一方約定_從父姓,0
11507,67000320,臺南市東區,男,一方約定_從母姓,1
11507,67000320,臺南市東區,男,一方約定_傳統姓名,0
11507,67000320,臺南市東區,男,申請人抽籤決定_從父姓,0
11507,67000320,臺南市東區,男,申請人抽籤決定_從母姓,0
11507,67000320,臺南市東區,男,申請人抽籤決定_傳統姓名,0
11507,67000320,臺南市東區,男,戶政事務所抽籤決定_從父姓,0
11507,67000320,臺南市東區,男,戶政事務所抽籤決定_從母姓,0
11507,67000320,臺南市東區,男,戶政事務所抽籤決定_傳統姓名,0
11507,67000320,臺南市東區,男,監護人決定依監護人之姓,0
11507,67000320,臺南市東區,女,雙方約定_從父姓,12
11507,67000320,臺南市東區,女,雙方約定_從母姓,1
11507,67000320,臺南市東區,女,雙方約定_傳統姓名,0
11507,67000320,臺南市東區,女,一方約定_從父姓,0
11507,67000320,臺南市東區,女,一方約定_從母姓,1
11507,67000320,臺南市東區,女,一方約定_傳統姓名,0
11507,67000320,臺南市東區,女,申請人抽籤決定_從父姓,0
11507,67000320,臺南市東區,女,申請人抽籤決定_從母姓,0
11507,67000320,臺南市東區,女,申請人抽籤決定_傳統姓名,0
11507,67000320,臺南市東區,女,戶政事務所抽籤決定_從父姓,0
11507,67000320,臺南市東區,女,戶政事務所抽籤決定_從母姓,0
11507,67000320,臺南市東區,女,戶政事務所抽籤決定_傳統姓名,0
11507,67000320,臺南市東區,女,監護人決定依監護人之姓,0
11507,67000330,臺南市南區,男,雙方約定_從父姓,13
11507,67000330,臺南市南區,男,雙方約定_從母姓,0
11507,67000330,臺南市南區,男,雙方約定_傳統姓名,0
11507,67000330,臺南市南區,男,一方約定_從父姓,0
11507,67000330,臺南市南區,男,一方約定_從母姓,0
11507,67000330,臺南市南區,男,一方約定_傳統姓名,0
11507,67000330,臺南市南區,男,申請人抽籤決定_從父姓,0
11507,67000330,臺南市南區,男,申請人抽籤決定_從母姓,0
11507,67000330,臺南市南區,男,申請人抽籤決定_傳統姓名,0
11507,67000330,臺南市南區,男,戶政事務所抽籤決定_從父姓,0
11507,67000330,臺南市南區,男,戶政事務所抽籤決定_從母姓,0
11507,67000330,臺南市南區,男,戶政事務所抽籤決定_傳統姓名,0
11507,67000330,臺南市南區,男,監護人決定依監護人之姓,0
11507,67000330,臺南市南區,女,雙方約定_從父姓,8
11507,67000330,臺南市南區,女,雙方約定_從母姓,0
11507,67000330,臺南市南區,女,雙方約定_傳統姓名,0
11507,67000330,臺南市南區,女,一方約定_從父姓,0
11507,67000330,臺南市南區,女,一方約定_從母姓,0
11507,67000330,臺南市南區,女,一方約定_傳統姓名,0
11507,67000330,臺南市南區,女,申請人抽籤決定_從父姓,0
11507,67000330,臺南市南區,女,申請人抽籤決定_從母姓,0
11507,67000330,臺南市南區,女,申請人抽籤決定_傳統姓名,0
11507,67000330,臺南市南區,女,戶政事務所抽籤決定_從父姓,0
11507,67000330,臺南市南區,女,戶政事務所抽籤決定_從母姓,0
11507,67000330,臺南市南區,女,戶政事務所抽籤決定_傳統姓名,0
11507,67000330,臺南市南區,女,監護人決定依監護人之姓,0
11507,67000340,臺南市北區,男,雙方約定_從父姓,17
11507,67000340,臺南市北區,男,雙方約定_從母姓,0
11507,67000340,臺南市北區,男,雙方約定_傳統姓名,0
11507,67000340,臺南市北區,男,一方約定_從父姓,0
11507,67000340,臺南市北區,男,一方約定_從母姓,0
11507,67000340,臺南市北區,男,一方約定_傳統姓名,0
11507,67000340,臺南市北區,男,申請人抽籤決定_從父姓,0
11507,67000340,臺南市北區,男,申請人抽籤決定_從母姓,0
11507,67000340,臺南市北區,男,申請人抽籤決定_傳統姓名,0
11507,67000340,臺南市北區,男,戶政事務所抽籤決定_從父姓,0
11507,67000340,臺南市北區,男,戶政事務所抽籤決定_從母姓,0
11507,67000340,臺南市北區,男,戶政事務所抽籤決定_傳統姓名,0
11507,67000340,臺南市北區,男,監護人決定依監護人之姓,0
11507,67000340,臺南市北區,女,雙方約定_從父姓,13
11507,67000340,臺南市北區,女,雙方約定_從母姓,0
11507,67000340,臺南市北區,女,雙方約定_傳統姓名,0
11507,67000340,臺南市北區,女,一方約定_從父姓,0
11507,67000340,臺南市北區,女,一方約定_從母姓,0
11507,67000340,臺南市北區,女,一方約定_傳統姓名,0
11507,67000340,臺南市北區,女,申請人抽籤決定_從父姓,0
11507,67000340,臺南市北區,女,申請人抽籤決定_從母姓,0
11507,67000340,臺南市北區,女,申請人抽籤決定_傳統姓名,0
11507,67000340,臺南市北區,女,戶政事務所抽籤決定_從父姓,0
11507,67000340,臺南市北區,女,戶政事務所抽籤決定_從母姓,0
11507,67000340,臺南市北區,女,戶政事務所抽籤決定_傳統姓名,0
11507,67000340,臺南市北區,女,監護人決定依監護人之姓,0
11507,67000350,臺南市安南區,男,雙方約定_從父姓,40
11507,67000350,臺南市安南區,男,雙方約定_從母姓,1
11507,67000350,臺南市安南區,男,雙方約定_傳統姓名,0
11507,67000350,臺南市安南區,男,一方約定_從父姓,0
11507,67000350,臺南市安南區,男,一方約定_從母姓,0
11507,67000350,臺南市安南區,男,一方約定_傳統姓名,0
11507,67000350,臺南市安南區,男,申請人抽籤決定_從父姓,0
11507,67000350,臺南市安南區,男,申請人抽籤決定_從母姓,0
11507,67000350,臺南市安南區,男,申請人抽籤決定_傳統姓名,0
11507,67000350,臺南市安南區,男,戶政事務所抽籤決定_從父姓,0
11507,67000350,臺南市安南區,男,戶政事務所抽籤決定_從母姓,0
11507,67000350,臺南市安南區,男,戶政事務所抽籤決定_傳統姓名,0
11507,67000350,臺南市安南區,男,監護人決定依監護人之姓,0
11507,67000350,臺南市安南區,女,雙方約定_從父姓,25
11507,67000350,臺南市安南區,女,雙方約定_從母姓,0
11507,67000350,臺南市安南區,女,雙方約定_傳統姓名,0
11507,67000350,臺南市安南區,女,一方約定_從父姓,0
11507,67000350,臺南市安南區,女,一方約定_從母姓,0
11507,67000350,臺南市安南區,女,一方約定_傳統姓名,0
11507,67000350,臺南市安南區,女,申請人抽籤決定_從父姓,0
11507,67000350,臺南市安南區,女,申請人抽籤決定_從母姓,0
11507,67000350,臺南市安南區,女,申請人抽籤決定_傳統姓名,0
11507,67000350,臺南市安南區,女,戶政事務所抽籤決定_從父姓,0
11507,67000350,臺南市安南區,女,戶政事務所抽籤決定_從母姓,0
11507,67000350,臺南市安南區,女,戶政事務所抽籤決定_傳統姓名,0
11507,67000350,臺南市安南區,女,監護人決定依監護人之姓,0
11507,67000360,臺南市安平區,男,雙方約定_從父姓,10
11507,67000360,臺南市安平區,男,雙方約定_從母姓,0
11507,67000360,臺南市安平區,男,雙方約定_傳統姓名,0
11507,67000360,臺南市安平區,男,一方約定_從父姓,0
11507,67000360,臺南市安平區,男,一方約定_從母姓,0
11507,67000360,臺南市安平區,男,一方約定_傳統姓名,0
11507,67000360,臺南市安平區,男,申請人抽籤決定_從父姓,0
11507,67000360,臺南市安平區,男,申請人抽籤決定_從母姓,0
11507,67000360,臺南市安平區,男,申請人抽籤決定_傳統姓名,0
11507,67000360,臺南市安平區,男,戶政事務所抽籤決定_從父姓,0
11507,67000360,臺南市安平區,男,戶政事務所抽籤決定_從母姓,0
11507,67000360,臺南市安平區,男,戶政事務所抽籤決定_傳統姓名,0
11507,67000360,臺南市安平區,男,監護人決定依監護人之姓,0
11507,67000360,臺南市安平區,女,雙方約定_從父姓,8
11507,67000360,臺南市安平區,女,雙方約定_從母姓,1
11507,67000360,臺南市安平區,女,雙方約定_傳統姓名,0
11507,67000360,臺南市安平區,女,一方約定_從父姓,0
11507,67000360,臺南市安平區,女,一方約定_從母姓,0
11507,67000360,臺南市安平區,女,一方約定_傳統姓名,0
11507,67000360,臺南市安平區,女,申請人抽籤決定_從父姓,0
11507,67000360,臺南市安平區,女,申請人抽籤決定_從母姓,0
11507,67000360,臺南市安平區,女,申請人抽籤決定_傳統姓名,0
11507,67000360,臺南市安平區,女,戶政事務所抽籤決定_從父姓,0
11507,67000360,臺南市安平區,女,戶政事務所抽籤決定_從母姓,0
11507,67000360,臺南市安平區,女,戶政事務所抽籤決定_傳統姓名,0
11507,67000360,臺南市安平區,女,監護人決定依監護人之姓,0
11507,67000370,臺南市中西區,男,雙方約定_從父姓,12
11507,67000370,臺南市中西區,男,雙方約定_從母姓,1
11507,67000370,臺南市中西區,男,雙方約定_傳統姓名,0
11507,67000370,臺南市中西區,男,一方約定_從父姓,0
11507,67000370,臺南市中西區,男,一方約定_從母姓,0
11507,67000370,臺南市中西區,男,一方約定_傳統姓名,0
11507,67000370,臺南市中西區,男,申請人抽籤決定_從父姓,0
11507,67000370,臺南市中西區,男,申請人抽籤決定_從母姓,0
11507,67000370,臺南市中西區,男,申請人抽籤決定_傳統姓名,0
11507,67000370,臺南市中西區,男,戶政事務所抽籤決定_從父姓,0
11507,67000370,臺南市中西區,男,戶政事務所抽籤決定_從母姓,0
11507,67000370,臺南市中西區,男,戶政事務所抽籤決定_傳統姓名,0
11507,67000370,臺南市中西區,男,監護人決定依監護人之姓,0
11507,67000370,臺南市中西區,女,雙方約定_從父姓,5
11507,67000370,臺南市中西區,女,雙方約定_從母姓,0
11507,67000370,臺南市中西區,女,雙方約定_傳統姓名,0
11507,67000370,臺南市中西區,女,一方約定_從父姓,0
11507,67000370,臺南市中西區,女,一方約定_從母姓,0
11507,67000370,臺南市中西區,女,一方約定_傳統姓名,0
11507,67000370,臺南市中西區,女,申請人抽籤決定_從父姓,0
11507,67000370,臺南市中西區,女,申請人抽籤決定_從母姓,0
11507,67000370,臺南市中西區,女,申請人抽籤決定_傳統姓名,0
11507,67000370,臺南市中西區,女,戶政事務所抽籤決定_從父姓,0
11507,67000370,臺南市中西區,女,戶政事務所抽籤決定_從母姓,0
11507,67000370,臺南市中西區,女,戶政事務所抽籤決定_傳統姓名,0
11507,67000370,臺南市中西區,女,監護人決定依監護人之姓,0
11507,64000010,高雄市鹽埕區,男,雙方約定_從父姓,0
11507,64000010,高雄市鹽埕區,男,雙方約定_從母姓,0
11507,64000010,高雄市鹽埕區,男,雙方約定_傳統姓名,0
11507,64000010,高雄市鹽埕區,男,一方約定_從父姓,0
11507,64000010,高雄市鹽埕區,男,一方約定_從母姓,0
11507,64000010,高雄市鹽埕區,男,一方約定_傳統姓名,0
11507,64000010,高雄市鹽埕區,男,申請人抽籤決定_從父姓,0
11507,64000010,高雄市鹽埕區,男,申請人抽籤決定_從母姓,0
11507,64000010,高雄市鹽埕區,男,申請人抽籤決定_傳統姓名,0
11507,64000010,高雄市鹽埕區,男,戶政事務所抽籤決定_從父姓,0
11507,64000010,高雄市鹽埕區,男,戶政事務所抽籤決定_從母姓,0
11507,64000010,高雄市鹽埕區,男,戶政事務所抽籤決定_傳統姓名,0
11507,64000010,高雄市鹽埕區,男,監護人決定依監護人之姓,0
11507,64000010,高雄市鹽埕區,女,雙方約定_從父姓,2
11507,64000010,高雄市鹽埕區,女,雙方約定_從母姓,0
11507,64000010,高雄市鹽埕區,女,雙方約定_傳統姓名,0
11507,64000010,高雄市鹽埕區,女,一方約定_從父姓,0
11507,64000010,高雄市鹽埕區,女,一方約定_從母姓,0
11507,64000010,高雄市鹽埕區,女,一方約定_傳統姓名,0
11507,64000010,高雄市鹽埕區,女,申請人抽籤決定_從父姓,0
11507,64000010,高雄市鹽埕區,女,申請人抽籤決定_從母姓,0
11507,64000010,高雄市鹽埕區,女,申請人抽籤決定_傳統姓名,0
11507,64000010,高雄市鹽埕區,女,戶政事務所抽籤決定_從父姓,0
11507,64000010,高雄市鹽埕區,女,戶政事務所抽籤決定_從母姓,0
11507,64000010,高雄市鹽埕區,女,戶政事務所抽籤決定_傳統姓名,0
11507,64000010,高雄市鹽埕區,女,監護人決定依監護人之姓,0
11507,64000020,高雄市鼓山區,男,雙方約定_從父姓,19
11507,64000020,高雄市鼓山區,男,雙方約定_從母姓,0
11507,64000020,高雄市鼓山區,男,雙方約定_傳統姓名,0
11507,64000020,高雄市鼓山區,男,一方約定_從父姓,0
11507,64000020,高雄市鼓山區,男,一方約定_從母姓,0
11507,64000020,高雄市鼓山區,男,一方約定_傳統姓名,0
11507,64000020,高雄市鼓山區,男,申請人抽籤決定_從父姓,0
11507,64000020,高雄市鼓山區,男,申請人抽籤決定_從母姓,1
11507,64000020,高雄市鼓山區,男,申請人抽籤決定_傳統姓名,0
11507,64000020,高雄市鼓山區,男,戶政事務所抽籤決定_從父姓,0
11507,64000020,高雄市鼓山區,男,戶政事務所抽籤決定_從母姓,0
11507,64000020,高雄市鼓山區,男,戶政事務所抽籤決定_傳統姓名,0
11507,64000020,高雄市鼓山區,男,監護人決定依監護人之姓,0
11507,64000020,高雄市鼓山區,女,雙方約定_從父姓,22
11507,64000020,高雄市鼓山區,女,雙方約定_從母姓,1
11507,64000020,高雄市鼓山區,女,雙方約定_傳統姓名,0
11507,64000020,高雄市鼓山區,女,一方約定_從父姓,0
11507,64000020,高雄市鼓山區,女,一方約定_從母姓,1
11507,64000020,高雄市鼓山區,女,一方約定_傳統姓名,0
11507,64000020,高雄市鼓山區,女,申請人抽籤決定_從父姓,0
11507,64000020,高雄市鼓山區,女,申請人抽籤決定_從母姓,0
11507,64000020,高雄市鼓山區,女,申請人抽籤決定_傳統姓名,0
11507,64000020,高雄市鼓山區,女,戶政事務所抽籤決定_從父姓,0
11507,64000020,高雄市鼓山區,女,戶政事務所抽籤決定_從母姓,0
11507,64000020,高雄市鼓山區,女,戶政事務所抽籤決定_傳統姓名,0
11507,64000020,高雄市鼓山區,女,監護人決定依監護人之姓,0
11507,64000030,高雄市左營區,男,雙方約定_從父姓,32
11507,64000030,高雄市左營區,男,雙方約定_從母姓,4
11507,64000030,高雄市左營區,男,雙方約定_傳統姓名,0
11507,64000030,高雄市左營區,男,一方約定_從父姓,0
11507,64000030,高雄市左營區,男,一方約定_從母姓,0
11507,64000030,高雄市左營區,男,一方約定_傳統姓名,0
11507,64000030,高雄市左營區,男,申請人抽籤決定_從父姓,0
11507,64000030,高雄市左營區,男,申請人抽籤決定_從母姓,0
11507,64000030,高雄市左營區,男,申請人抽籤決定_傳統姓名,0
11507,64000030,高雄市左營區,男,戶政事務所抽籤決定_從父姓,0
11507,64000030,高雄市左營區,男,戶政事務所抽籤決定_從母姓,0
11507,64000030,高雄市左營區,男,戶政事務所抽籤決定_傳統姓名,0
11507,64000030,高雄市左營區,男,監護人決定依監護人之姓,0
11507,64000030,高雄市左營區,女,雙方約定_從父姓,28
11507,64000030,高雄市左營區,女,雙方約定_從母姓,2
11507,64000030,高雄市左營區,女,雙方約定_傳統姓名,0
11507,64000030,高雄市左營區,女,一方約定_從父姓,0
11507,64000030,高雄市左營區,女,一方約定_從母姓,2
11507,64000030,高雄市左營區,女,一方約定_傳統姓名,0
11507,64000030,高雄市左營區,女,申請人抽籤決定_從父姓,0
11507,64000030,高雄市左營區,女,申請人抽籤決定_從母姓,0
11507,64000030,高雄市左營區,女,申請人抽籤決定_傳統姓名,0
11507,64000030,高雄市左營區,女,戶政事務所抽籤決定_從父姓,0
11507,64000030,高雄市左營區,女,戶政事務所抽籤決定_從母姓,0
11507,64000030,高雄市左營區,女,戶政事務所抽籤決定_傳統姓名,0
11507,64000030,高雄市左營區,女,監護人決定依監護人之姓,0
11507,64000040,高雄市楠梓區,男,雙方約定_從父姓,31
11507,64000040,高雄市楠梓區,男,雙方約定_從母姓,2
11507,64000040,高雄市楠梓區,男,雙方約定_傳統姓名,0
11507,64000040,高雄市楠梓區,男,一方約定_從父姓,0
11507,64000040,高雄市楠梓區,男,一方約定_從母姓,0
11507,64000040,高雄市楠梓區,男,一方約定_傳統姓名,0
11507,64000040,高雄市楠梓區,男,申請人抽籤決定_從父姓,0
11507,64000040,高雄市楠梓區,男,申請人抽籤決定_從母姓,0
11507,64000040,高雄市楠梓區,男,申請人抽籤決定_傳統姓名,0
11507,64000040,高雄市楠梓區,男,戶政事務所抽籤決定_從父姓,0
11507,64000040,高雄市楠梓區,男,戶政事務所抽籤決定_從母姓,0
11507,64000040,高雄市楠梓區,男,戶政事務所抽籤決定_傳統姓名,0
11507,64000040,高雄市楠梓區,男,監護人決定依監護人之姓,0
11507,64000040,高雄市楠梓區,女,雙方約定_從父姓,30
11507,64000040,高雄市楠梓區,女,雙方約定_從母姓,2
11507,64000040,高雄市楠梓區,女,雙方約定_傳統姓名,0
11507,64000040,高雄市楠梓區,女,一方約定_從父姓,0
11507,64000040,高雄市楠梓區,女,一方約定_從母姓,1
11507,64000040,高雄市楠梓區,女,一方約定_傳統姓名,0
11507,64000040,高雄市楠梓區,女,申請人抽籤決定_從父姓,0
11507,64000040,高雄市楠梓區,女,申請人抽籤決定_從母姓,0
11507,64000040,高雄市楠梓區,女,申請人抽籤決定_傳統姓名,0
11507,64000040,高雄市楠梓區,女,戶政事務所抽籤決定_從父姓,0
11507,64000040,高雄市楠梓區,女,戶政事務所抽籤決定_從母姓,0
11507,64000040,高雄市楠梓區,女,戶政事務所抽籤決定_傳統姓名,0
11507,64000040,高雄市楠梓區,女,監護人決定依監護人之姓,0
11507,64000050,高雄市三民區,男,雙方約定_從父姓,52
11507,64000050,高雄市三民區,男,雙方約定_從母姓,1
11507,64000050,高雄市三民區,男,雙方約定_傳統姓名,0
11507,64000050,高雄市三民區,男,一方約定_從父姓,0
11507,64000050,高雄市三民區,男,一方約定_從母姓,1
11507,64000050,高雄市三民區,男,一方約定_傳統姓名,0
11507,64000050,高雄市三民區,男,申請人抽籤決定_從父姓,0
11507,64000050,高雄市三民區,男,申請人抽籤決定_從母姓,1
11507,64000050,高雄市三民區,男,申請人抽籤決定_傳統姓名,0
11507,64000050,高雄市三民區,男,戶政事務所抽籤決定_從父姓,0
11507,64000050,高雄市三民區,男,戶政事務所抽籤決定_從母姓,0
11507,64000050,高雄市三民區,男,戶政事務所抽籤決定_傳統姓名,0
11507,64000050,高雄市三民區,男,監護人決定依監護人之姓,0
11507,64000050,高雄市三民區,女,雙方約定_從父姓,41
11507,64000050,高雄市三民區,女,雙方約定_從母姓,0
11507,64000050,高雄市三民區,女,雙方約定_傳統姓名,0
11507,64000050,高雄市三民區,女,一方約定_從父姓,0
11507,64000050,高雄市三民區,女,一方約定_從母姓,0
11507,64000050,高雄市三民區,女,一方約定_傳統姓名,0
11507,64000050,高雄市三民區,女,申請人抽籤決定_從父姓,0
11507,64000050,高雄市三民區,女,申請人抽籤決定_從母姓,0
11507,64000050,高雄市三民區,女,申請人抽籤決定_傳統姓名,0
11507,64000050,高雄市三民區,女,戶政事務所抽籤決定_從父姓,0
11507,64000050,高雄市三民區,女,戶政事務所抽籤決定_從母姓,0
11507,64000050,高雄市三民區,女,戶政事務所抽籤決定_傳統姓名,0
11507,64000050,高雄市三民區,女,監護人決定依監護人之姓,0
11507,64000060,高雄市新興區,男,雙方約定_從父姓,6
11507,64000060,高雄市新興區,男,雙方約定_從母姓,0
11507,64000060,高雄市新興區,男,雙方約定_傳統姓名,0
11507,64000060,高雄市新興區,男,一方約定_從父姓,0
11507,64000060,高雄市新興區,男,一方約定_從母姓,1
11507,64000060,高雄市新興區,男,一方約定_傳統姓名,0
11507,64000060,高雄市新興區,男,申請人抽籤決定_從父姓,0
11507,64000060,高雄市新興區,男,申請人抽籤決定_從母姓,0
11507,64000060,高雄市新興區,男,申請人抽籤決定_傳統姓名,0
11507,64000060,高雄市新興區,男,戶政事務所抽籤決定_從父姓,0
11507,64000060,高雄市新興區,男,戶政事務所抽籤決定_從母姓,0
11507,64000060,高雄市新興區,男,戶政事務所抽籤決定_傳統姓名,0
11507,64000060,高雄市新興區,男,監護人決定依監護人之姓,0
11507,64000060,高雄市新興區,女,雙方約定_從父姓,3
11507,64000060,高雄市新興區,女,雙方約定_從母姓,0
11507,64000060,高雄市新興區,女,雙方約定_傳統姓名,0
11507,64000060,高雄市新興區,女,一方約定_從父姓,0
11507,64000060,高雄市新興區,女,一方約定_從母姓,0
11507,64000060,高雄市新興區,女,一方約定_傳統姓名,0
11507,64000060,高雄市新興區,女,申請人抽籤決定_從父姓,0
11507,64000060,高雄市新興區,女,申請人抽籤決定_從母姓,0
11507,64000060,高雄市新興區,女,申請人抽籤決定_傳統姓名,0
11507,64000060,高雄市新興區,女,戶政事務所抽籤決定_從父姓,0
11507,64000060,高雄市新興區,女,戶政事務所抽籤決定_從母姓,0
11507,64000060,高雄市新興區,女,戶政事務所抽籤決定_傳統姓名,0
11507,64000060,高雄市新興區,女,監護人決定依監護人之姓,0
11507,64000070,高雄市前金區,男,雙方約定_從父姓,3
11507,64000070,高雄市前金區,男,雙方約定_從母姓,1
11507,64000070,高雄市前金區,男,雙方約定_傳統姓名,0
11507,64000070,高雄市前金區,男,一方約定_從父姓,0
11507,64000070,高雄市前金區,男,一方約定_從母姓,0
11507,64000070,高雄市前金區,男,一方約定_傳統姓名,0
11507,64000070,高雄市前金區,男,申請人抽籤決定_從父姓,0
11507,64000070,高雄市前金區,男,申請人抽籤決定_從母姓,0
11507,64000070,高雄市前金區,男,申請人抽籤決定_傳統姓名,0
11507,64000070,高雄市前金區,男,戶政事務所抽籤決定_從父姓,0
11507,64000070,高雄市前金區,男,戶政事務所抽籤決定_從母姓,0
11507,64000070,高雄市前金區,男,戶政事務所抽籤決定_傳統姓名,0
11507,64000070,高雄市前金區,男,監護人決定依監護人之姓,0
11507,64000070,高雄市前金區,女,雙方約定_從父姓,2
11507,64000070,高雄市前金區,女,雙方約定_從母姓,1
11507,64000070,高雄市前金區,女,雙方約定_傳統姓名,0
11507,64000070,高雄市前金區,女,一方約定_從父姓,0
11507,64000070,高雄市前金區,女,一方約定_從母姓,0
11507,64000070,高雄市前金區,女,一方約定_傳統姓名,0
11507,64000070,高雄市前金區,女,申請人抽籤決定_從父姓,0
11507,64000070,高雄市前金區,女,申請人抽籤決定_從母姓,0
11507,64000070,高雄市前金區,女,申請人抽籤決定_傳統姓名,0
11507,64000070,高雄市前金區,女,戶政事務所抽籤決定_從父姓,0
11507,64000070,高雄市前金區,女,戶政事務所抽籤決定_從母姓,0
11507,64000070,高雄市前金區,女,戶政事務所抽籤決定_傳統姓名,0
11507,64000070,高雄市前金區,女,監護人決定依監護人之姓,0
11507,64000080,高雄市苓雅區,男,雙方約定_從父姓,18
11507,64000080,高雄市苓雅區,男,雙方約定_從母姓,0
11507,64000080,高雄市苓雅區,男,雙方約定_傳統姓名,0
11507,64000080,高雄市苓雅區,男,一方約定_從父姓,0
11507,64000080,高雄市苓雅區,男,一方約定_從母姓,0
11507,64000080,高雄市苓雅區,男,一方約定_傳統姓名,0
11507,64000080,高雄市苓雅區,男,申請人抽籤決定_從父姓,0
11507,64000080,高雄市苓雅區,男,申請人抽籤決定_從母姓,1
11507,64000080,高雄市苓雅區,男,申請人抽籤決定_傳統姓名,0
11507,64000080,高雄市苓雅區,男,戶政事務所抽籤決定_從父姓,0
11507,64000080,高雄市苓雅區,男,戶政事務所抽籤決定_從母姓,0
11507,64000080,高雄市苓雅區,男,戶政事務所抽籤決定_傳統姓名,0
11507,64000080,高雄市苓雅區,男,監護人決定依監護人之姓,0
11507,64000080,高雄市苓雅區,女,雙方約定_從父姓,21
11507,64000080,高雄市苓雅區,女,雙方約定_從母姓,0
11507,64000080,高雄市苓雅區,女,雙方約定_傳統姓名,0
11507,64000080,高雄市苓雅區,女,一方約定_從父姓,0
11507,64000080,高雄市苓雅區,女,一方約定_從母姓,1
11507,64000080,高雄市苓雅區,女,一方約定_傳統姓名,0
11507,64000080,高雄市苓雅區,女,申請人抽籤決定_從父姓,1
11507,64000080,高雄市苓雅區,女,申請人抽籤決定_從母姓,1
11507,64000080,高雄市苓雅區,女,申請人抽籤決定_傳統姓名,0
11507,64000080,高雄市苓雅區,女,戶政事務所抽籤決定_從父姓,0
11507,64000080,高雄市苓雅區,女,戶政事務所抽籤決定_從母姓,0
11507,64000080,高雄市苓雅區,女,戶政事務所抽籤決定_傳統姓名,0
11507,64000080,高雄市苓雅區,女,監護人決定依監護人之姓,0
11507,64000090,高雄市前鎮區,男,雙方約定_從父姓,26
11507,64000090,高雄市前鎮區,男,雙方約定_從母姓,0
11507,64000090,高雄市前鎮區,男,雙方約定_傳統姓名,0
11507,64000090,高雄市前鎮區,男,一方約定_從父姓,0
11507,64000090,高雄市前鎮區,男,一方約定_從母姓,1
11507,64000090,高雄市前鎮區,男,一方約定_傳統姓名,0
11507,64000090,高雄市前鎮區,男,申請人抽籤決定_從父姓,0
11507,64000090,高雄市前鎮區,男,申請人抽籤決定_從母姓,0
11507,64000090,高雄市前鎮區,男,申請人抽籤決定_傳統姓名,0
11507,64000090,高雄市前鎮區,男,戶政事務所抽籤決定_從父姓,0
11507,64000090,高雄市前鎮區,男,戶政事務所抽籤決定_從母姓,0
11507,64000090,高雄市前鎮區,男,戶政事務所抽籤決定_傳統姓名,0
11507,64000090,高雄市前鎮區,男,監護人決定依監護人之姓,0
11507,64000090,高雄市前鎮區,女,雙方約定_從父姓,18
11507,64000090,高雄市前鎮區,女,雙方約定_從母姓,1
11507,64000090,高雄市前鎮區,女,雙方約定_傳統姓名,0
11507,64000090,高雄市前鎮區,女,一方約定_從父姓,0
11507,64000090,高雄市前鎮區,女,一方約定_從母姓,0
11507,64000090,高雄市前鎮區,女,一方約定_傳統姓名,0
11507,64000090,高雄市前鎮區,女,申請人抽籤決定_從父姓,0
11507,64000090,高雄市前鎮區,女,申請人抽籤決定_從母姓,0
11507,64000090,高雄市前鎮區,女,申請人抽籤決定_傳統姓名,0
11507,64000090,高雄市前鎮區,女,戶政事務所抽籤決定_從父姓,0
11507,64000090,高雄市前鎮區,女,戶政事務所抽籤決定_從母姓,0
11507,64000090,高雄市前鎮區,女,戶政事務所抽籤決定_傳統姓名,0
11507,64000090,高雄市前鎮區,女,監護人決定依監護人之姓,0
11507,64000100,高雄市旗津區,男,雙方約定_從父姓,4
11507,64000100,高雄市旗津區,男,雙方約定_從母姓,1
11507,64000100,高雄市旗津區,男,雙方約定_傳統姓名,0
11507,64000100,高雄市旗津區,男,一方約定_從父姓,0
11507,64000100,高雄市旗津區,男,一方約定_從母姓,0
11507,64000100,高雄市旗津區,男,一方約定_傳統姓名,0
11507,64000100,高雄市旗津區,男,申請人抽籤決定_從父姓,0
11507,64000100,高雄市旗津區,男,申請人抽籤決定_從母姓,0
11507,64000100,高雄市旗津區,男,申請人抽籤決定_傳統姓名,0
11507,64000100,高雄市旗津區,男,戶政事務所抽籤決定_從父姓,0
11507,64000100,高雄市旗津區,男,戶政事務所抽籤決定_從母姓,0
11507,64000100,高雄市旗津區,男,戶政事務所抽籤決定_傳統姓名,0
11507,64000100,高雄市旗津區,男,監護人決定依監護人之姓,0
11507,64000100,高雄市旗津區,女,雙方約定_從父姓,5
11507,64000100,高雄市旗津區,女,雙方約定_從母姓,0
11507,64000100,高雄市旗津區,女,雙方約定_傳統姓名,0
11507,64000100,高雄市旗津區,女,一方約定_從父姓,0
11507,64000100,高雄市旗津區,女,一方約定_從母姓,0
11507,64000100,高雄市旗津區,女,一方約定_傳統姓名,0
11507,64000100,高雄市旗津區,女,申請人抽籤決定_從父姓,0
11507,64000100,高雄市旗津區,女,申請人抽籤決定_從母姓,0
11507,64000100,高雄市旗津區,女,申請人抽籤決定_傳統姓名,0
11507,64000100,高雄市旗津區,女,戶政事務所抽籤決定_從父姓,0
11507,64000100,高雄市旗津區,女,戶政事務所抽籤決定_從母姓,0
11507,64000100,高雄市旗津區,女,戶政事務所抽籤決定_傳統姓名,0
11507,64000100,高雄市旗津區,女,監護人決定依監護人之姓,0
11507,64000110,高雄市小港區,男,雙方約定_從父姓,26
11507,64000110,高雄市小港區,男,雙方約定_從母姓,2
11507,64000110,高雄市小港區,男,雙方約定_傳統姓名,0
11507,64000110,高雄市小港區,男,一方約定_從父姓,0
11507,64000110,高雄市小港區,男,一方約定_從母姓,0
11507,64000110,高雄市小港區,男,一方約定_傳統姓名,0
11507,64000110,高雄市小港區,男,申請人抽籤決定_從父姓,0
11507,64000110,高雄市小港區,男,申請人抽籤決定_從母姓,0
11507,64000110,高雄市小港區,男,申請人抽籤決定_傳統姓名,0
11507,64000110,高雄市小港區,男,戶政事務所抽籤決定_從父姓,0
11507,64000110,高雄市小港區,男,戶政事務所抽籤決定_從母姓,0
11507,64000110,高雄市小港區,男,戶政事務所抽籤決定_傳統姓名,0
11507,64000110,高雄市小港區,男,監護人決定依監護人之姓,0
11507,64000110,高雄市小港區,女,雙方約定_從父姓,23
11507,64000110,高雄市小港區,女,雙方約定_從母姓,0
11507,64000110,高雄市小港區,女,雙方約定_傳統姓名,0
11507,64000110,高雄市小港區,女,一方約定_從父姓,0
11507,64000110,高雄市小港區,女,一方約定_從母姓,1
11507,64000110,高雄市小港區,女,一方約定_傳統姓名,0
11507,64000110,高雄市小港區,女,申請人抽籤決定_從父姓,0
11507,64000110,高雄市小港區,女,申請人抽籤決定_從母姓,0
11507,64000110,高雄市小港區,女,申請人抽籤決定_傳統姓名,0
11507,64000110,高雄市小港區,女,戶政事務所抽籤決定_從父姓,0
11507,64000110,高雄市小港區,女,戶政事務所抽籤決定_從母姓,0
11507,64000110,高雄市小港區,女,戶政事務所抽籤決定_傳統姓名,0
11507,64000110,高雄市小港區,女,監護人決定依監護人之姓,0
11507,64000120,高雄市鳳山區,男,雙方約定_從父姓,71
11507,64000120,高雄市鳳山區,男,雙方約定_從母姓,1
11507,64000120,高雄市鳳山區,男,雙方約定_傳統姓名,0
11507,64000120,高雄市鳳山區,男,一方約定_從父姓,0
11507,64000120,高雄市鳳山區,男,一方約定_從母姓,3
11507,64000120,高雄市鳳山區,男,一方約定_傳統姓名,0
11507,64000120,高雄市鳳山區,男,申請人抽籤決定_從父姓,0
11507,64000120,高雄市鳳山區,男,申請人抽籤決定_從母姓,0
11507,64000120,高雄市鳳山區,男,申請人抽籤決定_傳統姓名,0
11507,64000120,高雄市鳳山區,男,戶政事務所抽籤決定_從父姓,0
11507,64000120,高雄市鳳山區,男,戶政事務所抽籤決定_從母姓,0
11507,64000120,高雄市鳳山區,男,戶政事務所抽籤決定_傳統姓名,0
11507,64000120,高雄市鳳山區,男,監護人決定依監護人之姓,0
11507,64000120,高雄市鳳山區,女,雙方約定_從父姓,51
11507,64000120,高雄市鳳山區,女,雙方約定_從母姓,1
11507,64000120,高雄市鳳山區,女,雙方約定_傳統姓名,0
11507,64000120,高雄市鳳山區,女,一方約定_從父姓,0
11507,64000120,高雄市鳳山區,女,一方約定_從母姓,0
11507,64000120,高雄市鳳山區,女,一方約定_傳統姓名,0
11507,64000120,高雄市鳳山區,女,申請人抽籤決定_從父姓,0
11507,64000120,高雄市鳳山區,女,申請人抽籤決定_從母姓,1
11507,64000120,高雄市鳳山區,女,申請人抽籤決定_傳統姓名,0
11507,64000120,高雄市鳳山區,女,戶政事務所抽籤決定_從父姓,0
11507,64000120,高雄市鳳山區,女,戶政事務所抽籤決定_從母姓,0
11507,64000120,高雄市鳳山區,女,戶政事務所抽籤決定_傳統姓名,0
11507,64000120,高雄市鳳山區,女,監護人決定依監護人之姓,0
11507,64000130,高雄市林園區,男,雙方約定_從父姓,15
11507,64000130,高雄市林園區,男,雙方約定_從母姓,1
11507,64000130,高雄市林園區,男,雙方約定_傳統姓名,0
11507,64000130,高雄市林園區,男,一方約定_從父姓,0
11507,64000130,高雄市林園區,男,一方約定_從母姓,1
11507,64000130,高雄市林園區,男,一方約定_傳統姓名,0
11507,64000130,高雄市林園區,男,申請人抽籤決定_從父姓,0
11507,64000130,高雄市林園區,男,申請人抽籤決定_從母姓,0
11507,64000130,高雄市林園區,男,申請人抽籤決定_傳統姓名,0
11507,64000130,高雄市林園區,男,戶政事務所抽籤決定_從父姓,0
11507,64000130,高雄市林園區,男,戶政事務所抽籤決定_從母姓,0
11507,64000130,高雄市林園區,男,戶政事務所抽籤決定_傳統姓名,0
11507,64000130,高雄市林園區,男,監護人決定依監護人之姓,0
11507,64000130,高雄市林園區,女,雙方約定_從父姓,18
11507,64000130,高雄市林園區,女,雙方約定_從母姓,0
11507,64000130,高雄市林園區,女,雙方約定_傳統姓名,0
11507,64000130,高雄市林園區,女,一方約定_從父姓,0
11507,64000130,高雄市林園區,女,一方約定_從母姓,0
11507,64000130,高雄市林園區,女,一方約定_傳統姓名,0
11507,64000130,高雄市林園區,女,申請人抽籤決定_從父姓,0
11507,64000130,高雄市林園區,女,申請人抽籤決定_從母姓,0
11507,64000130,高雄市林園區,女,申請人抽籤決定_傳統姓名,0
11507,64000130,高雄市林園區,女,戶政事務所抽籤決定_從父姓,0
11507,64000130,高雄市林園區,女,戶政事務所抽籤決定_從母姓,0
11507,64000130,高雄市林園區,女,戶政事務所抽籤決定_傳統姓名,0
11507,64000130,高雄市林園區,女,監護人決定依監護人之姓,0
11507,64000140,高雄市大寮區,男,雙方約定_從父姓,25
11507,64000140,高雄市大寮區,男,雙方約定_從母姓,0
11507,64000140,高雄市大寮區,男,雙方約定_傳統姓名,0
11507,64000140,高雄市大寮區,男,一方約定_從父姓,0
11507,64000140,高雄市大寮區,男,一方約定_從母姓,1
11507,64000140,高雄市大寮區,男,一方約定_傳統姓名,0
11507,64000140,高雄市大寮區,男,申請人抽籤決定_從父姓,0
11507,64000140,高雄市大寮區,男,申請人抽籤決定_從母姓,0
11507,64000140,高雄市大寮區,男,申請人抽籤決定_傳統姓名,0
11507,64000140,高雄市大寮區,男,戶政事務所抽籤決定_從父姓,0
11507,64000140,高雄市大寮區,男,戶政事務所抽籤決定_從母姓,0
11507,64000140,高雄市大寮區,男,戶政事務所抽籤決定_傳統姓名,0
11507,64000140,高雄市大寮區,男,監護人決定依監護人之姓,0
11507,64000140,高雄市大寮區,女,雙方約定_從父姓,23
11507,64000140,高雄市大寮區,女,雙方約定_從母姓,2
11507,64000140,高雄市大寮區,女,雙方約定_傳統姓名,0
11507,64000140,高雄市大寮區,女,一方約定_從父姓,0
11507,64000140,高雄市大寮區,女,一方約定_從母姓,2
11507,64000140,高雄市大寮區,女,一方約定_傳統姓名,0
11507,64000140,高雄市大寮區,女,申請人抽籤決定_從父姓,0
11507,64000140,高雄市大寮區,女,申請人抽籤決定_從母姓,0
11507,64000140,高雄市大寮區,女,申請人抽籤決定_傳統姓名,0
11507,64000140,高雄市大寮區,女,戶政事務所抽籤決定_從父姓,0
11507,64000140,高雄市大寮區,女,戶政事務所抽籤決定_從母姓,0
11507,64000140,高雄市大寮區,女,戶政事務所抽籤決定_傳統姓名,0
11507,64000140,高雄市大寮區,女,監護人決定依監護人之姓,0
11507,64000150,高雄市大樹區,男,雙方約定_從父姓,3
11507,64000150,高雄市大樹區,男,雙方約定_從母姓,0
11507,64000150,高雄市大樹區,男,雙方約定_傳統姓名,0
11507,64000150,高雄市大樹區,男,一方約定_從父姓,0
11507,64000150,高雄市大樹區,男,一方約定_從母姓,0
11507,64000150,高雄市大樹區,男,一方約定_傳統姓名,0
11507,64000150,高雄市大樹區,男,申請人抽籤決定_從父姓,0
11507,64000150,高雄市大樹區,男,申請人抽籤決定_從母姓,0
11507,64000150,高雄市大樹區,男,申請人抽籤決定_傳統姓名,0
11507,64000150,高雄市大樹區,男,戶政事務所抽籤決定_從父姓,0
11507,64000150,高雄市大樹區,男,戶政事務所抽籤決定_從母姓,0
11507,64000150,高雄市大樹區,男,戶政事務所抽籤決定_傳統姓名,0
11507,64000150,高雄市大樹區,男,監護人決定依監護人之姓,0
11507,64000150,高雄市大樹區,女,雙方約定_從父姓,7
11507,64000150,高雄市大樹區,女,雙方約定_從母姓,0
11507,64000150,高雄市大樹區,女,雙方約定_傳統姓名,0
11507,64000150,高雄市大樹區,女,一方約定_從父姓,0
11507,64000150,高雄市大樹區,女,一方約定_從母姓,0
11507,64000150,高雄市大樹區,女,一方約定_傳統姓名,0
11507,64000150,高雄市大樹區,女,申請人抽籤決定_從父姓,0
11507,64000150,高雄市大樹區,女,申請人抽籤決定_從母姓,0
11507,64000150,高雄市大樹區,女,申請人抽籤決定_傳統姓名,0
11507,64000150,高雄市大樹區,女,戶政事務所抽籤決定_從父姓,0
11507,64000150,高雄市大樹區,女,戶政事務所抽籤決定_從母姓,0
11507,64000150,高雄市大樹區,女,戶政事務所抽籤決定_傳統姓名,0
11507,64000150,高雄市大樹區,女,監護人決定依監護人之姓,0
11507,64000160,高雄市大社區,男,雙方約定_從父姓,5
11507,64000160,高雄市大社區,男,雙方約定_從母姓,0
11507,64000160,高雄市大社區,男,雙方約定_傳統姓名,0
11507,64000160,高雄市大社區,男,一方約定_從父姓,0
11507,64000160,高雄市大社區,男,一方約定_從母姓,1
11507,64000160,高雄市大社區,男,一方約定_傳統姓名,0
11507,64000160,高雄市大社區,男,申請人抽籤決定_從父姓,0
11507,64000160,高雄市大社區,男,申請人抽籤決定_從母姓,0
11507,64000160,高雄市大社區,男,申請人抽籤決定_傳統姓名,0
11507,64000160,高雄市大社區,男,戶政事務所抽籤決定_從父姓,0
11507,64000160,高雄市大社區,男,戶政事務所抽籤決定_從母姓,0
11507,64000160,高雄市大社區,男,戶政事務所抽籤決定_傳統姓名,0
11507,64000160,高雄市大社區,男,監護人決定依監護人之姓,0
11507,64000160,高雄市大社區,女,雙方約定_從父姓,2
11507,64000160,高雄市大社區,女,雙方約定_從母姓,0
11507,64000160,高雄市大社區,女,雙方約定_傳統姓名,0
11507,64000160,高雄市大社區,女,一方約定_從父姓,0
11507,64000160,高雄市大社區,女,一方約定_從母姓,1
11507,64000160,高雄市大社區,女,一方約定_傳統姓名,0
11507,64000160,高雄市大社區,女,申請人抽籤決定_從父姓,0
11507,64000160,高雄市大社區,女,申請人抽籤決定_從母姓,0
11507,64000160,高雄市大社區,女,申請人抽籤決定_傳統姓名,0
11507,64000160,高雄市大社區,女,戶政事務所抽籤決定_從父姓,0
11507,64000160,高雄市大社區,女,戶政事務所抽籤決定_從母姓,0
11507,64000160,高雄市大社區,女,戶政事務所抽籤決定_傳統姓名,0
11507,64000160,高雄市大社區,女,監護人決定依監護人之姓,0
11507,64000170,高雄市仁武區,男,雙方約定_從父姓,35
11507,64000170,高雄市仁武區,男,雙方約定_從母姓,2
11507,64000170,高雄市仁武區,男,雙方約定_傳統姓名,0
11507,64000170,高雄市仁武區,男,一方約定_從父姓,0
11507,64000170,高雄市仁武區,男,一方約定_從母姓,0
11507,64000170,高雄市仁武區,男,一方約定_傳統姓名,0
11507,64000170,高雄市仁武區,男,申請人抽籤決定_從父姓,0
11507,64000170,高雄市仁武區,男,申請人抽籤決定_從母姓,0
11507,64000170,高雄市仁武區,男,申請人抽籤決定_傳統姓名,0
11507,64000170,高雄市仁武區,男,戶政事務所抽籤決定_從父姓,0
11507,64000170,高雄市仁武區,男,戶政事務所抽籤決定_從母姓,0
11507,64000170,高雄市仁武區,男,戶政事務所抽籤決定_傳統姓名,0
11507,64000170,高雄市仁武區,男,監護人決定依監護人之姓,0
11507,64000170,高雄市仁武區,女,雙方約定_從父姓,21
11507,64000170,高雄市仁武區,女,雙方約定_從母姓,1
11507,64000170,高雄市仁武區,女,雙方約定_傳統姓名,0
11507,64000170,高雄市仁武區,女,一方約定_從父姓,0
11507,64000170,高雄市仁武區,女,一方約定_從母姓,1
11507,64000170,高雄市仁武區,女,一方約定_傳統姓名,0
11507,64000170,高雄市仁武區,女,申請人抽籤決定_從父姓,0
11507,64000170,高雄市仁武區,女,申請人抽籤決定_從母姓,0
11507,64000170,高雄市仁武區,女,申請人抽籤決定_傳統姓名,0
11507,64000170,高雄市仁武區,女,戶政事務所抽籤決定_從父姓,0
11507,64000170,高雄市仁武區,女,戶政事務所抽籤決定_從母姓,0
11507,64000170,高雄市仁武區,女,戶政事務所抽籤決定_傳統姓名,0
11507,64000170,高雄市仁武區,女,監護人決定依監護人之姓,0
11507,64000180,高雄市鳥松區,男,雙方約定_從父姓,9
11507,64000180,高雄市鳥松區,男,雙方約定_從母姓,1
11507,64000180,高雄市鳥松區,男,雙方約定_傳統姓名,0
11507,64000180,高雄市鳥松區,男,一方約定_從父姓,0
11507,64000180,高雄市鳥松區,男,一方約定_從母姓,0
11507,64000180,高雄市鳥松區,男,一方約定_傳統姓名,0
11507,64000180,高雄市鳥松區,男,申請人抽籤決定_從父姓,0
11507,64000180,高雄市鳥松區,男,申請人抽籤決定_從母姓,0
11507,64000180,高雄市鳥松區,男,申請人抽籤決定_傳統姓名,0
11507,64000180,高雄市鳥松區,男,戶政事務所抽籤決定_從父姓,0
11507,64000180,高雄市鳥松區,男,戶政事務所抽籤決定_從母姓,0
11507,64000180,高雄市鳥松區,男,戶政事務所抽籤決定_傳統姓名,0
11507,64000180,高雄市鳥松區,男,監護人決定依監護人之姓,0
11507,64000180,高雄市鳥松區,女,雙方約定_從父姓,7
11507,64000180,高雄市鳥松區,女,雙方約定_從母姓,0
11507,64000180,高雄市鳥松區,女,雙方約定_傳統姓名,0
11507,64000180,高雄市鳥松區,女,一方約定_從父姓,0
11507,64000180,高雄市鳥松區,女,一方約定_從母姓,0
11507,64000180,高雄市鳥松區,女,一方約定_傳統姓名,0
11507,64000180,高雄市鳥松區,女,申請人抽籤決定_從父姓,0
11507,64000180,高雄市鳥松區,女,申請人抽籤決定_從母姓,0
11507,64000180,高雄市鳥松區,女,申請人抽籤決定_傳統姓名,0
11507,64000180,高雄市鳥松區,女,戶政事務所抽籤決定_從父姓,0
11507,64000180,高雄市鳥松區,女,戶政事務所抽籤決定_從母姓,0
11507,64000180,高雄市鳥松區,女,戶政事務所抽籤決定_傳統姓名,0
11507,64000180,高雄市鳥松區,女,監護人決定依監護人之姓,0
11507,64000190,高雄市岡山區,男,雙方約定_從父姓,13
11507,64000190,高雄市岡山區,男,雙方約定_從母姓,0
11507,64000190,高雄市岡山區,男,雙方約定_傳統姓名,0
11507,64000190,高雄市岡山區,男,一方約定_從父姓,0
11507,64000190,高雄市岡山區,男,一方約定_從母姓,0
11507,64000190,高雄市岡山區,男,一方約定_傳統姓名,0
11507,64000190,高雄市岡山區,男,申請人抽籤決定_從父姓,0
11507,64000190,高雄市岡山區,男,申請人抽籤決定_從母姓,0
11507,64000190,高雄市岡山區,男,申請人抽籤決定_傳統姓名,0
11507,64000190,高雄市岡山區,男,戶政事務所抽籤決定_從父姓,0
11507,64000190,高雄市岡山區,男,戶政事務所抽籤決定_從母姓,0
11507,64000190,高雄市岡山區,男,戶政事務所抽籤決定_傳統姓名,0
11507,64000190,高雄市岡山區,男,監護人決定依監護人之姓,0
11507,64000190,高雄市岡山區,女,雙方約定_從父姓,8
11507,64000190,高雄市岡山區,女,雙方約定_從母姓,0
11507,64000190,高雄市岡山區,女,雙方約定_傳統姓名,0
11507,64000190,高雄市岡山區,女,一方約定_從父姓,0
11507,64000190,高雄市岡山區,女,一方約定_從母姓,0
11507,64000190,高雄市岡山區,女,一方約定_傳統姓名,0
11507,64000190,高雄市岡山區,女,申請人抽籤決定_從父姓,0
11507,64000190,高雄市岡山區,女,申請人抽籤決定_從母姓,0
11507,64000190,高雄市岡山區,女,申請人抽籤決定_傳統姓名,0
11507,64000190,高雄市岡山區,女,戶政事務所抽籤決定_從父姓,0
11507,64000190,高雄市岡山區,女,戶政事務所抽籤決定_從母姓,0
11507,64000190,高雄市岡山區,女,戶政事務所抽籤決定_傳統姓名,0
11507,64000190,高雄市岡山區,女,監護人決定依監護人之姓,0
11507,64000200,高雄市橋頭區,男,雙方約定_從父姓,13
11507,64000200,高雄市橋頭區,男,雙方約定_從母姓,0
11507,64000200,高雄市橋頭區,男,雙方約定_傳統姓名,0
11507,64000200,高雄市橋頭區,男,一方約定_從父姓,0
11507,64000200,高雄市橋頭區,男,一方約定_從母姓,0
11507,64000200,高雄市橋頭區,男,一方約定_傳統姓名,0
11507,64000200,高雄市橋頭區,男,申請人抽籤決定_從父姓,0
11507,64000200,高雄市橋頭區,男,申請人抽籤決定_從母姓,0
11507,64000200,高雄市橋頭區,男,申請人抽籤決定_傳統姓名,0
11507,64000200,高雄市橋頭區,男,戶政事務所抽籤決定_從父姓,0
11507,64000200,高雄市橋頭區,男,戶政事務所抽籤決定_從母姓,0
11507,64000200,高雄市橋頭區,男,戶政事務所抽籤決定_傳統姓名,0
11507,64000200,高雄市橋頭區,男,監護人決定依監護人之姓,0
11507,64000200,高雄市橋頭區,女,雙方約定_從父姓,12
11507,64000200,高雄市橋頭區,女,雙方約定_從母姓,1
11507,64000200,高雄市橋頭區,女,雙方約定_傳統姓名,0
11507,64000200,高雄市橋頭區,女,一方約定_從父姓,0
11507,64000200,高雄市橋頭區,女,一方約定_從母姓,1
11507,64000200,高雄市橋頭區,女,一方約定_傳統姓名,0
11507,64000200,高雄市橋頭區,女,申請人抽籤決定_從父姓,0
11507,64000200,高雄市橋頭區,女,申請人抽籤決定_從母姓,0
11507,64000200,高雄市橋頭區,女,申請人抽籤決定_傳統姓名,0
11507,64000200,高雄市橋頭區,女,戶政事務所抽籤決定_從父姓,0
11507,64000200,高雄市橋頭區,女,戶政事務所抽籤決定_從母姓,0
11507,64000200,高雄市橋頭區,女,戶政事務所抽籤決定_傳統姓名,0
11507,64000200,高雄市橋頭區,女,監護人決定依監護人之姓,0
11507,64000210,高雄市燕巢區,男,雙方約定_從父姓,3
11507,64000210,高雄市燕巢區,男,雙方約定_從母姓,0
11507,64000210,高雄市燕巢區,男,雙方約定_傳統姓名,0
11507,64000210,高雄市燕巢區,男,一方約定_從父姓,0
11507,64000210,高雄市燕巢區,男,一方約定_從母姓,0
11507,64000210,高雄市燕巢區,男,一方約定_傳統姓名,0
11507,64000210,高雄市燕巢區,男,申請人抽籤決定_從父姓,0
11507,64000210,高雄市燕巢區,男,申請人抽籤決定_從母姓,0
11507,64000210,高雄市燕巢區,男,申請人抽籤決定_傳統姓名,0
11507,64000210,高雄市燕巢區,男,戶政事務所抽籤決定_從父姓,0
11507,64000210,高雄市燕巢區,男,戶政事務所抽籤決定_從母姓,0
11507,64000210,高雄市燕巢區,男,戶政事務所抽籤決定_傳統姓名,0
11507,64000210,高雄市燕巢區,男,監護人決定依監護人之姓,0
11507,64000210,高雄市燕巢區,女,雙方約定_從父姓,3
11507,64000210,高雄市燕巢區,女,雙方約定_從母姓,0
11507,64000210,高雄市燕巢區,女,雙方約定_傳統姓名,0
11507,64000210,高雄市燕巢區,女,一方約定_從父姓,0
11507,64000210,高雄市燕巢區,女,一方約定_從母姓,0
11507,64000210,高雄市燕巢區,女,一方約定_傳統姓名,0
11507,64000210,高雄市燕巢區,女,申請人抽籤決定_從父姓,0
11507,64000210,高雄市燕巢區,女,申請人抽籤決定_從母姓,0
11507,64000210,高雄市燕巢區,女,申請人抽籤決定_傳統姓名,0
11507,64000210,高雄市燕巢區,女,戶政事務所抽籤決定_從父姓,0
11507,64000210,高雄市燕巢區,女,戶政事務所抽籤決定_從母姓,0
11507,64000210,高雄市燕巢區,女,戶政事務所抽籤決定_傳統姓名,0
11507,64000210,高雄市燕巢區,女,監護人決定依監護人之姓,0
11507,64000220,高雄市田寮區,男,雙方約定_從父姓,0
11507,64000220,高雄市田寮區,男,雙方約定_從母姓,0
11507,64000220,高雄市田寮區,男,雙方約定_傳統姓名,0
11507,64000220,高雄市田寮區,男,一方約定_從父姓,0
11507,64000220,高雄市田寮區,男,一方約定_從母姓,0
11507,64000220,高雄市田寮區,男,一方約定_傳統姓名,0
11507,64000220,高雄市田寮區,男,申請人抽籤決定_從父姓,0
11507,64000220,高雄市田寮區,男,申請人抽籤決定_從母姓,0
11507,64000220,高雄市田寮區,男,申請人抽籤決定_傳統姓名,0
11507,64000220,高雄市田寮區,男,戶政事務所抽籤決定_從父姓,0
11507,64000220,高雄市田寮區,男,戶政事務所抽籤決定_從母姓,0
11507,64000220,高雄市田寮區,男,戶政事務所抽籤決定_傳統姓名,0
11507,64000220,高雄市田寮區,男,監護人決定依監護人之姓,0
11507,64000220,高雄市田寮區,女,雙方約定_從父姓,1
11507,64000220,高雄市田寮區,女,雙方約定_從母姓,0
11507,64000220,高雄市田寮區,女,雙方約定_傳統姓名,0
11507,64000220,高雄市田寮區,女,一方約定_從父姓,0
11507,64000220,高雄市田寮區,女,一方約定_從母姓,0
11507,64000220,高雄市田寮區,女,一方約定_傳統姓名,0
11507,64000220,高雄市田寮區,女,申請人抽籤決定_從父姓,0
11507,64000220,高雄市田寮區,女,申請人抽籤決定_從母姓,0
11507,64000220,高雄市田寮區,女,申請人抽籤決定_傳統姓名,0
11507,64000220,高雄市田寮區,女,戶政事務所抽籤決定_從父姓,0
11507,64000220,高雄市田寮區,女,戶政事務所抽籤決定_從母姓,0
11507,64000220,高雄市田寮區,女,戶政事務所抽籤決定_傳統姓名,0
11507,64000220,高雄市田寮區,女,監護人決定依監護人之姓,0
11507,64000230,高雄市阿蓮區,男,雙方約定_從父姓,6
11507,64000230,高雄市阿蓮區,男,雙方約定_從母姓,0
11507,64000230,高雄市阿蓮區,男,雙方約定_傳統姓名,0
11507,64000230,高雄市阿蓮區,男,一方約定_從父姓,0
11507,64000230,高雄市阿蓮區,男,一方約定_從母姓,1
11507,64000230,高雄市阿蓮區,男,一方約定_傳統姓名,0
11507,64000230,高雄市阿蓮區,男,申請人抽籤決定_從父姓,0
11507,64000230,高雄市阿蓮區,男,申請人抽籤決定_從母姓,0
11507,64000230,高雄市阿蓮區,男,申請人抽籤決定_傳統姓名,0
11507,64000230,高雄市阿蓮區,男,戶政事務所抽籤決定_從父姓,0
11507,64000230,高雄市阿蓮區,男,戶政事務所抽籤決定_從母姓,0
11507,64000230,高雄市阿蓮區,男,戶政事務所抽籤決定_傳統姓名,0
11507,64000230,高雄市阿蓮區,男,監護人決定依監護人之姓,0
11507,64000230,高雄市阿蓮區,女,雙方約定_從父姓,9
11507,64000230,高雄市阿蓮區,女,雙方約定_從母姓,0
11507,64000230,高雄市阿蓮區,女,雙方約定_傳統姓名,0
11507,64000230,高雄市阿蓮區,女,一方約定_從父姓,0
11507,64000230,高雄市阿蓮區,女,一方約定_從母姓,0
11507,64000230,高雄市阿蓮區,女,一方約定_傳統姓名,0
11507,64000230,高雄市阿蓮區,女,申請人抽籤決定_從父姓,0
11507,64000230,高雄市阿蓮區,女,申請人抽籤決定_從母姓,0
11507,64000230,高雄市阿蓮區,女,申請人抽籤決定_傳統姓名,0
11507,64000230,高雄市阿蓮區,女,戶政事務所抽籤決定_從父姓,0
11507,64000230,高雄市阿蓮區,女,戶政事務所抽籤決定_從母姓,0
11507,64000230,高雄市阿蓮區,女,戶政事務所抽籤決定_傳統姓名,0
11507,64000230,高雄市阿蓮區,女,監護人決定依監護人之姓,0
11507,64000240,高雄市路竹區,男,雙方約定_從父姓,13
11507,64000240,高雄市路竹區,男,雙方約定_從母姓,0
11507,64000240,高雄市路竹區,男,雙方約定_傳統姓名,0
11507,64000240,高雄市路竹區,男,一方約定_從父姓,0
11507,64000240,高雄市路竹區,男,一方約定_從母姓,0
11507,64000240,高雄市路竹區,男,一方約定_傳統姓名,0
11507,64000240,高雄市路竹區,男,申請人抽籤決定_從父姓,0
11507,64000240,高雄市路竹區,男,申請人抽籤決定_從母姓,0
11507,64000240,高雄市路竹區,男,申請人抽籤決定_傳統姓名,0
11507,64000240,高雄市路竹區,男,戶政事務所抽籤決定_從父姓,0
11507,64000240,高雄市路竹區,男,戶政事務所抽籤決定_從母姓,0
11507,64000240,高雄市路竹區,男,戶政事務所抽籤決定_傳統姓名,0
11507,64000240,高雄市路竹區,男,監護人決定依監護人之姓,0
11507,64000240,高雄市路竹區,女,雙方約定_從父姓,10
11507,64000240,高雄市路竹區,女,雙方約定_從母姓,0
11507,64000240,高雄市路竹區,女,雙方約定_傳統姓名,0
11507,64000240,高雄市路竹區,女,一方約定_從父姓,0
11507,64000240,高雄市路竹區,女,一方約定_從母姓,0
11507,64000240,高雄市路竹區,女,一方約定_傳統姓名,0
11507,64000240,高雄市路竹區,女,申請人抽籤決定_從父姓,0
11507,64000240,高雄市路竹區,女,申請人抽籤決定_從母姓,0
11507,64000240,高雄市路竹區,女,申請人抽籤決定_傳統姓名,0
11507,64000240,高雄市路竹區,女,戶政事務所抽籤決定_從父姓,0
11507,64000240,高雄市路竹區,女,戶政事務所抽籤決定_從母姓,0
11507,64000240,高雄市路竹區,女,戶政事務所抽籤決定_傳統姓名,0
11507,64000240,高雄市路竹區,女,監護人決定依監護人之姓,0
11507,64000250,高雄市湖內區,男,雙方約定_從父姓,9
11507,64000250,高雄市湖內區,男,雙方約定_從母姓,0
11507,64000250,高雄市湖內區,男,雙方約定_傳統姓名,0
11507,64000250,高雄市湖內區,男,一方約定_從父姓,0
11507,64000250,高雄市湖內區,男,一方約定_從母姓,0
11507,64000250,高雄市湖內區,男,一方約定_傳統姓名,0
11507,64000250,高雄市湖內區,男,申請人抽籤決定_從父姓,0
11507,64000250,高雄市湖內區,男,申請人抽籤決定_從母姓,0
11507,64000250,高雄市湖內區,男,申請人抽籤決定_傳統姓名,0
11507,64000250,高雄市湖內區,男,戶政事務所抽籤決定_從父姓,0
11507,64000250,高雄市湖內區,男,戶政事務所抽籤決定_從母姓,0
11507,64000250,高雄市湖內區,男,戶政事務所抽籤決定_傳統姓名,0
11507,64000250,高雄市湖內區,男,監護人決定依監護人之姓,0
11507,64000250,高雄市湖內區,女,雙方約定_從父姓,8
11507,64000250,高雄市湖內區,女,雙方約定_從母姓,1
11507,64000250,高雄市湖內區,女,雙方約定_傳統姓名,0
11507,64000250,高雄市湖內區,女,一方約定_從父姓,0
11507,64000250,高雄市湖內區,女,一方約定_從母姓,0
11507,64000250,高雄市湖內區,女,一方約定_傳統姓名,0
11507,64000250,高雄市湖內區,女,申請人抽籤決定_從父姓,0
11507,64000250,高雄市湖內區,女,申請人抽籤決定_從母姓,0
11507,64000250,高雄市湖內區,女,申請人抽籤決定_傳統姓名,0
11507,64000250,高雄市湖內區,女,戶政事務所抽籤決定_從父姓,0
11507,64000250,高雄市湖內區,女,戶政事務所抽籤決定_從母姓,0
11507,64000250,高雄市湖內區,女,戶政事務所抽籤決定_傳統姓名,0
11507,64000250,高雄市湖內區,女,監護人決定依監護人之姓,0
11507,64000260,高雄市茄萣區,男,雙方約定_從父姓,6
11507,64000260,高雄市茄萣區,男,雙方約定_從母姓,0
11507,64000260,高雄市茄萣區,男,雙方約定_傳統姓名,0
11507,64000260,高雄市茄萣區,男,一方約定_從父姓,0
11507,64000260,高雄市茄萣區,男,一方約定_從母姓,0
11507,64000260,高雄市茄萣區,男,一方約定_傳統姓名,0
11507,64000260,高雄市茄萣區,男,申請人抽籤決定_從父姓,0
11507,64000260,高雄市茄萣區,男,申請人抽籤決定_從母姓,0
11507,64000260,高雄市茄萣區,男,申請人抽籤決定_傳統姓名,0
11507,64000260,高雄市茄萣區,男,戶政事務所抽籤決定_從父姓,0
11507,64000260,高雄市茄萣區,男,戶政事務所抽籤決定_從母姓,0
11507,64000260,高雄市茄萣區,男,戶政事務所抽籤決定_傳統姓名,0
11507,64000260,高雄市茄萣區,男,監護人決定依監護人之姓,0
11507,64000260,高雄市茄萣區,女,雙方約定_從父姓,4
11507,64000260,高雄市茄萣區,女,雙方約定_從母姓,0
11507,64000260,高雄市茄萣區,女,雙方約定_傳統姓名,0
11507,64000260,高雄市茄萣區,女,一方約定_從父姓,0
11507,64000260,高雄市茄萣區,女,一方約定_從母姓,0
11507,64000260,高雄市茄萣區,女,一方約定_傳統姓名,0
11507,64000260,高雄市茄萣區,女,申請人抽籤決定_從父姓,0
11507,64000260,高雄市茄萣區,女,申請人抽籤決定_從母姓,0
11507,64000260,高雄市茄萣區,女,申請人抽籤決定_傳統姓名,0
11507,64000260,高雄市茄萣區,女,戶政事務所抽籤決定_從父姓,0
11507,64000260,高雄市茄萣區,女,戶政事務所抽籤決定_從母姓,0
11507,64000260,高雄市茄萣區,女,戶政事務所抽籤決定_傳統姓名,0
11507,64000260,高雄市茄萣區,女,監護人決定依監護人之姓,0
11507,64000270,高雄市永安區,男,雙方約定_從父姓,5
11507,64000270,高雄市永安區,男,雙方約定_從母姓,0
11507,64000270,高雄市永安區,男,雙方約定_傳統姓名,0
11507,64000270,高雄市永安區,男,一方約定_從父姓,0
11507,64000270,高雄市永安區,男,一方約定_從母姓,1
11507,64000270,高雄市永安區,男,一方約定_傳統姓名,0
11507,64000270,高雄市永安區,男,申請人抽籤決定_從父姓,0
11507,64000270,高雄市永安區,男,申請人抽籤決定_從母姓,0
11507,64000270,高雄市永安區,男,申請人抽籤決定_傳統姓名,0
11507,64000270,高雄市永安區,男,戶政事務所抽籤決定_從父姓,0
11507,64000270,高雄市永安區,男,戶政事務所抽籤決定_從母姓,0
11507,64000270,高雄市永安區,男,戶政事務所抽籤決定_傳統姓名,0
11507,64000270,高雄市永安區,男,監護人決定依監護人之姓,0
11507,64000270,高雄市永安區,女,雙方約定_從父姓,2
11507,64000270,高雄市永安區,女,雙方約定_從母姓,0
11507,64000270,高雄市永安區,女,雙方約定_傳統姓名,0
11507,64000270,高雄市永安區,女,一方約定_從父姓,0
11507,64000270,高雄市永安區,女,一方約定_從母姓,0
11507,64000270,高雄市永安區,女,一方約定_傳統姓名,0
11507,64000270,高雄市永安區,女,申請人抽籤決定_從父姓,0
11507,64000270,高雄市永安區,女,申請人抽籤決定_從母姓,0
11507,64000270,高雄市永安區,女,申請人抽籤決定_傳統姓名,0
11507,64000270,高雄市永安區,女,戶政事務所抽籤決定_從父姓,0
11507,64000270,高雄市永安區,女,戶政事務所抽籤決定_從母姓,0
11507,64000270,高雄市永安區,女,戶政事務所抽籤決定_傳統姓名,0
11507,64000270,高雄市永安區,女,監護人決定依監護人之姓,0
11507,64000280,高雄市彌陀區,男,雙方約定_從父姓,6
11507,64000280,高雄市彌陀區,男,雙方約定_從母姓,0
11507,64000280,高雄市彌陀區,男,雙方約定_傳統姓名,0
11507,64000280,高雄市彌陀區,男,一方約定_從父姓,0
11507,64000280,高雄市彌陀區,男,一方約定_從母姓,0
11507,64000280,高雄市彌陀區,男,一方約定_傳統姓名,0
11507,64000280,高雄市彌陀區,男,申請人抽籤決定_從父姓,0
11507,64000280,高雄市彌陀區,男,申請人抽籤決定_從母姓,0
11507,64000280,高雄市彌陀區,男,申請人抽籤決定_傳統姓名,0
11507,64000280,高雄市彌陀區,男,戶政事務所抽籤決定_從父姓,0
11507,64000280,高雄市彌陀區,男,戶政事務所抽籤決定_從母姓,0
11507,64000280,高雄市彌陀區,男,戶政事務所抽籤決定_傳統姓名,0
11507,64000280,高雄市彌陀區,男,監護人決定依監護人之姓,0
11507,64000280,高雄市彌陀區,女,雙方約定_從父姓,4
11507,64000280,高雄市彌陀區,女,雙方約定_從母姓,0
11507,64000280,高雄市彌陀區,女,雙方約定_傳統姓名,0
11507,64000280,高雄市彌陀區,女,一方約定_從父姓,0
11507,64000280,高雄市彌陀區,女,一方約定_從母姓,0
11507,64000280,高雄市彌陀區,女,一方約定_傳統姓名,0
11507,64000280,高雄市彌陀區,女,申請人抽籤決定_從父姓,0
11507,64000280,高雄市彌陀區,女,申請人抽籤決定_從母姓,0
11507,64000280,高雄市彌陀區,女,申請人抽籤決定_傳統姓名,0
11507,64000280,高雄市彌陀區,女,戶政事務所抽籤決定_從父姓,0
11507,64000280,高雄市彌陀區,女,戶政事務所抽籤決定_從母姓,0
11507,64000280,高雄市彌陀區,女,戶政事務所抽籤決定_傳統姓名,0
11507,64000280,高雄市彌陀區,女,監護人決定依監護人之姓,0
11507,64000290,高雄市梓官區,男,雙方約定_從父姓,7
11507,64000290,高雄市梓官區,男,雙方約定_從母姓,0
11507,64000290,高雄市梓官區,男,雙方約定_傳統姓名,0
11507,64000290,高雄市梓官區,男,一方約定_從父姓,0
11507,64000290,高雄市梓官區,男,一方約定_從母姓,1
11507,64000290,高雄市梓官區,男,一方約定_傳統姓名,0
11507,64000290,高雄市梓官區,男,申請人抽籤決定_從父姓,0
11507,64000290,高雄市梓官區,男,申請人抽籤決定_從母姓,0
11507,64000290,高雄市梓官區,男,申請人抽籤決定_傳統姓名,0
11507,64000290,高雄市梓官區,男,戶政事務所抽籤決定_從父姓,0
11507,64000290,高雄市梓官區,男,戶政事務所抽籤決定_從母姓,0
11507,64000290,高雄市梓官區,男,戶政事務所抽籤決定_傳統姓名,0
11507,64000290,高雄市梓官區,男,監護人決定依監護人之姓,0
11507,64000290,高雄市梓官區,女,雙方約定_從父姓,8
11507,64000290,高雄市梓官區,女,雙方約定_從母姓,0
11507,64000290,高雄市梓官區,女,雙方約定_傳統姓名,0
11507,64000290,高雄市梓官區,女,一方約定_從父姓,0
11507,64000290,高雄市梓官區,女,一方約定_從母姓,0
11507,64000290,高雄市梓官區,女,一方約定_傳統姓名,0
11507,64000290,高雄市梓官區,女,申請人抽籤決定_從父姓,0
11507,64000290,高雄市梓官區,女,申請人抽籤決定_從母姓,0
11507,64000290,高雄市梓官區,女,申請人抽籤決定_傳統姓名,0
11507,64000290,高雄市梓官區,女,戶政事務所抽籤決定_從父姓,0
11507,64000290,高雄市梓官區,女,戶政事務所抽籤決定_從母姓,0
11507,64000290,高雄市梓官區,女,戶政事務所抽籤決定_傳統姓名,0
11507,64000290,高雄市梓官區,女,監護人決定依監護人之姓,0
11507,64000300,高雄市旗山區,男,雙方約定_從父姓,4
11507,64000300,高雄市旗山區,男,雙方約定_從母姓,0
11507,64000300,高雄市旗山區,男,雙方約定_傳統姓名,0
11507,64000300,高雄市旗山區,男,一方約定_從父姓,0
11507,64000300,高雄市旗山區,男,一方約定_從母姓,0
11507,64000300,高雄市旗山區,男,一方約定_傳統姓名,0
11507,64000300,高雄市旗山區,男,申請人抽籤決定_從父姓,0
11507,64000300,高雄市旗山區,男,申請人抽籤決定_從母姓,0
11507,64000300,高雄市旗山區,男,申請人抽籤決定_傳統姓名,0
11507,64000300,高雄市旗山區,男,戶政事務所抽籤決定_從父姓,0
11507,64000300,高雄市旗山區,男,戶政事務所抽籤決定_從母姓,0
11507,64000300,高雄市旗山區,男,戶政事務所抽籤決定_傳統姓名,0
11507,64000300,高雄市旗山區,男,監護人決定依監護人之姓,0
11507,64000300,高雄市旗山區,女,雙方約定_從父姓,6
11507,64000300,高雄市旗山區,女,雙方約定_從母姓,0
11507,64000300,高雄市旗山區,女,雙方約定_傳統姓名,0
11507,64000300,高雄市旗山區,女,一方約定_從父姓,0
11507,64000300,高雄市旗山區,女,一方約定_從母姓,0
11507,64000300,高雄市旗山區,女,一方約定_傳統姓名,0
11507,64000300,高雄市旗山區,女,申請人抽籤決定_從父姓,0
11507,64000300,高雄市旗山區,女,申請人抽籤決定_從母姓,0
11507,64000300,高雄市旗山區,女,申請人抽籤決定_傳統姓名,0
11507,64000300,高雄市旗山區,女,戶政事務所抽籤決定_從父姓,0
11507,64000300,高雄市旗山區,女,戶政事務所抽籤決定_從母姓,0
11507,64000300,高雄市旗山區,女,戶政事務所抽籤決定_傳統姓名,0
11507,64000300,高雄市旗山區,女,監護人決定依監護人之姓,0
11507,64000310,高雄市美濃區,男,雙方約定_從父姓,2
11507,64000310,高雄市美濃區,男,雙方約定_從母姓,0
11507,64000310,高雄市美濃區,男,雙方約定_傳統姓名,0
11507,64000310,高雄市美濃區,男,一方約定_從父姓,0
11507,64000310,高雄市美濃區,男,一方約定_從母姓,2
11507,64000310,高雄市美濃區,男,一方約定_傳統姓名,0
11507,64000310,高雄市美濃區,男,申請人抽籤決定_從父姓,0
11507,64000310,高雄市美濃區,男,申請人抽籤決定_從母姓,0
11507,64000310,高雄市美濃區,男,申請人抽籤決定_傳統姓名,0
11507,64000310,高雄市美濃區,男,戶政事務所抽籤決定_從父姓,0
11507,64000310,高雄市美濃區,男,戶政事務所抽籤決定_從母姓,0
11507,64000310,高雄市美濃區,男,戶政事務所抽籤決定_傳統姓名,0
11507,64000310,高雄市美濃區,男,監護人決定依監護人之姓,0
11507,64000310,高雄市美濃區,女,雙方約定_從父姓,1
11507,64000310,高雄市美濃區,女,雙方約定_從母姓,0
11507,64000310,高雄市美濃區,女,雙方約定_傳統姓名,0
11507,64000310,高雄市美濃區,女,一方約定_從父姓,0
11507,64000310,高雄市美濃區,女,一方約定_從母姓,1
11507,64000310,高雄市美濃區,女,一方約定_傳統姓名,0
11507,64000310,高雄市美濃區,女,申請人抽籤決定_從父姓,0
11507,64000310,高雄市美濃區,女,申請人抽籤決定_從母姓,0
11507,64000310,高雄市美濃區,女,申請人抽籤決定_傳統姓名,0
11507,64000310,高雄市美濃區,女,戶政事務所抽籤決定_從父姓,0
11507,64000310,高雄市美濃區,女,戶政事務所抽籤決定_從母姓,0
11507,64000310,高雄市美濃區,女,戶政事務所抽籤決定_傳統姓名,0
11507,64000310,高雄市美濃區,女,監護人決定依監護人之姓,0
11507,64000320,高雄市六龜區,男,雙方約定_從父姓,2
11507,64000320,高雄市六龜區,男,雙方約定_從母姓,0
11507,64000320,高雄市六龜區,男,雙方約定_傳統姓名,0
11507,64000320,高雄市六龜區,男,一方約定_從父姓,0
11507,64000320,高雄市六龜區,男,一方約定_從母姓,0
11507,64000320,高雄市六龜區,男,一方約定_傳統姓名,0
11507,64000320,高雄市六龜區,男,申請人抽籤決定_從父姓,0
11507,64000320,高雄市六龜區,男,申請人抽籤決定_從母姓,0
11507,64000320,高雄市六龜區,男,申請人抽籤決定_傳統姓名,0
11507,64000320,高雄市六龜區,男,戶政事務所抽籤決定_從父姓,0
11507,64000320,高雄市六龜區,男,戶政事務所抽籤決定_從母姓,0
11507,64000320,高雄市六龜區,男,戶政事務所抽籤決定_傳統姓名,0
11507,64000320,高雄市六龜區,男,監護人決定依監護人之姓,0
11507,64000320,高雄市六龜區,女,雙方約定_從父姓,3
11507,64000320,高雄市六龜區,女,雙方約定_從母姓,0
11507,64000320,高雄市六龜區,女,雙方約定_傳統姓名,0
11507,64000320,高雄市六龜區,女,一方約定_從父姓,0
11507,64000320,高雄市六龜區,女,一方約定_從母姓,0
11507,64000320,高雄市六龜區,女,一方約定_傳統姓名,0
11507,64000320,高雄市六龜區,女,申請人抽籤決定_從父姓,0
11507,64000320,高雄市六龜區,女,申請人抽籤決定_從母姓,0
11507,64000320,高雄市六龜區,女,申請人抽籤決定_傳統姓名,0
11507,64000320,高雄市六龜區,女,戶政事務所抽籤決定_從父姓,0
11507,64000320,高雄市六龜區,女,戶政事務所抽籤決定_從母姓,0
11507,64000320,高雄市六龜區,女,戶政事務所抽籤決定_傳統姓名,0
11507,64000320,高雄市六龜區,女,監護人決定依監護人之姓,0
11507,64000330,高雄市甲仙區,男,雙方約定_從父姓,0
11507,64000330,高雄市甲仙區,男,雙方約定_從母姓,0
11507,64000330,高雄市甲仙區,男,雙方約定_傳統姓名,0
11507,64000330,高雄市甲仙區,男,一方約定_從父姓,0
11507,64000330,高雄市甲仙區,男,一方約定_從母姓,0
11507,64000330,高雄市甲仙區,男,一方約定_傳統姓名,0
11507,64000330,高雄市甲仙區,男,申請人抽籤決定_從父姓,0
11507,64000330,高雄市甲仙區,男,申請人抽籤決定_從母姓,0
11507,64000330,高雄市甲仙區,男,申請人抽籤決定_傳統姓名,0
11507,64000330,高雄市甲仙區,男,戶政事務所抽籤決定_從父姓,0
11507,64000330,高雄市甲仙區,男,戶政事務所抽籤決定_從母姓,0
11507,64000330,高雄市甲仙區,男,戶政事務所抽籤決定_傳統姓名,0
11507,64000330,高雄市甲仙區,男,監護人決定依監護人之姓,0
11507,64000330,高雄市甲仙區,女,雙方約定_從父姓,0
11507,64000330,高雄市甲仙區,女,雙方約定_從母姓,0
11507,64000330,高雄市甲仙區,女,雙方約定_傳統姓名,0
11507,64000330,高雄市甲仙區,女,一方約定_從父姓,0
11507,64000330,高雄市甲仙區,女,一方約定_從母姓,0
11507,64000330,高雄市甲仙區,女,一方約定_傳統姓名,0
11507,64000330,高雄市甲仙區,女,申請人抽籤決定_從父姓,0
11507,64000330,高雄市甲仙區,女,申請人抽籤決定_從母姓,0
11507,64000330,高雄市甲仙區,女,申請人抽籤決定_傳統姓名,0
11507,64000330,高雄市甲仙區,女,戶政事務所抽籤決定_從父姓,0
11507,64000330,高雄市甲仙區,女,戶政事務所抽籤決定_從母姓,0
11507,64000330,高雄市甲仙區,女,戶政事務所抽籤決定_傳統姓名,0
11507,64000330,高雄市甲仙區,女,監護人決定依監護人之姓,0
11507,64000340,高雄市杉林區,男,雙方約定_從父姓,1
11507,64000340,高雄市杉林區,男,雙方約定_從母姓,0
11507,64000340,高雄市杉林區,男,雙方約定_傳統姓名,0
11507,64000340,高雄市杉林區,男,一方約定_從父姓,0
11507,64000340,高雄市杉林區,男,一方約定_從母姓,0
11507,64000340,高雄市杉林區,男,一方約定_傳統姓名,0
11507,64000340,高雄市杉林區,男,申請人抽籤決定_從父姓,0
11507,64000340,高雄市杉林區,男,申請人抽籤決定_從母姓,0
11507,64000340,高雄市杉林區,男,申請人抽籤決定_傳統姓名,0
11507,64000340,高雄市杉林區,男,戶政事務所抽籤決定_從父姓,0
11507,64000340,高雄市杉林區,男,戶政事務所抽籤決定_從母姓,0
11507,64000340,高雄市杉林區,男,戶政事務所抽籤決定_傳統姓名,0
11507,64000340,高雄市杉林區,男,監護人決定依監護人之姓,0
11507,64000340,高雄市杉林區,女,雙方約定_從父姓,2
11507,64000340,高雄市杉林區,女,雙方約定_從母姓,0
11507,64000340,高雄市杉林區,女,雙方約定_傳統姓名,0
11507,64000340,高雄市杉林區,女,一方約定_從父姓,0
11507,64000340,高雄市杉林區,女,一方約定_從母姓,1
11507,64000340,高雄市杉林區,女,一方約定_傳統姓名,0
11507,64000340,高雄市杉林區,女,申請人抽籤決定_從父姓,0
11507,64000340,高雄市杉林區,女,申請人抽籤決定_從母姓,0
11507,64000340,高雄市杉林區,女,申請人抽籤決定_傳統姓名,0
11507,64000340,高雄市杉林區,女,戶政事務所抽籤決定_從父姓,0
11507,64000340,高雄市杉林區,女,戶政事務所抽籤決定_從母姓,0
11507,64000340,高雄市杉林區,女,戶政事務所抽籤決定_傳統姓名,0
11507,64000340,高雄市杉林區,女,監護人決定依監護人之姓,0
11507,64000350,高雄市內門區,男,雙方約定_從父姓,2
11507,64000350,高雄市內門區,男,雙方約定_從母姓,0
11507,64000350,高雄市內門區,男,雙方約定_傳統姓名,0
11507,64000350,高雄市內門區,男,一方約定_從父姓,0
11507,64000350,高雄市內門區,男,一方約定_從母姓,0
11507,64000350,高雄市內門區,男,一方約定_傳統姓名,0
11507,64000350,高雄市內門區,男,申請人抽籤決定_從父姓,0
11507,64000350,高雄市內門區,男,申請人抽籤決定_從母姓,0
11507,64000350,高雄市內門區,男,申請人抽籤決定_傳統姓名,0
11507,64000350,高雄市內門區,男,戶政事務所抽籤決定_從父姓,0
11507,64000350,高雄市內門區,男,戶政事務所抽籤決定_從母姓,0
11507,64000350,高雄市內門區,男,戶政事務所抽籤決定_傳統姓名,0
11507,64000350,高雄市內門區,男,監護人決定依監護人之姓,0
11507,64000350,高雄市內門區,女,雙方約定_從父姓,1
11507,64000350,高雄市內門區,女,雙方約定_從母姓,0
11507,64000350,高雄市內門區,女,雙方約定_傳統姓名,0
11507,64000350,高雄市內門區,女,一方約定_從父姓,0
11507,64000350,高雄市內門區,女,一方約定_從母姓,0
11507,64000350,高雄市內門區,女,一方約定_傳統姓名,0
11507,64000350,高雄市內門區,女,申請人抽籤決定_從父姓,0
11507,64000350,高雄市內門區,女,申請人抽籤決定_從母姓,0
11507,64000350,高雄市內門區,女,申請人抽籤決定_傳統姓名,0
11507,64000350,高雄市內門區,女,戶政事務所抽籤決定_從父姓,0
11507,64000350,高雄市內門區,女,戶政事務所抽籤決定_從母姓,0
11507,64000350,高雄市內門區,女,戶政事務所抽籤決定_傳統姓名,0
11507,64000350,高雄市內門區,女,監護人決定依監護人之姓,0
11507,64000360,高雄市茂林區,男,雙方約定_從父姓,0
11507,64000360,高雄市茂林區,男,雙方約定_從母姓,0
11507,64000360,高雄市茂林區,男,雙方約定_傳統姓名,0
11507,64000360,高雄市茂林區,男,一方約定_從父姓,0
11507,64000360,高雄市茂林區,男,一方約定_從母姓,0
11507,64000360,高雄市茂林區,男,一方約定_傳統姓名,0
11507,64000360,高雄市茂林區,男,申請人抽籤決定_從父姓,0
11507,64000360,高雄市茂林區,男,申請人抽籤決定_從母姓,0
11507,64000360,高雄市茂林區,男,申請人抽籤決定_傳統姓名,0
11507,64000360,高雄市茂林區,男,戶政事務所抽籤決定_從父姓,0
11507,64000360,高雄市茂林區,男,戶政事務所抽籤決定_從母姓,0
11507,64000360,高雄市茂林區,男,戶政事務所抽籤決定_傳統姓名,0
11507,64000360,高雄市茂林區,男,監護人決定依監護人之姓,0
11507,64000360,高雄市茂林區,女,雙方約定_從父姓,0
11507,64000360,高雄市茂林區,女,雙方約定_從母姓,0
11507,64000360,高雄市茂林區,女,雙方約定_傳統姓名,0
11507,64000360,高雄市茂林區,女,一方約定_從父姓,0
11507,64000360,高雄市茂林區,女,一方約定_從母姓,0
11507,64000360,高雄市茂林區,女,一方約定_傳統姓名,0
11507,64000360,高雄市茂林區,女,申請人抽籤決定_從父姓,0
11507,64000360,高雄市茂林區,女,申請人抽籤決定_從母姓,0
11507,64000360,高雄市茂林區,女,申請人抽籤決定_傳統姓名,0
11507,64000360,高雄市茂林區,女,戶政事務所抽籤決定_從父姓,0
11507,64000360,高雄市茂林區,女,戶政事務所抽籤決定_從母姓,0
11507,64000360,高雄市茂林區,女,戶政事務所抽籤決定_傳統姓名,0
11507,64000360,高雄市茂林區,女,監護人決定依監護人之姓,0
11507,64000370,高雄市桃源區,男,雙方約定_從父姓,1
11507,64000370,高雄市桃源區,男,雙方約定_從母姓,0
11507,64000370,高雄市桃源區,男,雙方約定_傳統姓名,0
11507,64000370,高雄市桃源區,男,一方約定_從父姓,0
11507,64000370,高雄市桃源區,男,一方約定_從母姓,0
11507,64000370,高雄市桃源區,男,一方約定_傳統姓名,0
11507,64000370,高雄市桃源區,男,申請人抽籤決定_從父姓,0
11507,64000370,高雄市桃源區,男,申請人抽籤決定_從母姓,0
11507,64000370,高雄市桃源區,男,申請人抽籤決定_傳統姓名,0
11507,64000370,高雄市桃源區,男,戶政事務所抽籤決定_從父姓,0
11507,64000370,高雄市桃源區,男,戶政事務所抽籤決定_從母姓,0
11507,64000370,高雄市桃源區,男,戶政事務所抽籤決定_傳統姓名,0
11507,64000370,高雄市桃源區,男,監護人決定依監護人之姓,0
11507,64000370,高雄市桃源區,女,雙方約定_從父姓,1
11507,64000370,高雄市桃源區,女,雙方約定_從母姓,0
11507,64000370,高雄市桃源區,女,雙方約定_傳統姓名,0
11507,64000370,高雄市桃源區,女,一方約定_從父姓,0
11507,64000370,高雄市桃源區,女,一方約定_從母姓,0
11507,64000370,高雄市桃源區,女,一方約定_傳統姓名,0
11507,64000370,高雄市桃源區,女,申請人抽籤決定_從父姓,0
11507,64000370,高雄市桃源區,女,申請人抽籤決定_從母姓,0
11507,64000370,高雄市桃源區,女,申請人抽籤決定_傳統姓名,0
11507,64000370,高雄市桃源區,女,戶政事務所抽籤決定_從父姓,0
11507,64000370,高雄市桃源區,女,戶政事務所抽籤決定_從母姓,0
11507,64000370,高雄市桃源區,女,戶政事務所抽籤決定_傳統姓名,0
11507,64000370,高雄市桃源區,女,監護人決定依監護人之姓,0
11507,64000380,高雄市那瑪夏區,男,雙方約定_從父姓,1
11507,64000380,高雄市那瑪夏區,男,雙方約定_從母姓,0
11507,64000380,高雄市那瑪夏區,男,雙方約定_傳統姓名,0
11507,64000380,高雄市那瑪夏區,男,一方約定_從父姓,0
11507,64000380,高雄市那瑪夏區,男,一方約定_從母姓,1
11507,64000380,高雄市那瑪夏區,男,一方約定_傳統姓名,0
11507,64000380,高雄市那瑪夏區,男,申請人抽籤決定_從父姓,0
11507,64000380,高雄市那瑪夏區,男,申請人抽籤決定_從母姓,0
11507,64000380,高雄市那瑪夏區,男,申請人抽籤決定_傳統姓名,0
11507,64000380,高雄市那瑪夏區,男,戶政事務所抽籤決定_從父姓,0
11507,64000380,高雄市那瑪夏區,男,戶政事務所抽籤決定_從母姓,0
11507,64000380,高雄市那瑪夏區,男,戶政事務所抽籤決定_傳統姓名,0
11507,64000380,高雄市那瑪夏區,男,監護人決定依監護人之姓,0
11507,64000380,高雄市那瑪夏區,女,雙方約定_從父姓,1
11507,64000380,高雄市那瑪夏區,女,雙方約定_從母姓,0
11507,64000380,高雄市那瑪夏區,女,雙方約定_傳統姓名,0
11507,64000380,高雄市那瑪夏區,女,一方約定_從父姓,0
11507,64000380,高雄市那瑪夏區,女,一方約定_從母姓,0
11507,64000380,高雄市那瑪夏區,女,一方約定_傳統姓名,0
11507,64000380,高雄市那瑪夏區,女,申請人抽籤決定_從父姓,0
11507,64000380,高雄市那瑪夏區,女,申請人抽籤決定_從母姓,0
11507,64000380,高雄市那瑪夏區,女,申請人抽籤決定_傳統姓名,0
11507,64000380,高雄市那瑪夏區,女,戶政事務所抽籤決定_從父姓,0
11507,64000380,高雄市那瑪夏區,女,戶政事務所抽籤決定_從母姓,0
11507,64000380,高雄市那瑪夏區,女,戶政事務所抽籤決定_傳統姓名,0
11507,64000380,高雄市那瑪夏區,女,監護人決定依監護人之姓,0
11507,10002010,宜蘭縣宜蘭市,男,雙方約定_從父姓,5
11507,10002010,宜蘭縣宜蘭市,男,雙方約定_從母姓,1
11507,10002010,宜蘭縣宜蘭市,男,雙方約定_傳統姓名,0
11507,10002010,宜蘭縣宜蘭市,男,一方約定_從父姓,0
11507,10002010,宜蘭縣宜蘭市,男,一方約定_從母姓,0
11507,10002010,宜蘭縣宜蘭市,男,一方約定_傳統姓名,0
11507,10002010,宜蘭縣宜蘭市,男,申請人抽籤決定_從父姓,0
11507,10002010,宜蘭縣宜蘭市,男,申請人抽籤決定_從母姓,0
11507,10002010,宜蘭縣宜蘭市,男,申請人抽籤決定_傳統姓名,0
11507,10002010,宜蘭縣宜蘭市,男,戶政事務所抽籤決定_從父姓,0
11507,10002010,宜蘭縣宜蘭市,男,戶政事務所抽籤決定_從母姓,0
11507,10002010,宜蘭縣宜蘭市,男,戶政事務所抽籤決定_傳統姓名,0
11507,10002010,宜蘭縣宜蘭市,男,監護人決定依監護人之姓,0
11507,10002010,宜蘭縣宜蘭市,女,雙方約定_從父姓,9
11507,10002010,宜蘭縣宜蘭市,女,雙方約定_從母姓,1
11507,10002010,宜蘭縣宜蘭市,女,雙方約定_傳統姓名,0
11507,10002010,宜蘭縣宜蘭市,女,一方約定_從父姓,0
11507,10002010,宜蘭縣宜蘭市,女,一方約定_從母姓,1
11507,10002010,宜蘭縣宜蘭市,女,一方約定_傳統姓名,0
11507,10002010,宜蘭縣宜蘭市,女,申請人抽籤決定_從父姓,0
11507,10002010,宜蘭縣宜蘭市,女,申請人抽籤決定_從母姓,0
11507,10002010,宜蘭縣宜蘭市,女,申請人抽籤決定_傳統姓名,0
11507,10002010,宜蘭縣宜蘭市,女,戶政事務所抽籤決定_從父姓,0
11507,10002010,宜蘭縣宜蘭市,女,戶政事務所抽籤決定_從母姓,0
11507,10002010,宜蘭縣宜蘭市,女,戶政事務所抽籤決定_傳統姓名,0
11507,10002010,宜蘭縣宜蘭市,女,監護人決定依監護人之姓,0
11507,10002020,宜蘭縣羅東鎮,男,雙方約定_從父姓,8
11507,10002020,宜蘭縣羅東鎮,男,雙方約定_從母姓,0
11507,10002020,宜蘭縣羅東鎮,男,雙方約定_傳統姓名,0
11507,10002020,宜蘭縣羅東鎮,男,一方約定_從父姓,0
11507,10002020,宜蘭縣羅東鎮,男,一方約定_從母姓,0
11507,10002020,宜蘭縣羅東鎮,男,一方約定_傳統姓名,0
11507,10002020,宜蘭縣羅東鎮,男,申請人抽籤決定_從父姓,0
11507,10002020,宜蘭縣羅東鎮,男,申請人抽籤決定_從母姓,0
11507,10002020,宜蘭縣羅東鎮,男,申請人抽籤決定_傳統姓名,0
11507,10002020,宜蘭縣羅東鎮,男,戶政事務所抽籤決定_從父姓,0
11507,10002020,宜蘭縣羅東鎮,男,戶政事務所抽籤決定_從母姓,0
11507,10002020,宜蘭縣羅東鎮,男,戶政事務所抽籤決定_傳統姓名,0
11507,10002020,宜蘭縣羅東鎮,男,監護人決定依監護人之姓,0
11507,10002020,宜蘭縣羅東鎮,女,雙方約定_從父姓,13
11507,10002020,宜蘭縣羅東鎮,女,雙方約定_從母姓,0
11507,10002020,宜蘭縣羅東鎮,女,雙方約定_傳統姓名,0
11507,10002020,宜蘭縣羅東鎮,女,一方約定_從父姓,0
11507,10002020,宜蘭縣羅東鎮,女,一方約定_從母姓,0
11507,10002020,宜蘭縣羅東鎮,女,一方約定_傳統姓名,0
11507,10002020,宜蘭縣羅東鎮,女,申請人抽籤決定_從父姓,0
11507,10002020,宜蘭縣羅東鎮,女,申請人抽籤決定_從母姓,0
11507,10002020,宜蘭縣羅東鎮,女,申請人抽籤決定_傳統姓名,0
11507,10002020,宜蘭縣羅東鎮,女,戶政事務所抽籤決定_從父姓,0
11507,10002020,宜蘭縣羅東鎮,女,戶政事務所抽籤決定_從母姓,0
11507,10002020,宜蘭縣羅東鎮,女,戶政事務所抽籤決定_傳統姓名,0
11507,10002020,宜蘭縣羅東鎮,女,監護人決定依監護人之姓,0
11507,10002030,宜蘭縣蘇澳鎮,男,雙方約定_從父姓,5
11507,10002030,宜蘭縣蘇澳鎮,男,雙方約定_從母姓,1
11507,10002030,宜蘭縣蘇澳鎮,男,雙方約定_傳統姓名,0
11507,10002030,宜蘭縣蘇澳鎮,男,一方約定_從父姓,0
11507,10002030,宜蘭縣蘇澳鎮,男,一方約定_從母姓,0
11507,10002030,宜蘭縣蘇澳鎮,男,一方約定_傳統姓名,0
11507,10002030,宜蘭縣蘇澳鎮,男,申請人抽籤決定_從父姓,0
11507,10002030,宜蘭縣蘇澳鎮,男,申請人抽籤決定_從母姓,0
11507,10002030,宜蘭縣蘇澳鎮,男,申請人抽籤決定_傳統姓名,0
11507,10002030,宜蘭縣蘇澳鎮,男,戶政事務所抽籤決定_從父姓,0
11507,10002030,宜蘭縣蘇澳鎮,男,戶政事務所抽籤決定_從母姓,0
11507,10002030,宜蘭縣蘇澳鎮,男,戶政事務所抽籤決定_傳統姓名,0
11507,10002030,宜蘭縣蘇澳鎮,男,監護人決定依監護人之姓,0
11507,10002030,宜蘭縣蘇澳鎮,女,雙方約定_從父姓,1
11507,10002030,宜蘭縣蘇澳鎮,女,雙方約定_從母姓,0
11507,10002030,宜蘭縣蘇澳鎮,女,雙方約定_傳統姓名,0
11507,10002030,宜蘭縣蘇澳鎮,女,一方約定_從父姓,0
11507,10002030,宜蘭縣蘇澳鎮,女,一方約定_從母姓,0
11507,10002030,宜蘭縣蘇澳鎮,女,一方約定_傳統姓名,0
11507,10002030,宜蘭縣蘇澳鎮,女,申請人抽籤決定_從父姓,0
11507,10002030,宜蘭縣蘇澳鎮,女,申請人抽籤決定_從母姓,0
11507,10002030,宜蘭縣蘇澳鎮,女,申請人抽籤決定_傳統姓名,0
11507,10002030,宜蘭縣蘇澳鎮,女,戶政事務所抽籤決定_從父姓,0
11507,10002030,宜蘭縣蘇澳鎮,女,戶政事務所抽籤決定_從母姓,0
11507,10002030,宜蘭縣蘇澳鎮,女,戶政事務所抽籤決定_傳統姓名,0
11507,10002030,宜蘭縣蘇澳鎮,女,監護人決定依監護人之姓,0
11507,10002040,宜蘭縣頭城鎮,男,雙方約定_從父姓,2
11507,10002040,宜蘭縣頭城鎮,男,雙方約定_從母姓,0
11507,10002040,宜蘭縣頭城鎮,男,雙方約定_傳統姓名,0
11507,10002040,宜蘭縣頭城鎮,男,一方約定_從父姓,0
11507,10002040,宜蘭縣頭城鎮,男,一方約定_從母姓,1
11507,10002040,宜蘭縣頭城鎮,男,一方約定_傳統姓名,0
11507,10002040,宜蘭縣頭城鎮,男,申請人抽籤決定_從父姓,0
11507,10002040,宜蘭縣頭城鎮,男,申請人抽籤決定_從母姓,0
11507,10002040,宜蘭縣頭城鎮,男,申請人抽籤決定_傳統姓名,0
11507,10002040,宜蘭縣頭城鎮,男,戶政事務所抽籤決定_從父姓,0
11507,10002040,宜蘭縣頭城鎮,男,戶政事務所抽籤決定_從母姓,0
11507,10002040,宜蘭縣頭城鎮,男,戶政事務所抽籤決定_傳統姓名,0
11507,10002040,宜蘭縣頭城鎮,男,監護人決定依監護人之姓,0
11507,10002040,宜蘭縣頭城鎮,女,雙方約定_從父姓,5
11507,10002040,宜蘭縣頭城鎮,女,雙方約定_從母姓,0
11507,10002040,宜蘭縣頭城鎮,女,雙方約定_傳統姓名,0
11507,10002040,宜蘭縣頭城鎮,女,一方約定_從父姓,0
11507,10002040,宜蘭縣頭城鎮,女,一方約定_從母姓,0
11507,10002040,宜蘭縣頭城鎮,女,一方約定_傳統姓名,0
11507,10002040,宜蘭縣頭城鎮,女,申請人抽籤決定_從父姓,0
11507,10002040,宜蘭縣頭城鎮,女,申請人抽籤決定_從母姓,0
11507,10002040,宜蘭縣頭城鎮,女,申請人抽籤決定_傳統姓名,0
11507,10002040,宜蘭縣頭城鎮,女,戶政事務所抽籤決定_從父姓,0
11507,10002040,宜蘭縣頭城鎮,女,戶政事務所抽籤決定_從母姓,0
11507,10002040,宜蘭縣頭城鎮,女,戶政事務所抽籤決定_傳統姓名,0
11507,10002040,宜蘭縣頭城鎮,女,監護人決定依監護人之姓,0
11507,10002050,宜蘭縣礁溪鄉,男,雙方約定_從父姓,7
11507,10002050,宜蘭縣礁溪鄉,男,雙方約定_從母姓,0
11507,10002050,宜蘭縣礁溪鄉,男,雙方約定_傳統姓名,0
11507,10002050,宜蘭縣礁溪鄉,男,一方約定_從父姓,0
11507,10002050,宜蘭縣礁溪鄉,男,一方約定_從母姓,0
11507,10002050,宜蘭縣礁溪鄉,男,一方約定_傳統姓名,0
11507,10002050,宜蘭縣礁溪鄉,男,申請人抽籤決定_從父姓,0
11507,10002050,宜蘭縣礁溪鄉,男,申請人抽籤決定_從母姓,0
11507,10002050,宜蘭縣礁溪鄉,男,申請人抽籤決定_傳統姓名,0
11507,10002050,宜蘭縣礁溪鄉,男,戶政事務所抽籤決定_從父姓,0
11507,10002050,宜蘭縣礁溪鄉,男,戶政事務所抽籤決定_從母姓,0
11507,10002050,宜蘭縣礁溪鄉,男,戶政事務所抽籤決定_傳統姓名,0
11507,10002050,宜蘭縣礁溪鄉,男,監護人決定依監護人之姓,0
11507,10002050,宜蘭縣礁溪鄉,女,雙方約定_從父姓,5
11507,10002050,宜蘭縣礁溪鄉,女,雙方約定_從母姓,0
11507,10002050,宜蘭縣礁溪鄉,女,雙方約定_傳統姓名,0
11507,10002050,宜蘭縣礁溪鄉,女,一方約定_從父姓,0
11507,10002050,宜蘭縣礁溪鄉,女,一方約定_從母姓,1
11507,10002050,宜蘭縣礁溪鄉,女,一方約定_傳統姓名,0
11507,10002050,宜蘭縣礁溪鄉,女,申請人抽籤決定_從父姓,0
11507,10002050,宜蘭縣礁溪鄉,女,申請人抽籤決定_從母姓,0
11507,10002050,宜蘭縣礁溪鄉,女,申請人抽籤決定_傳統姓名,0
11507,10002050,宜蘭縣礁溪鄉,女,戶政事務所抽籤決定_從父姓,0
11507,10002050,宜蘭縣礁溪鄉,女,戶政事務所抽籤決定_從母姓,0
11507,10002050,宜蘭縣礁溪鄉,女,戶政事務所抽籤決定_傳統姓名,0
11507,10002050,宜蘭縣礁溪鄉,女,監護人決定依監護人之姓,0
11507,10002060,宜蘭縣壯圍鄉,男,雙方約定_從父姓,4
11507,10002060,宜蘭縣壯圍鄉,男,雙方約定_從母姓,0
11507,10002060,宜蘭縣壯圍鄉,男,雙方約定_傳統姓名,0
11507,10002060,宜蘭縣壯圍鄉,男,一方約定_從父姓,0
11507,10002060,宜蘭縣壯圍鄉,男,一方約定_從母姓,0
11507,10002060,宜蘭縣壯圍鄉,男,一方約定_傳統姓名,0
11507,10002060,宜蘭縣壯圍鄉,男,申請人抽籤決定_從父姓,0
11507,10002060,宜蘭縣壯圍鄉,男,申請人抽籤決定_從母姓,0
11507,10002060,宜蘭縣壯圍鄉,男,申請人抽籤決定_傳統姓名,0
11507,10002060,宜蘭縣壯圍鄉,男,戶政事務所抽籤決定_從父姓,0
11507,10002060,宜蘭縣壯圍鄉,男,戶政事務所抽籤決定_從母姓,0
11507,10002060,宜蘭縣壯圍鄉,男,戶政事務所抽籤決定_傳統姓名,0
11507,10002060,宜蘭縣壯圍鄉,男,監護人決定依監護人之姓,0
11507,10002060,宜蘭縣壯圍鄉,女,雙方約定_從父姓,2
11507,10002060,宜蘭縣壯圍鄉,女,雙方約定_從母姓,0
11507,10002060,宜蘭縣壯圍鄉,女,雙方約定_傳統姓名,0
11507,10002060,宜蘭縣壯圍鄉,女,一方約定_從父姓,0
11507,10002060,宜蘭縣壯圍鄉,女,一方約定_從母姓,0
11507,10002060,宜蘭縣壯圍鄉,女,一方約定_傳統姓名,0
11507,10002060,宜蘭縣壯圍鄉,女,申請人抽籤決定_從父姓,0
11507,10002060,宜蘭縣壯圍鄉,女,申請人抽籤決定_從母姓,0
11507,10002060,宜蘭縣壯圍鄉,女,申請人抽籤決定_傳統姓名,0
11507,10002060,宜蘭縣壯圍鄉,女,戶政事務所抽籤決定_從父姓,0
11507,10002060,宜蘭縣壯圍鄉,女,戶政事務所抽籤決定_從母姓,0
11507,10002060,宜蘭縣壯圍鄉,女,戶政事務所抽籤決定_傳統姓名,0
11507,10002060,宜蘭縣壯圍鄉,女,監護人決定依監護人之姓,0
11507,10002070,宜蘭縣員山鄉,男,雙方約定_從父姓,9
11507,10002070,宜蘭縣員山鄉,男,雙方約定_從母姓,0
11507,10002070,宜蘭縣員山鄉,男,雙方約定_傳統姓名,0
11507,10002070,宜蘭縣員山鄉,男,一方約定_從父姓,0
11507,10002070,宜蘭縣員山鄉,男,一方約定_從母姓,0
11507,10002070,宜蘭縣員山鄉,男,一方約定_傳統姓名,0
11507,10002070,宜蘭縣員山鄉,男,申請人抽籤決定_從父姓,0
11507,10002070,宜蘭縣員山鄉,男,申請人抽籤決定_從母姓,0
11507,10002070,宜蘭縣員山鄉,男,申請人抽籤決定_傳統姓名,0
11507,10002070,宜蘭縣員山鄉,男,戶政事務所抽籤決定_從父姓,0
11507,10002070,宜蘭縣員山鄉,男,戶政事務所抽籤決定_從母姓,0
11507,10002070,宜蘭縣員山鄉,男,戶政事務所抽籤決定_傳統姓名,0
11507,10002070,宜蘭縣員山鄉,男,監護人決定依監護人之姓,0
11507,10002070,宜蘭縣員山鄉,女,雙方約定_從父姓,5
11507,10002070,宜蘭縣員山鄉,女,雙方約定_從母姓,0
11507,10002070,宜蘭縣員山鄉,女,雙方約定_傳統姓名,0
11507,10002070,宜蘭縣員山鄉,女,一方約定_從父姓,0
11507,10002070,宜蘭縣員山鄉,女,一方約定_從母姓,0
11507,10002070,宜蘭縣員山鄉,女,一方約定_傳統姓名,0
11507,10002070,宜蘭縣員山鄉,女,申請人抽籤決定_從父姓,0
11507,10002070,宜蘭縣員山鄉,女,申請人抽籤決定_從母姓,0
11507,10002070,宜蘭縣員山鄉,女,申請人抽籤決定_傳統姓名,0
11507,10002070,宜蘭縣員山鄉,女,戶政事務所抽籤決定_從父姓,0
11507,10002070,宜蘭縣員山鄉,女,戶政事務所抽籤決定_從母姓,0
11507,10002070,宜蘭縣員山鄉,女,戶政事務所抽籤決定_傳統姓名,0
11507,10002070,宜蘭縣員山鄉,女,監護人決定依監護人之姓,0
11507,10002080,宜蘭縣冬山鄉,男,雙方約定_從父姓,4
11507,10002080,宜蘭縣冬山鄉,男,雙方約定_從母姓,0
11507,10002080,宜蘭縣冬山鄉,男,雙方約定_傳統姓名,0
11507,10002080,宜蘭縣冬山鄉,男,一方約定_從父姓,0
11507,10002080,宜蘭縣冬山鄉,男,一方約定_從母姓,1
11507,10002080,宜蘭縣冬山鄉,男,一方約定_傳統姓名,0
11507,10002080,宜蘭縣冬山鄉,男,申請人抽籤決定_從父姓,0
11507,10002080,宜蘭縣冬山鄉,男,申請人抽籤決定_從母姓,0
11507,10002080,宜蘭縣冬山鄉,男,申請人抽籤決定_傳統姓名,0
11507,10002080,宜蘭縣冬山鄉,男,戶政事務所抽籤決定_從父姓,0
11507,10002080,宜蘭縣冬山鄉,男,戶政事務所抽籤決定_從母姓,0
11507,10002080,宜蘭縣冬山鄉,男,戶政事務所抽籤決定_傳統姓名,0
11507,10002080,宜蘭縣冬山鄉,男,監護人決定依監護人之姓,0
11507,10002080,宜蘭縣冬山鄉,女,雙方約定_從父姓,11
11507,10002080,宜蘭縣冬山鄉,女,雙方約定_從母姓,0
11507,10002080,宜蘭縣冬山鄉,女,雙方約定_傳統姓名,0
11507,10002080,宜蘭縣冬山鄉,女,一方約定_從父姓,0
11507,10002080,宜蘭縣冬山鄉,女,一方約定_從母姓,0
11507,10002080,宜蘭縣冬山鄉,女,一方約定_傳統姓名,0
11507,10002080,宜蘭縣冬山鄉,女,申請人抽籤決定_從父姓,0
11507,10002080,宜蘭縣冬山鄉,女,申請人抽籤決定_從母姓,0
11507,10002080,宜蘭縣冬山鄉,女,申請人抽籤決定_傳統姓名,0
11507,10002080,宜蘭縣冬山鄉,女,戶政事務所抽籤決定_從父姓,0
11507,10002080,宜蘭縣冬山鄉,女,戶政事務所抽籤決定_從母姓,0
11507,10002080,宜蘭縣冬山鄉,女,戶政事務所抽籤決定_傳統姓名,0
11507,10002080,宜蘭縣冬山鄉,女,監護人決定依監護人之姓,0
11507,10002090,宜蘭縣五結鄉,男,雙方約定_從父姓,8
11507,10002090,宜蘭縣五結鄉,男,雙方約定_從母姓,0
11507,10002090,宜蘭縣五結鄉,男,雙方約定_傳統姓名,0
11507,10002090,宜蘭縣五結鄉,男,一方約定_從父姓,0
11507,10002090,宜蘭縣五結鄉,男,一方約定_從母姓,0
11507,10002090,宜蘭縣五結鄉,男,一方約定_傳統姓名,0
11507,10002090,宜蘭縣五結鄉,男,申請人抽籤決定_從父姓,0
11507,10002090,宜蘭縣五結鄉,男,申請人抽籤決定_從母姓,0
11507,10002090,宜蘭縣五結鄉,男,申請人抽籤決定_傳統姓名,0
11507,10002090,宜蘭縣五結鄉,男,戶政事務所抽籤決定_從父姓,0
11507,10002090,宜蘭縣五結鄉,男,戶政事務所抽籤決定_從母姓,0
11507,10002090,宜蘭縣五結鄉,男,戶政事務所抽籤決定_傳統姓名,0
11507,10002090,宜蘭縣五結鄉,男,監護人決定依監護人之姓,0
11507,10002090,宜蘭縣五結鄉,女,雙方約定_從父姓,9
11507,10002090,宜蘭縣五結鄉,女,雙方約定_從母姓,0
11507,10002090,宜蘭縣五結鄉,女,雙方約定_傳統姓名,0
11507,10002090,宜蘭縣五結鄉,女,一方約定_從父姓,0
11507,10002090,宜蘭縣五結鄉,女,一方約定_從母姓,0
11507,10002090,宜蘭縣五結鄉,女,一方約定_傳統姓名,0
11507,10002090,宜蘭縣五結鄉,女,申請人抽籤決定_從父姓,0
11507,10002090,宜蘭縣五結鄉,女,申請人抽籤決定_從母姓,0
11507,10002090,宜蘭縣五結鄉,女,申請人抽籤決定_傳統姓名,0
11507,10002090,宜蘭縣五結鄉,女,戶政事務所抽籤決定_從父姓,0
11507,10002090,宜蘭縣五結鄉,女,戶政事務所抽籤決定_從母姓,0
11507,10002090,宜蘭縣五結鄉,女,戶政事務所抽籤決定_傳統姓名,0
11507,10002090,宜蘭縣五結鄉,女,監護人決定依監護人之姓,0
11507,10002100,宜蘭縣三星鄉,男,雙方約定_從父姓,5
11507,10002100,宜蘭縣三星鄉,男,雙方約定_從母姓,0
11507,10002100,宜蘭縣三星鄉,男,雙方約定_傳統姓名,0
11507,10002100,宜蘭縣三星鄉,男,一方約定_從父姓,0
11507,10002100,宜蘭縣三星鄉,男,一方約定_從母姓,0
11507,10002100,宜蘭縣三星鄉,男,一方約定_傳統姓名,0
11507,10002100,宜蘭縣三星鄉,男,申請人抽籤決定_從父姓,0
11507,10002100,宜蘭縣三星鄉,男,申請人抽籤決定_從母姓,0
11507,10002100,宜蘭縣三星鄉,男,申請人抽籤決定_傳統姓名,0
11507,10002100,宜蘭縣三星鄉,男,戶政事務所抽籤決定_從父姓,0
11507,10002100,宜蘭縣三星鄉,男,戶政事務所抽籤決定_從母姓,0
11507,10002100,宜蘭縣三星鄉,男,戶政事務所抽籤決定_傳統姓名,0
11507,10002100,宜蘭縣三星鄉,男,監護人決定依監護人之姓,0
11507,10002100,宜蘭縣三星鄉,女,雙方約定_從父姓,1
11507,10002100,宜蘭縣三星鄉,女,雙方約定_從母姓,0
11507,10002100,宜蘭縣三星鄉,女,雙方約定_傳統姓名,0
11507,10002100,宜蘭縣三星鄉,女,一方約定_從父姓,0
11507,10002100,宜蘭縣三星鄉,女,一方約定_從母姓,0
11507,10002100,宜蘭縣三星鄉,女,一方約定_傳統姓名,0
11507,10002100,宜蘭縣三星鄉,女,申請人抽籤決定_從父姓,0
11507,10002100,宜蘭縣三星鄉,女,申請人抽籤決定_從母姓,0
11507,10002100,宜蘭縣三星鄉,女,申請人抽籤決定_傳統姓名,0
11507,10002100,宜蘭縣三星鄉,女,戶政事務所抽籤決定_從父姓,0
11507,10002100,宜蘭縣三星鄉,女,戶政事務所抽籤決定_從母姓,0
11507,10002100,宜蘭縣三星鄉,女,戶政事務所抽籤決定_傳統姓名,0
11507,10002100,宜蘭縣三星鄉,女,監護人決定依監護人之姓,0
11507,10002110,宜蘭縣大同鄉,男,雙方約定_從父姓,3
11507,10002110,宜蘭縣大同鄉,男,雙方約定_從母姓,0
11507,10002110,宜蘭縣大同鄉,男,雙方約定_傳統姓名,0
11507,10002110,宜蘭縣大同鄉,男,一方約定_從父姓,0
11507,10002110,宜蘭縣大同鄉,男,一方約定_從母姓,0
11507,10002110,宜蘭縣大同鄉,男,一方約定_傳統姓名,0
11507,10002110,宜蘭縣大同鄉,男,申請人抽籤決定_從父姓,0
11507,10002110,宜蘭縣大同鄉,男,申請人抽籤決定_從母姓,0
11507,10002110,宜蘭縣大同鄉,男,申請人抽籤決定_傳統姓名,0
11507,10002110,宜蘭縣大同鄉,男,戶政事務所抽籤決定_從父姓,0
11507,10002110,宜蘭縣大同鄉,男,戶政事務所抽籤決定_從母姓,0
11507,10002110,宜蘭縣大同鄉,男,戶政事務所抽籤決定_傳統姓名,0
11507,10002110,宜蘭縣大同鄉,男,監護人決定依監護人之姓,0
11507,10002110,宜蘭縣大同鄉,女,雙方約定_從父姓,3
11507,10002110,宜蘭縣大同鄉,女,雙方約定_從母姓,0
11507,10002110,宜蘭縣大同鄉,女,雙方約定_傳統姓名,0
11507,10002110,宜蘭縣大同鄉,女,一方約定_從父姓,0
11507,10002110,宜蘭縣大同鄉,女,一方約定_從母姓,0
11507,10002110,宜蘭縣大同鄉,女,一方約定_傳統姓名,0
11507,10002110,宜蘭縣大同鄉,女,申請人抽籤決定_從父姓,0
11507,10002110,宜蘭縣大同鄉,女,申請人抽籤決定_從母姓,0
11507,10002110,宜蘭縣大同鄉,女,申請人抽籤決定_傳統姓名,0
11507,10002110,宜蘭縣大同鄉,女,戶政事務所抽籤決定_從父姓,0
11507,10002110,宜蘭縣大同鄉,女,戶政事務所抽籤決定_從母姓,0
11507,10002110,宜蘭縣大同鄉,女,戶政事務所抽籤決定_傳統姓名,0
11507,10002110,宜蘭縣大同鄉,女,監護人決定依監護人之姓,0
11507,10002120,宜蘭縣南澳鄉,男,雙方約定_從父姓,5
11507,10002120,宜蘭縣南澳鄉,男,雙方約定_從母姓,0
11507,10002120,宜蘭縣南澳鄉,男,雙方約定_傳統姓名,0
11507,10002120,宜蘭縣南澳鄉,男,一方約定_從父姓,0
11507,10002120,宜蘭縣南澳鄉,男,一方約定_從母姓,1
11507,10002120,宜蘭縣南澳鄉,男,一方約定_傳統姓名,0
11507,10002120,宜蘭縣南澳鄉,男,申請人抽籤決定_從父姓,0
11507,10002120,宜蘭縣南澳鄉,男,申請人抽籤決定_從母姓,0
11507,10002120,宜蘭縣南澳鄉,男,申請人抽籤決定_傳統姓名,0
11507,10002120,宜蘭縣南澳鄉,男,戶政事務所抽籤決定_從父姓,0
11507,10002120,宜蘭縣南澳鄉,男,戶政事務所抽籤決定_從母姓,0
11507,10002120,宜蘭縣南澳鄉,男,戶政事務所抽籤決定_傳統姓名,0
11507,10002120,宜蘭縣南澳鄉,男,監護人決定依監護人之姓,0
11507,10002120,宜蘭縣南澳鄉,女,雙方約定_從父姓,3
11507,10002120,宜蘭縣南澳鄉,女,雙方約定_從母姓,0
11507,10002120,宜蘭縣南澳鄉,女,雙方約定_傳統姓名,0
11507,10002120,宜蘭縣南澳鄉,女,一方約定_從父姓,0
11507,10002120,宜蘭縣南澳鄉,女,一方約定_從母姓,0
11507,10002120,宜蘭縣南澳鄉,女,一方約定_傳統姓名,0
11507,10002120,宜蘭縣南澳鄉,女,申請人抽籤決定_從父姓,0
11507,10002120,宜蘭縣南澳鄉,女,申請人抽籤決定_從母姓,0
11507,10002120,宜蘭縣南澳鄉,女,申請人抽籤決定_傳統姓名,0
11507,10002120,宜蘭縣南澳鄉,女,戶政事務所抽籤決定_從父姓,0
11507,10002120,宜蘭縣南澳鄉,女,戶政事務所抽籤決定_從母姓,0
11507,10002120,宜蘭縣南澳鄉,女,戶政事務所抽籤決定_傳統姓名,0
11507,10002120,宜蘭縣南澳鄉,女,監護人決定依監護人之姓,0
11507,10004010,新竹縣竹北市,男,雙方約定_從父姓,45
11507,10004010,新竹縣竹北市,男,雙方約定_從母姓,3
11507,10004010,新竹縣竹北市,男,雙方約定_傳統姓名,0
11507,10004010,新竹縣竹北市,男,一方約定_從父姓,0
11507,10004010,新竹縣竹北市,男,一方約定_從母姓,1
11507,10004010,新竹縣竹北市,男,一方約定_傳統姓名,0
11507,10004010,新竹縣竹北市,男,申請人抽籤決定_從父姓,0
11507,10004010,新竹縣竹北市,男,申請人抽籤決定_從母姓,0
11507,10004010,新竹縣竹北市,男,申請人抽籤決定_傳統姓名,0
11507,10004010,新竹縣竹北市,男,戶政事務所抽籤決定_從父姓,0
11507,10004010,新竹縣竹北市,男,戶政事務所抽籤決定_從母姓,0
11507,10004010,新竹縣竹北市,男,戶政事務所抽籤決定_傳統姓名,0
11507,10004010,新竹縣竹北市,男,監護人決定依監護人之姓,0
11507,10004010,新竹縣竹北市,女,雙方約定_從父姓,45
11507,10004010,新竹縣竹北市,女,雙方約定_從母姓,1
11507,10004010,新竹縣竹北市,女,雙方約定_傳統姓名,0
11507,10004010,新竹縣竹北市,女,一方約定_從父姓,0
11507,10004010,新竹縣竹北市,女,一方約定_從母姓,0
11507,10004010,新竹縣竹北市,女,一方約定_傳統姓名,0
11507,10004010,新竹縣竹北市,女,申請人抽籤決定_從父姓,0
11507,10004010,新竹縣竹北市,女,申請人抽籤決定_從母姓,0
11507,10004010,新竹縣竹北市,女,申請人抽籤決定_傳統姓名,0
11507,10004010,新竹縣竹北市,女,戶政事務所抽籤決定_從父姓,0
11507,10004010,新竹縣竹北市,女,戶政事務所抽籤決定_從母姓,0
11507,10004010,新竹縣竹北市,女,戶政事務所抽籤決定_傳統姓名,0
11507,10004010,新竹縣竹北市,女,監護人決定依監護人之姓,0
11507,10004040,新竹縣關西鎮,男,雙方約定_從父姓,2
11507,10004040,新竹縣關西鎮,男,雙方約定_從母姓,0
11507,10004040,新竹縣關西鎮,男,雙方約定_傳統姓名,0
11507,10004040,新竹縣關西鎮,男,一方約定_從父姓,0
11507,10004040,新竹縣關西鎮,男,一方約定_從母姓,0
11507,10004040,新竹縣關西鎮,男,一方約定_傳統姓名,0
11507,10004040,新竹縣關西鎮,男,申請人抽籤決定_從父姓,0
11507,10004040,新竹縣關西鎮,男,申請人抽籤決定_從母姓,0
11507,10004040,新竹縣關西鎮,男,申請人抽籤決定_傳統姓名,0
11507,10004040,新竹縣關西鎮,男,戶政事務所抽籤決定_從父姓,0
11507,10004040,新竹縣關西鎮,男,戶政事務所抽籤決定_從母姓,0
11507,10004040,新竹縣關西鎮,男,戶政事務所抽籤決定_傳統姓名,0
11507,10004040,新竹縣關西鎮,男,監護人決定依監護人之姓,0
11507,10004040,新竹縣關西鎮,女,雙方約定_從父姓,6
11507,10004040,新竹縣關西鎮,女,雙方約定_從母姓,0
11507,10004040,新竹縣關西鎮,女,雙方約定_傳統姓名,0
11507,10004040,新竹縣關西鎮,女,一方約定_從父姓,0
11507,10004040,新竹縣關西鎮,女,一方約定_從母姓,0
11507,10004040,新竹縣關西鎮,女,一方約定_傳統姓名,0
11507,10004040,新竹縣關西鎮,女,申請人抽籤決定_從父姓,0
11507,10004040,新竹縣關西鎮,女,申請人抽籤決定_從母姓,0
11507,10004040,新竹縣關西鎮,女,申請人抽籤決定_傳統姓名,0
11507,10004040,新竹縣關西鎮,女,戶政事務所抽籤決定_從父姓,0
11507,10004040,新竹縣關西鎮,女,戶政事務所抽籤決定_從母姓,0
11507,10004040,新竹縣關西鎮,女,戶政事務所抽籤決定_傳統姓名,0
11507,10004040,新竹縣關西鎮,女,監護人決定依監護人之姓,0
11507,10004030,新竹縣新埔鎮,男,雙方約定_從父姓,5
11507,10004030,新竹縣新埔鎮,男,雙方約定_從母姓,0
11507,10004030,新竹縣新埔鎮,男,雙方約定_傳統姓名,0
11507,10004030,新竹縣新埔鎮,男,一方約定_從父姓,0
11507,10004030,新竹縣新埔鎮,男,一方約定_從母姓,0
11507,10004030,新竹縣新埔鎮,男,一方約定_傳統姓名,0
11507,10004030,新竹縣新埔鎮,男,申請人抽籤決定_從父姓,0
11507,10004030,新竹縣新埔鎮,男,申請人抽籤決定_從母姓,0
11507,10004030,新竹縣新埔鎮,男,申請人抽籤決定_傳統姓名,0
11507,10004030,新竹縣新埔鎮,男,戶政事務所抽籤決定_從父姓,0
11507,10004030,新竹縣新埔鎮,男,戶政事務所抽籤決定_從母姓,0
11507,10004030,新竹縣新埔鎮,男,戶政事務所抽籤決定_傳統姓名,0
11507,10004030,新竹縣新埔鎮,男,監護人決定依監護人之姓,0
11507,10004030,新竹縣新埔鎮,女,雙方約定_從父姓,2
11507,10004030,新竹縣新埔鎮,女,雙方約定_從母姓,0
11507,10004030,新竹縣新埔鎮,女,雙方約定_傳統姓名,0
11507,10004030,新竹縣新埔鎮,女,一方約定_從父姓,0
11507,10004030,新竹縣新埔鎮,女,一方約定_從母姓,0
11507,10004030,新竹縣新埔鎮,女,一方約定_傳統姓名,0
11507,10004030,新竹縣新埔鎮,女,申請人抽籤決定_從父姓,0
11507,10004030,新竹縣新埔鎮,女,申請人抽籤決定_從母姓,0
11507,10004030,新竹縣新埔鎮,女,申請人抽籤決定_傳統姓名,0
11507,10004030,新竹縣新埔鎮,女,戶政事務所抽籤決定_從父姓,0
11507,10004030,新竹縣新埔鎮,女,戶政事務所抽籤決定_從母姓,0
11507,10004030,新竹縣新埔鎮,女,戶政事務所抽籤決定_傳統姓名,0
11507,10004030,新竹縣新埔鎮,女,監護人決定依監護人之姓,0
11507,10004020,新竹縣竹東鎮,男,雙方約定_從父姓,37
11507,10004020,新竹縣竹東鎮,男,雙方約定_從母姓,0
11507,10004020,新竹縣竹東鎮,男,雙方約定_傳統姓名,0
11507,10004020,新竹縣竹東鎮,男,一方約定_從父姓,0
11507,10004020,新竹縣竹東鎮,男,一方約定_從母姓,0
11507,10004020,新竹縣竹東鎮,男,一方約定_傳統姓名,0
11507,10004020,新竹縣竹東鎮,男,申請人抽籤決定_從父姓,0
11507,10004020,新竹縣竹東鎮,男,申請人抽籤決定_從母姓,0
11507,10004020,新竹縣竹東鎮,男,申請人抽籤決定_傳統姓名,0
11507,10004020,新竹縣竹東鎮,男,戶政事務所抽籤決定_從父姓,0
11507,10004020,新竹縣竹東鎮,男,戶政事務所抽籤決定_從母姓,0
11507,10004020,新竹縣竹東鎮,男,戶政事務所抽籤決定_傳統姓名,0
11507,10004020,新竹縣竹東鎮,男,監護人決定依監護人之姓,0
11507,10004020,新竹縣竹東鎮,女,雙方約定_從父姓,21
11507,10004020,新竹縣竹東鎮,女,雙方約定_從母姓,1
11507,10004020,新竹縣竹東鎮,女,雙方約定_傳統姓名,0
11507,10004020,新竹縣竹東鎮,女,一方約定_從父姓,0
11507,10004020,新竹縣竹東鎮,女,一方約定_從母姓,0
11507,10004020,新竹縣竹東鎮,女,一方約定_傳統姓名,0
11507,10004020,新竹縣竹東鎮,女,申請人抽籤決定_從父姓,0
11507,10004020,新竹縣竹東鎮,女,申請人抽籤決定_從母姓,0
11507,10004020,新竹縣竹東鎮,女,申請人抽籤決定_傳統姓名,0
11507,10004020,新竹縣竹東鎮,女,戶政事務所抽籤決定_從父姓,0
11507,10004020,新竹縣竹東鎮,女,戶政事務所抽籤決定_從母姓,0
11507,10004020,新竹縣竹東鎮,女,戶政事務所抽籤決定_傳統姓名,0
11507,10004020,新竹縣竹東鎮,女,監護人決定依監護人之姓,0
11507,10004050,新竹縣湖口鄉,男,雙方約定_從父姓,10
11507,10004050,新竹縣湖口鄉,男,雙方約定_從母姓,1
11507,10004050,新竹縣湖口鄉,男,雙方約定_傳統姓名,0
11507,10004050,新竹縣湖口鄉,男,一方約定_從父姓,0
11507,10004050,新竹縣湖口鄉,男,一方約定_從母姓,0
11507,10004050,新竹縣湖口鄉,男,一方約定_傳統姓名,0
11507,10004050,新竹縣湖口鄉,男,申請人抽籤決定_從父姓,0
11507,10004050,新竹縣湖口鄉,男,申請人抽籤決定_從母姓,0
11507,10004050,新竹縣湖口鄉,男,申請人抽籤決定_傳統姓名,0
11507,10004050,新竹縣湖口鄉,男,戶政事務所抽籤決定_從父姓,0
11507,10004050,新竹縣湖口鄉,男,戶政事務所抽籤決定_從母姓,0
11507,10004050,新竹縣湖口鄉,男,戶政事務所抽籤決定_傳統姓名,0
11507,10004050,新竹縣湖口鄉,男,監護人決定依監護人之姓,0
11507,10004050,新竹縣湖口鄉,女,雙方約定_從父姓,17
11507,10004050,新竹縣湖口鄉,女,雙方約定_從母姓,0
11507,10004050,新竹縣湖口鄉,女,雙方約定_傳統姓名,0
11507,10004050,新竹縣湖口鄉,女,一方約定_從父姓,0
11507,10004050,新竹縣湖口鄉,女,一方約定_從母姓,0
11507,10004050,新竹縣湖口鄉,女,一方約定_傳統姓名,0
11507,10004050,新竹縣湖口鄉,女,申請人抽籤決定_從父姓,0
11507,10004050,新竹縣湖口鄉,女,申請人抽籤決定_從母姓,0
11507,10004050,新竹縣湖口鄉,女,申請人抽籤決定_傳統姓名,0
11507,10004050,新竹縣湖口鄉,女,戶政事務所抽籤決定_從父姓,0
11507,10004050,新竹縣湖口鄉,女,戶政事務所抽籤決定_從母姓,0
11507,10004050,新竹縣湖口鄉,女,戶政事務所抽籤決定_傳統姓名,0
11507,10004050,新竹縣湖口鄉,女,監護人決定依監護人之姓,0
11507,10004080,新竹縣橫山鄉,男,雙方約定_從父姓,3
11507,10004080,新竹縣橫山鄉,男,雙方約定_從母姓,0
11507,10004080,新竹縣橫山鄉,男,雙方約定_傳統姓名,0
11507,10004080,新竹縣橫山鄉,男,一方約定_從父姓,0
11507,10004080,新竹縣橫山鄉,男,一方約定_從母姓,0
11507,10004080,新竹縣橫山鄉,男,一方約定_傳統姓名,0
11507,10004080,新竹縣橫山鄉,男,申請人抽籤決定_從父姓,0
11507,10004080,新竹縣橫山鄉,男,申請人抽籤決定_從母姓,0
11507,10004080,新竹縣橫山鄉,男,申請人抽籤決定_傳統姓名,0
11507,10004080,新竹縣橫山鄉,男,戶政事務所抽籤決定_從父姓,0
11507,10004080,新竹縣橫山鄉,男,戶政事務所抽籤決定_從母姓,0
11507,10004080,新竹縣橫山鄉,男,戶政事務所抽籤決定_傳統姓名,0
11507,10004080,新竹縣橫山鄉,男,監護人決定依監護人之姓,0
11507,10004080,新竹縣橫山鄉,女,雙方約定_從父姓,1
11507,10004080,新竹縣橫山鄉,女,雙方約定_從母姓,0
11507,10004080,新竹縣橫山鄉,女,雙方約定_傳統姓名,0
11507,10004080,新竹縣橫山鄉,女,一方約定_從父姓,0
11507,10004080,新竹縣橫山鄉,女,一方約定_從母姓,0
11507,10004080,新竹縣橫山鄉,女,一方約定_傳統姓名,0
11507,10004080,新竹縣橫山鄉,女,申請人抽籤決定_從父姓,0
11507,10004080,新竹縣橫山鄉,女,申請人抽籤決定_從母姓,0
11507,10004080,新竹縣橫山鄉,女,申請人抽籤決定_傳統姓名,0
11507,10004080,新竹縣橫山鄉,女,戶政事務所抽籤決定_從父姓,0
11507,10004080,新竹縣橫山鄉,女,戶政事務所抽籤決定_從母姓,0
11507,10004080,新竹縣橫山鄉,女,戶政事務所抽籤決定_傳統姓名,0
11507,10004080,新竹縣橫山鄉,女,監護人決定依監護人之姓,0
11507,10004060,新竹縣新豐鄉,男,雙方約定_從父姓,6
11507,10004060,新竹縣新豐鄉,男,雙方約定_從母姓,0
11507,10004060,新竹縣新豐鄉,男,雙方約定_傳統姓名,0
11507,10004060,新竹縣新豐鄉,男,一方約定_從父姓,0
11507,10004060,新竹縣新豐鄉,男,一方約定_從母姓,1
11507,10004060,新竹縣新豐鄉,男,一方約定_傳統姓名,0
11507,10004060,新竹縣新豐鄉,男,申請人抽籤決定_從父姓,0
11507,10004060,新竹縣新豐鄉,男,申請人抽籤決定_從母姓,0
11507,10004060,新竹縣新豐鄉,男,申請人抽籤決定_傳統姓名,0
11507,10004060,新竹縣新豐鄉,男,戶政事務所抽籤決定_從父姓,0
11507,10004060,新竹縣新豐鄉,男,戶政事務所抽籤決定_從母姓,0
11507,10004060,新竹縣新豐鄉,男,戶政事務所抽籤決定_傳統姓名,0
11507,10004060,新竹縣新豐鄉,男,監護人決定依監護人之姓,0
11507,10004060,新竹縣新豐鄉,女,雙方約定_從父姓,5
11507,10004060,新竹縣新豐鄉,女,雙方約定_從母姓,0
11507,10004060,新竹縣新豐鄉,女,雙方約定_傳統姓名,0
11507,10004060,新竹縣新豐鄉,女,一方約定_從父姓,0
11507,10004060,新竹縣新豐鄉,女,一方約定_從母姓,0
11507,10004060,新竹縣新豐鄉,女,一方約定_傳統姓名,0
11507,10004060,新竹縣新豐鄉,女,申請人抽籤決定_從父姓,0
11507,10004060,新竹縣新豐鄉,女,申請人抽籤決定_從母姓,0
11507,10004060,新竹縣新豐鄉,女,申請人抽籤決定_傳統姓名,0
11507,10004060,新竹縣新豐鄉,女,戶政事務所抽籤決定_從父姓,0
11507,10004060,新竹縣新豐鄉,女,戶政事務所抽籤決定_從母姓,0
11507,10004060,新竹縣新豐鄉,女,戶政事務所抽籤決定_傳統姓名,0
11507,10004060,新竹縣新豐鄉,女,監護人決定依監護人之姓,0
11507,10004070,新竹縣芎林鄉,男,雙方約定_從父姓,2
11507,10004070,新竹縣芎林鄉,男,雙方約定_從母姓,0
11507,10004070,新竹縣芎林鄉,男,雙方約定_傳統姓名,0
11507,10004070,新竹縣芎林鄉,男,一方約定_從父姓,0
11507,10004070,新竹縣芎林鄉,男,一方約定_從母姓,0
11507,10004070,新竹縣芎林鄉,男,一方約定_傳統姓名,0
11507,10004070,新竹縣芎林鄉,男,申請人抽籤決定_從父姓,0
11507,10004070,新竹縣芎林鄉,男,申請人抽籤決定_從母姓,0
11507,10004070,新竹縣芎林鄉,男,申請人抽籤決定_傳統姓名,0
11507,10004070,新竹縣芎林鄉,男,戶政事務所抽籤決定_從父姓,0
11507,10004070,新竹縣芎林鄉,男,戶政事務所抽籤決定_從母姓,0
11507,10004070,新竹縣芎林鄉,男,戶政事務所抽籤決定_傳統姓名,0
11507,10004070,新竹縣芎林鄉,男,監護人決定依監護人之姓,0
11507,10004070,新竹縣芎林鄉,女,雙方約定_從父姓,2
11507,10004070,新竹縣芎林鄉,女,雙方約定_從母姓,0
11507,10004070,新竹縣芎林鄉,女,雙方約定_傳統姓名,0
11507,10004070,新竹縣芎林鄉,女,一方約定_從父姓,0
11507,10004070,新竹縣芎林鄉,女,一方約定_從母姓,0
11507,10004070,新竹縣芎林鄉,女,一方約定_傳統姓名,0
11507,10004070,新竹縣芎林鄉,女,申請人抽籤決定_從父姓,0
11507,10004070,新竹縣芎林鄉,女,申請人抽籤決定_從母姓,0
11507,10004070,新竹縣芎林鄉,女,申請人抽籤決定_傳統姓名,0
11507,10004070,新竹縣芎林鄉,女,戶政事務所抽籤決定_從父姓,0
11507,10004070,新竹縣芎林鄉,女,戶政事務所抽籤決定_從母姓,0
11507,10004070,新竹縣芎林鄉,女,戶政事務所抽籤決定_傳統姓名,0
11507,10004070,新竹縣芎林鄉,女,監護人決定依監護人之姓,0
11507,10004100,新竹縣寶山鄉,男,雙方約定_從父姓,3
11507,10004100,新竹縣寶山鄉,男,雙方約定_從母姓,0
11507,10004100,新竹縣寶山鄉,男,雙方約定_傳統姓名,0
11507,10004100,新竹縣寶山鄉,男,一方約定_從父姓,0
11507,10004100,新竹縣寶山鄉,男,一方約定_從母姓,0
11507,10004100,新竹縣寶山鄉,男,一方約定_傳統姓名,0
11507,10004100,新竹縣寶山鄉,男,申請人抽籤決定_從父姓,0
11507,10004100,新竹縣寶山鄉,男,申請人抽籤決定_從母姓,0
11507,10004100,新竹縣寶山鄉,男,申請人抽籤決定_傳統姓名,0
11507,10004100,新竹縣寶山鄉,男,戶政事務所抽籤決定_從父姓,0
11507,10004100,新竹縣寶山鄉,男,戶政事務所抽籤決定_從母姓,0
11507,10004100,新竹縣寶山鄉,男,戶政事務所抽籤決定_傳統姓名,0
11507,10004100,新竹縣寶山鄉,男,監護人決定依監護人之姓,0
11507,10004100,新竹縣寶山鄉,女,雙方約定_從父姓,3
11507,10004100,新竹縣寶山鄉,女,雙方約定_從母姓,0
11507,10004100,新竹縣寶山鄉,女,雙方約定_傳統姓名,0
11507,10004100,新竹縣寶山鄉,女,一方約定_從父姓,0
11507,10004100,新竹縣寶山鄉,女,一方約定_從母姓,0
11507,10004100,新竹縣寶山鄉,女,一方約定_傳統姓名,0
11507,10004100,新竹縣寶山鄉,女,申請人抽籤決定_從父姓,0
11507,10004100,新竹縣寶山鄉,女,申請人抽籤決定_從母姓,0
11507,10004100,新竹縣寶山鄉,女,申請人抽籤決定_傳統姓名,0
11507,10004100,新竹縣寶山鄉,女,戶政事務所抽籤決定_從父姓,0
11507,10004100,新竹縣寶山鄉,女,戶政事務所抽籤決定_從母姓,0
11507,10004100,新竹縣寶山鄉,女,戶政事務所抽籤決定_傳統姓名,0
11507,10004100,新竹縣寶山鄉,女,監護人決定依監護人之姓,0
11507,10004090,新竹縣北埔鄉,男,雙方約定_從父姓,0
11507,10004090,新竹縣北埔鄉,男,雙方約定_從母姓,0
11507,10004090,新竹縣北埔鄉,男,雙方約定_傳統姓名,0
11507,10004090,新竹縣北埔鄉,男,一方約定_從父姓,0
11507,10004090,新竹縣北埔鄉,男,一方約定_從母姓,0
11507,10004090,新竹縣北埔鄉,男,一方約定_傳統姓名,0
11507,10004090,新竹縣北埔鄉,男,申請人抽籤決定_從父姓,0
11507,10004090,新竹縣北埔鄉,男,申請人抽籤決定_從母姓,0
11507,10004090,新竹縣北埔鄉,男,申請人抽籤決定_傳統姓名,0
11507,10004090,新竹縣北埔鄉,男,戶政事務所抽籤決定_從父姓,0
11507,10004090,新竹縣北埔鄉,男,戶政事務所抽籤決定_從母姓,0
11507,10004090,新竹縣北埔鄉,男,戶政事務所抽籤決定_傳統姓名,0
11507,10004090,新竹縣北埔鄉,男,監護人決定依監護人之姓,0
11507,10004090,新竹縣北埔鄉,女,雙方約定_從父姓,1
11507,10004090,新竹縣北埔鄉,女,雙方約定_從母姓,0
11507,10004090,新竹縣北埔鄉,女,雙方約定_傳統姓名,0
11507,10004090,新竹縣北埔鄉,女,一方約定_從父姓,0
11507,10004090,新竹縣北埔鄉,女,一方約定_從母姓,0
11507,10004090,新竹縣北埔鄉,女,一方約定_傳統姓名,0
11507,10004090,新竹縣北埔鄉,女,申請人抽籤決定_從父姓,0
11507,10004090,新竹縣北埔鄉,女,申請人抽籤決定_從母姓,0
11507,10004090,新竹縣北埔鄉,女,申請人抽籤決定_傳統姓名,0
11507,10004090,新竹縣北埔鄉,女,戶政事務所抽籤決定_從父姓,0
11507,10004090,新竹縣北埔鄉,女,戶政事務所抽籤決定_從母姓,0
11507,10004090,新竹縣北埔鄉,女,戶政事務所抽籤決定_傳統姓名,0
11507,10004090,新竹縣北埔鄉,女,監護人決定依監護人之姓,0
11507,10004110,新竹縣峨眉鄉,男,雙方約定_從父姓,0
11507,10004110,新竹縣峨眉鄉,男,雙方約定_從母姓,0
11507,10004110,新竹縣峨眉鄉,男,雙方約定_傳統姓名,0
11507,10004110,新竹縣峨眉鄉,男,一方約定_從父姓,0
11507,10004110,新竹縣峨眉鄉,男,一方約定_從母姓,0
11507,10004110,新竹縣峨眉鄉,男,一方約定_傳統姓名,0
11507,10004110,新竹縣峨眉鄉,男,申請人抽籤決定_從父姓,0
11507,10004110,新竹縣峨眉鄉,男,申請人抽籤決定_從母姓,0
11507,10004110,新竹縣峨眉鄉,男,申請人抽籤決定_傳統姓名,0
11507,10004110,新竹縣峨眉鄉,男,戶政事務所抽籤決定_從父姓,0
11507,10004110,新竹縣峨眉鄉,男,戶政事務所抽籤決定_從母姓,0
11507,10004110,新竹縣峨眉鄉,男,戶政事務所抽籤決定_傳統姓名,0
11507,10004110,新竹縣峨眉鄉,男,監護人決定依監護人之姓,0
11507,10004110,新竹縣峨眉鄉,女,雙方約定_從父姓,2
11507,10004110,新竹縣峨眉鄉,女,雙方約定_從母姓,0
11507,10004110,新竹縣峨眉鄉,女,雙方約定_傳統姓名,0
11507,10004110,新竹縣峨眉鄉,女,一方約定_從父姓,0
11507,10004110,新竹縣峨眉鄉,女,一方約定_從母姓,0
11507,10004110,新竹縣峨眉鄉,女,一方約定_傳統姓名,0
11507,10004110,新竹縣峨眉鄉,女,申請人抽籤決定_從父姓,0
11507,10004110,新竹縣峨眉鄉,女,申請人抽籤決定_從母姓,0
11507,10004110,新竹縣峨眉鄉,女,申請人抽籤決定_傳統姓名,0
11507,10004110,新竹縣峨眉鄉,女,戶政事務所抽籤決定_從父姓,0
11507,10004110,新竹縣峨眉鄉,女,戶政事務所抽籤決定_從母姓,0
11507,10004110,新竹縣峨眉鄉,女,戶政事務所抽籤決定_傳統姓名,0
11507,10004110,新竹縣峨眉鄉,女,監護人決定依監護人之姓,0
11507,10004120,新竹縣尖石鄉,男,雙方約定_從父姓,0
11507,10004120,新竹縣尖石鄉,男,雙方約定_從母姓,0
11507,10004120,新竹縣尖石鄉,男,雙方約定_傳統姓名,0
11507,10004120,新竹縣尖石鄉,男,一方約定_從父姓,0
11507,10004120,新竹縣尖石鄉,男,一方約定_從母姓,1
11507,10004120,新竹縣尖石鄉,男,一方約定_傳統姓名,0
11507,10004120,新竹縣尖石鄉,男,申請人抽籤決定_從父姓,0
11507,10004120,新竹縣尖石鄉,男,申請人抽籤決定_從母姓,0
11507,10004120,新竹縣尖石鄉,男,申請人抽籤決定_傳統姓名,0
11507,10004120,新竹縣尖石鄉,男,戶政事務所抽籤決定_從父姓,0
11507,10004120,新竹縣尖石鄉,男,戶政事務所抽籤決定_從母姓,0
11507,10004120,新竹縣尖石鄉,男,戶政事務所抽籤決定_傳統姓名,0
11507,10004120,新竹縣尖石鄉,男,監護人決定依監護人之姓,0
11507,10004120,新竹縣尖石鄉,女,雙方約定_從父姓,1
11507,10004120,新竹縣尖石鄉,女,雙方約定_從母姓,0
11507,10004120,新竹縣尖石鄉,女,雙方約定_傳統姓名,1
11507,10004120,新竹縣尖石鄉,女,一方約定_從父姓,0
11507,10004120,新竹縣尖石鄉,女,一方約定_從母姓,1
11507,10004120,新竹縣尖石鄉,女,一方約定_傳統姓名,0
11507,10004120,新竹縣尖石鄉,女,申請人抽籤決定_從父姓,0
11507,10004120,新竹縣尖石鄉,女,申請人抽籤決定_從母姓,0
11507,10004120,新竹縣尖石鄉,女,申請人抽籤決定_傳統姓名,0
11507,10004120,新竹縣尖石鄉,女,戶政事務所抽籤決定_從父姓,0
11507,10004120,新竹縣尖石鄉,女,戶政事務所抽籤決定_從母姓,0
11507,10004120,新竹縣尖石鄉,女,戶政事務所抽籤決定_傳統姓名,0
11507,10004120,新竹縣尖石鄉,女,監護人決定依監護人之姓,0
11507,10004130,新竹縣五峰鄉,男,雙方約定_從父姓,1
11507,10004130,新竹縣五峰鄉,男,雙方約定_從母姓,0
11507,10004130,新竹縣五峰鄉,男,雙方約定_傳統姓名,0
11507,10004130,新竹縣五峰鄉,男,一方約定_從父姓,0
11507,10004130,新竹縣五峰鄉,男,一方約定_從母姓,0
11507,10004130,新竹縣五峰鄉,男,一方約定_傳統姓名,0
11507,10004130,新竹縣五峰鄉,男,申請人抽籤決定_從父姓,0
11507,10004130,新竹縣五峰鄉,男,申請人抽籤決定_從母姓,0
11507,10004130,新竹縣五峰鄉,男,申請人抽籤決定_傳統姓名,0
11507,10004130,新竹縣五峰鄉,男,戶政事務所抽籤決定_從父姓,0
11507,10004130,新竹縣五峰鄉,男,戶政事務所抽籤決定_從母姓,0
11507,10004130,新竹縣五峰鄉,男,戶政事務所抽籤決定_傳統姓名,0
11507,10004130,新竹縣五峰鄉,男,監護人決定依監護人之姓,0
11507,10004130,新竹縣五峰鄉,女,雙方約定_從父姓,0
11507,10004130,新竹縣五峰鄉,女,雙方約定_從母姓,0
11507,10004130,新竹縣五峰鄉,女,雙方約定_傳統姓名,0
11507,10004130,新竹縣五峰鄉,女,一方約定_從父姓,0
11507,10004130,新竹縣五峰鄉,女,一方約定_從母姓,0
11507,10004130,新竹縣五峰鄉,女,一方約定_傳統姓名,0
11507,10004130,新竹縣五峰鄉,女,申請人抽籤決定_從父姓,0
11507,10004130,新竹縣五峰鄉,女,申請人抽籤決定_從母姓,0
11507,10004130,新竹縣五峰鄉,女,申請人抽籤決定_傳統姓名,0
11507,10004130,新竹縣五峰鄉,女,戶政事務所抽籤決定_從父姓,0
11507,10004130,新竹縣五峰鄉,女,戶政事務所抽籤決定_從母姓,0
11507,10004130,新竹縣五峰鄉,女,戶政事務所抽籤決定_傳統姓名,0
11507,10004130,新竹縣五峰鄉,女,監護人決定依監護人之姓,0
11507,10005010,苗栗縣苗栗市,男,雙方約定_從父姓,10
11507,10005010,苗栗縣苗栗市,男,雙方約定_從母姓,0
11507,10005010,苗栗縣苗栗市,男,雙方約定_傳統姓名,0
11507,10005010,苗栗縣苗栗市,男,一方約定_從父姓,0
11507,10005010,苗栗縣苗栗市,男,一方約定_從母姓,0
11507,10005010,苗栗縣苗栗市,男,一方約定_傳統姓名,0
11507,10005010,苗栗縣苗栗市,男,申請人抽籤決定_從父姓,0
11507,10005010,苗栗縣苗栗市,男,申請人抽籤決定_從母姓,0
11507,10005010,苗栗縣苗栗市,男,申請人抽籤決定_傳統姓名,0
11507,10005010,苗栗縣苗栗市,男,戶政事務所抽籤決定_從父姓,0
11507,10005010,苗栗縣苗栗市,男,戶政事務所抽籤決定_從母姓,0
11507,10005010,苗栗縣苗栗市,男,戶政事務所抽籤決定_傳統姓名,0
11507,10005010,苗栗縣苗栗市,男,監護人決定依監護人之姓,0
11507,10005010,苗栗縣苗栗市,女,雙方約定_從父姓,17
11507,10005010,苗栗縣苗栗市,女,雙方約定_從母姓,0
11507,10005010,苗栗縣苗栗市,女,雙方約定_傳統姓名,0
11507,10005010,苗栗縣苗栗市,女,一方約定_從父姓,0
11507,10005010,苗栗縣苗栗市,女,一方約定_從母姓,0
11507,10005010,苗栗縣苗栗市,女,一方約定_傳統姓名,0
11507,10005010,苗栗縣苗栗市,女,申請人抽籤決定_從父姓,0
11507,10005010,苗栗縣苗栗市,女,申請人抽籤決定_從母姓,0
11507,10005010,苗栗縣苗栗市,女,申請人抽籤決定_傳統姓名,0
11507,10005010,苗栗縣苗栗市,女,戶政事務所抽籤決定_從父姓,0
11507,10005010,苗栗縣苗栗市,女,戶政事務所抽籤決定_從母姓,0
11507,10005010,苗栗縣苗栗市,女,戶政事務所抽籤決定_傳統姓名,0
11507,10005010,苗栗縣苗栗市,女,監護人決定依監護人之姓,0
11507,10005050,苗栗縣頭份市,男,雙方約定_從父姓,15
11507,10005050,苗栗縣頭份市,男,雙方約定_從母姓,0
11507,10005050,苗栗縣頭份市,男,雙方約定_傳統姓名,0
11507,10005050,苗栗縣頭份市,男,一方約定_從父姓,0
11507,10005050,苗栗縣頭份市,男,一方約定_從母姓,0
11507,10005050,苗栗縣頭份市,男,一方約定_傳統姓名,0
11507,10005050,苗栗縣頭份市,男,申請人抽籤決定_從父姓,0
11507,10005050,苗栗縣頭份市,男,申請人抽籤決定_從母姓,0
11507,10005050,苗栗縣頭份市,男,申請人抽籤決定_傳統姓名,0
11507,10005050,苗栗縣頭份市,男,戶政事務所抽籤決定_從父姓,0
11507,10005050,苗栗縣頭份市,男,戶政事務所抽籤決定_從母姓,0
11507,10005050,苗栗縣頭份市,男,戶政事務所抽籤決定_傳統姓名,0
11507,10005050,苗栗縣頭份市,男,監護人決定依監護人之姓,0
11507,10005050,苗栗縣頭份市,女,雙方約定_從父姓,19
11507,10005050,苗栗縣頭份市,女,雙方約定_從母姓,0
11507,10005050,苗栗縣頭份市,女,雙方約定_傳統姓名,0
11507,10005050,苗栗縣頭份市,女,一方約定_從父姓,0
11507,10005050,苗栗縣頭份市,女,一方約定_從母姓,0
11507,10005050,苗栗縣頭份市,女,一方約定_傳統姓名,0
11507,10005050,苗栗縣頭份市,女,申請人抽籤決定_從父姓,0
11507,10005050,苗栗縣頭份市,女,申請人抽籤決定_從母姓,0
11507,10005050,苗栗縣頭份市,女,申請人抽籤決定_傳統姓名,0
11507,10005050,苗栗縣頭份市,女,戶政事務所抽籤決定_從父姓,0
11507,10005050,苗栗縣頭份市,女,戶政事務所抽籤決定_從母姓,0
11507,10005050,苗栗縣頭份市,女,戶政事務所抽籤決定_傳統姓名,0
11507,10005050,苗栗縣頭份市,女,監護人決定依監護人之姓,0
11507,10005020,苗栗縣苑裡鎮,男,雙方約定_從父姓,6
11507,10005020,苗栗縣苑裡鎮,男,雙方約定_從母姓,0
11507,10005020,苗栗縣苑裡鎮,男,雙方約定_傳統姓名,0
11507,10005020,苗栗縣苑裡鎮,男,一方約定_從父姓,0
11507,10005020,苗栗縣苑裡鎮,男,一方約定_從母姓,0
11507,10005020,苗栗縣苑裡鎮,男,一方約定_傳統姓名,0
11507,10005020,苗栗縣苑裡鎮,男,申請人抽籤決定_從父姓,0
11507,10005020,苗栗縣苑裡鎮,男,申請人抽籤決定_從母姓,0
11507,10005020,苗栗縣苑裡鎮,男,申請人抽籤決定_傳統姓名,0
11507,10005020,苗栗縣苑裡鎮,男,戶政事務所抽籤決定_從父姓,0
11507,10005020,苗栗縣苑裡鎮,男,戶政事務所抽籤決定_從母姓,0
11507,10005020,苗栗縣苑裡鎮,男,戶政事務所抽籤決定_傳統姓名,0
11507,10005020,苗栗縣苑裡鎮,男,監護人決定依監護人之姓,0
11507,10005020,苗栗縣苑裡鎮,女,雙方約定_從父姓,8
11507,10005020,苗栗縣苑裡鎮,女,雙方約定_從母姓,0
11507,10005020,苗栗縣苑裡鎮,女,雙方約定_傳統姓名,0
11507,10005020,苗栗縣苑裡鎮,女,一方約定_從父姓,0
11507,10005020,苗栗縣苑裡鎮,女,一方約定_從母姓,0
11507,10005020,苗栗縣苑裡鎮,女,一方約定_傳統姓名,0
11507,10005020,苗栗縣苑裡鎮,女,申請人抽籤決定_從父姓,0
11507,10005020,苗栗縣苑裡鎮,女,申請人抽籤決定_從母姓,0
11507,10005020,苗栗縣苑裡鎮,女,申請人抽籤決定_傳統姓名,0
11507,10005020,苗栗縣苑裡鎮,女,戶政事務所抽籤決定_從父姓,0
11507,10005020,苗栗縣苑裡鎮,女,戶政事務所抽籤決定_從母姓,0
11507,10005020,苗栗縣苑裡鎮,女,戶政事務所抽籤決定_傳統姓名,0
11507,10005020,苗栗縣苑裡鎮,女,監護人決定依監護人之姓,0
11507,10005030,苗栗縣通霄鎮,男,雙方約定_從父姓,10
11507,10005030,苗栗縣通霄鎮,男,雙方約定_從母姓,0
11507,10005030,苗栗縣通霄鎮,男,雙方約定_傳統姓名,0
11507,10005030,苗栗縣通霄鎮,男,一方約定_從父姓,0
11507,10005030,苗栗縣通霄鎮,男,一方約定_從母姓,0
11507,10005030,苗栗縣通霄鎮,男,一方約定_傳統姓名,0
11507,10005030,苗栗縣通霄鎮,男,申請人抽籤決定_從父姓,0
11507,10005030,苗栗縣通霄鎮,男,申請人抽籤決定_從母姓,0
11507,10005030,苗栗縣通霄鎮,男,申請人抽籤決定_傳統姓名,0
11507,10005030,苗栗縣通霄鎮,男,戶政事務所抽籤決定_從父姓,0
11507,10005030,苗栗縣通霄鎮,男,戶政事務所抽籤決定_從母姓,0
11507,10005030,苗栗縣通霄鎮,男,戶政事務所抽籤決定_傳統姓名,0
11507,10005030,苗栗縣通霄鎮,男,監護人決定依監護人之姓,0
11507,10005030,苗栗縣通霄鎮,女,雙方約定_從父姓,11
11507,10005030,苗栗縣通霄鎮,女,雙方約定_從母姓,0
11507,10005030,苗栗縣通霄鎮,女,雙方約定_傳統姓名,0
11507,10005030,苗栗縣通霄鎮,女,一方約定_從父姓,0
11507,10005030,苗栗縣通霄鎮,女,一方約定_從母姓,0
11507,10005030,苗栗縣通霄鎮,女,一方約定_傳統姓名,0
11507,10005030,苗栗縣通霄鎮,女,申請人抽籤決定_從父姓,0
11507,10005030,苗栗縣通霄鎮,女,申請人抽籤決定_從母姓,0
11507,10005030,苗栗縣通霄鎮,女,申請人抽籤決定_傳統姓名,0
11507,10005030,苗栗縣通霄鎮,女,戶政事務所抽籤決定_從父姓,0
11507,10005030,苗栗縣通霄鎮,女,戶政事務所抽籤決定_從母姓,0
11507,10005030,苗栗縣通霄鎮,女,戶政事務所抽籤決定_傳統姓名,0
11507,10005030,苗栗縣通霄鎮,女,監護人決定依監護人之姓,0
11507,10005040,苗栗縣竹南鎮,男,雙方約定_從父姓,10
11507,10005040,苗栗縣竹南鎮,男,雙方約定_從母姓,1
11507,10005040,苗栗縣竹南鎮,男,雙方約定_傳統姓名,0
11507,10005040,苗栗縣竹南鎮,男,一方約定_從父姓,0
11507,10005040,苗栗縣竹南鎮,男,一方約定_從母姓,0
11507,10005040,苗栗縣竹南鎮,男,一方約定_傳統姓名,0
11507,10005040,苗栗縣竹南鎮,男,申請人抽籤決定_從父姓,0
11507,10005040,苗栗縣竹南鎮,男,申請人抽籤決定_從母姓,0
11507,10005040,苗栗縣竹南鎮,男,申請人抽籤決定_傳統姓名,0
11507,10005040,苗栗縣竹南鎮,男,戶政事務所抽籤決定_從父姓,0
11507,10005040,苗栗縣竹南鎮,男,戶政事務所抽籤決定_從母姓,0
11507,10005040,苗栗縣竹南鎮,男,戶政事務所抽籤決定_傳統姓名,0
11507,10005040,苗栗縣竹南鎮,男,監護人決定依監護人之姓,0
11507,10005040,苗栗縣竹南鎮,女,雙方約定_從父姓,20
11507,10005040,苗栗縣竹南鎮,女,雙方約定_從母姓,2
11507,10005040,苗栗縣竹南鎮,女,雙方約定_傳統姓名,0
11507,10005040,苗栗縣竹南鎮,女,一方約定_從父姓,0
11507,10005040,苗栗縣竹南鎮,女,一方約定_從母姓,0
11507,10005040,苗栗縣竹南鎮,女,一方約定_傳統姓名,0
11507,10005040,苗栗縣竹南鎮,女,申請人抽籤決定_從父姓,0
11507,10005040,苗栗縣竹南鎮,女,申請人抽籤決定_從母姓,0
11507,10005040,苗栗縣竹南鎮,女,申請人抽籤決定_傳統姓名,0
11507,10005040,苗栗縣竹南鎮,女,戶政事務所抽籤決定_從父姓,0
11507,10005040,苗栗縣竹南鎮,女,戶政事務所抽籤決定_從母姓,0
11507,10005040,苗栗縣竹南鎮,女,戶政事務所抽籤決定_傳統姓名,0
11507,10005040,苗栗縣竹南鎮,女,監護人決定依監護人之姓,0
11507,10005060,苗栗縣後龍鎮,男,雙方約定_從父姓,4
11507,10005060,苗栗縣後龍鎮,男,雙方約定_從母姓,0
11507,10005060,苗栗縣後龍鎮,男,雙方約定_傳統姓名,0
11507,10005060,苗栗縣後龍鎮,男,一方約定_從父姓,0
11507,10005060,苗栗縣後龍鎮,男,一方約定_從母姓,0
11507,10005060,苗栗縣後龍鎮,男,一方約定_傳統姓名,0
11507,10005060,苗栗縣後龍鎮,男,申請人抽籤決定_從父姓,0
11507,10005060,苗栗縣後龍鎮,男,申請人抽籤決定_從母姓,0
11507,10005060,苗栗縣後龍鎮,男,申請人抽籤決定_傳統姓名,0
11507,10005060,苗栗縣後龍鎮,男,戶政事務所抽籤決定_從父姓,0
11507,10005060,苗栗縣後龍鎮,男,戶政事務所抽籤決定_從母姓,0
11507,10005060,苗栗縣後龍鎮,男,戶政事務所抽籤決定_傳統姓名,0
11507,10005060,苗栗縣後龍鎮,男,監護人決定依監護人之姓,0
11507,10005060,苗栗縣後龍鎮,女,雙方約定_從父姓,1
11507,10005060,苗栗縣後龍鎮,女,雙方約定_從母姓,0
11507,10005060,苗栗縣後龍鎮,女,雙方約定_傳統姓名,0
11507,10005060,苗栗縣後龍鎮,女,一方約定_從父姓,0
11507,10005060,苗栗縣後龍鎮,女,一方約定_從母姓,0
11507,10005060,苗栗縣後龍鎮,女,一方約定_傳統姓名,0
11507,10005060,苗栗縣後龍鎮,女,申請人抽籤決定_從父姓,0
11507,10005060,苗栗縣後龍鎮,女,申請人抽籤決定_從母姓,0
11507,10005060,苗栗縣後龍鎮,女,申請人抽籤決定_傳統姓名,0
11507,10005060,苗栗縣後龍鎮,女,戶政事務所抽籤決定_從父姓,0
11507,10005060,苗栗縣後龍鎮,女,戶政事務所抽籤決定_從母姓,0
11507,10005060,苗栗縣後龍鎮,女,戶政事務所抽籤決定_傳統姓名,0
11507,10005060,苗栗縣後龍鎮,女,監護人決定依監護人之姓,0
11507,10005070,苗栗縣卓蘭鎮,男,雙方約定_從父姓,1
11507,10005070,苗栗縣卓蘭鎮,男,雙方約定_從母姓,0
11507,10005070,苗栗縣卓蘭鎮,男,雙方約定_傳統姓名,0
11507,10005070,苗栗縣卓蘭鎮,男,一方約定_從父姓,1
11507,10005070,苗栗縣卓蘭鎮,男,一方約定_從母姓,0
11507,10005070,苗栗縣卓蘭鎮,男,一方約定_傳統姓名,0
11507,10005070,苗栗縣卓蘭鎮,男,申請人抽籤決定_從父姓,0
11507,10005070,苗栗縣卓蘭鎮,男,申請人抽籤決定_從母姓,0
11507,10005070,苗栗縣卓蘭鎮,男,申請人抽籤決定_傳統姓名,0
11507,10005070,苗栗縣卓蘭鎮,男,戶政事務所抽籤決定_從父姓,0
11507,10005070,苗栗縣卓蘭鎮,男,戶政事務所抽籤決定_從母姓,0
11507,10005070,苗栗縣卓蘭鎮,男,戶政事務所抽籤決定_傳統姓名,0
11507,10005070,苗栗縣卓蘭鎮,男,監護人決定依監護人之姓,0
11507,10005070,苗栗縣卓蘭鎮,女,雙方約定_從父姓,3
11507,10005070,苗栗縣卓蘭鎮,女,雙方約定_從母姓,0
11507,10005070,苗栗縣卓蘭鎮,女,雙方約定_傳統姓名,0
11507,10005070,苗栗縣卓蘭鎮,女,一方約定_從父姓,0
11507,10005070,苗栗縣卓蘭鎮,女,一方約定_從母姓,0
11507,10005070,苗栗縣卓蘭鎮,女,一方約定_傳統姓名,0
11507,10005070,苗栗縣卓蘭鎮,女,申請人抽籤決定_從父姓,0
11507,10005070,苗栗縣卓蘭鎮,女,申請人抽籤決定_從母姓,0
11507,10005070,苗栗縣卓蘭鎮,女,申請人抽籤決定_傳統姓名,0
11507,10005070,苗栗縣卓蘭鎮,女,戶政事務所抽籤決定_從父姓,0
11507,10005070,苗栗縣卓蘭鎮,女,戶政事務所抽籤決定_從母姓,0
11507,10005070,苗栗縣卓蘭鎮,女,戶政事務所抽籤決定_傳統姓名,0
11507,10005070,苗栗縣卓蘭鎮,女,監護人決定依監護人之姓,0
11507,10005080,苗栗縣大湖鄉,男,雙方約定_從父姓,4
11507,10005080,苗栗縣大湖鄉,男,雙方約定_從母姓,1
11507,10005080,苗栗縣大湖鄉,男,雙方約定_傳統姓名,0
11507,10005080,苗栗縣大湖鄉,男,一方約定_從父姓,0
11507,10005080,苗栗縣大湖鄉,男,一方約定_從母姓,0
11507,10005080,苗栗縣大湖鄉,男,一方約定_傳統姓名,0
11507,10005080,苗栗縣大湖鄉,男,申請人抽籤決定_從父姓,0
11507,10005080,苗栗縣大湖鄉,男,申請人抽籤決定_從母姓,0
11507,10005080,苗栗縣大湖鄉,男,申請人抽籤決定_傳統姓名,0
11507,10005080,苗栗縣大湖鄉,男,戶政事務所抽籤決定_從父姓,0
11507,10005080,苗栗縣大湖鄉,男,戶政事務所抽籤決定_從母姓,0
11507,10005080,苗栗縣大湖鄉,男,戶政事務所抽籤決定_傳統姓名,0
11507,10005080,苗栗縣大湖鄉,男,監護人決定依監護人之姓,0
11507,10005080,苗栗縣大湖鄉,女,雙方約定_從父姓,0
11507,10005080,苗栗縣大湖鄉,女,雙方約定_從母姓,0
11507,10005080,苗栗縣大湖鄉,女,雙方約定_傳統姓名,0
11507,10005080,苗栗縣大湖鄉,女,一方約定_從父姓,0
11507,10005080,苗栗縣大湖鄉,女,一方約定_從母姓,0
11507,10005080,苗栗縣大湖鄉,女,一方約定_傳統姓名,0
11507,10005080,苗栗縣大湖鄉,女,申請人抽籤決定_從父姓,0
11507,10005080,苗栗縣大湖鄉,女,申請人抽籤決定_從母姓,0
11507,10005080,苗栗縣大湖鄉,女,申請人抽籤決定_傳統姓名,0
11507,10005080,苗栗縣大湖鄉,女,戶政事務所抽籤決定_從父姓,0
11507,10005080,苗栗縣大湖鄉,女,戶政事務所抽籤決定_從母姓,0
11507,10005080,苗栗縣大湖鄉,女,戶政事務所抽籤決定_傳統姓名,0
11507,10005080,苗栗縣大湖鄉,女,監護人決定依監護人之姓,0
11507,10005090,苗栗縣公館鄉,男,雙方約定_從父姓,5
11507,10005090,苗栗縣公館鄉,男,雙方約定_從母姓,0
11507,10005090,苗栗縣公館鄉,男,雙方約定_傳統姓名,0
11507,10005090,苗栗縣公館鄉,男,一方約定_從父姓,0
11507,10005090,苗栗縣公館鄉,男,一方約定_從母姓,0
11507,10005090,苗栗縣公館鄉,男,一方約定_傳統姓名,0
11507,10005090,苗栗縣公館鄉,男,申請人抽籤決定_從父姓,0
11507,10005090,苗栗縣公館鄉,男,申請人抽籤決定_從母姓,0
11507,10005090,苗栗縣公館鄉,男,申請人抽籤決定_傳統姓名,0
11507,10005090,苗栗縣公館鄉,男,戶政事務所抽籤決定_從父姓,0
11507,10005090,苗栗縣公館鄉,男,戶政事務所抽籤決定_從母姓,0
11507,10005090,苗栗縣公館鄉,男,戶政事務所抽籤決定_傳統姓名,0
11507,10005090,苗栗縣公館鄉,男,監護人決定依監護人之姓,0
11507,10005090,苗栗縣公館鄉,女,雙方約定_從父姓,2
11507,10005090,苗栗縣公館鄉,女,雙方約定_從母姓,0
11507,10005090,苗栗縣公館鄉,女,雙方約定_傳統姓名,0
11507,10005090,苗栗縣公館鄉,女,一方約定_從父姓,0
11507,10005090,苗栗縣公館鄉,女,一方約定_從母姓,0
11507,10005090,苗栗縣公館鄉,女,一方約定_傳統姓名,0
11507,10005090,苗栗縣公館鄉,女,申請人抽籤決定_從父姓,0
11507,10005090,苗栗縣公館鄉,女,申請人抽籤決定_從母姓,0
11507,10005090,苗栗縣公館鄉,女,申請人抽籤決定_傳統姓名,0
11507,10005090,苗栗縣公館鄉,女,戶政事務所抽籤決定_從父姓,0
11507,10005090,苗栗縣公館鄉,女,戶政事務所抽籤決定_從母姓,0
11507,10005090,苗栗縣公館鄉,女,戶政事務所抽籤決定_傳統姓名,0
11507,10005090,苗栗縣公館鄉,女,監護人決定依監護人之姓,0
11507,10005100,苗栗縣銅鑼鄉,男,雙方約定_從父姓,1
11507,10005100,苗栗縣銅鑼鄉,男,雙方約定_從母姓,0
11507,10005100,苗栗縣銅鑼鄉,男,雙方約定_傳統姓名,0
11507,10005100,苗栗縣銅鑼鄉,男,一方約定_從父姓,0
11507,10005100,苗栗縣銅鑼鄉,男,一方約定_從母姓,0
11507,10005100,苗栗縣銅鑼鄉,男,一方約定_傳統姓名,0
11507,10005100,苗栗縣銅鑼鄉,男,申請人抽籤決定_從父姓,0
11507,10005100,苗栗縣銅鑼鄉,男,申請人抽籤決定_從母姓,0
11507,10005100,苗栗縣銅鑼鄉,男,申請人抽籤決定_傳統姓名,0
11507,10005100,苗栗縣銅鑼鄉,男,戶政事務所抽籤決定_從父姓,0
11507,10005100,苗栗縣銅鑼鄉,男,戶政事務所抽籤決定_從母姓,0
11507,10005100,苗栗縣銅鑼鄉,男,戶政事務所抽籤決定_傳統姓名,0
11507,10005100,苗栗縣銅鑼鄉,男,監護人決定依監護人之姓,0
11507,10005100,苗栗縣銅鑼鄉,女,雙方約定_從父姓,2
11507,10005100,苗栗縣銅鑼鄉,女,雙方約定_從母姓,0
11507,10005100,苗栗縣銅鑼鄉,女,雙方約定_傳統姓名,0
11507,10005100,苗栗縣銅鑼鄉,女,一方約定_從父姓,0
11507,10005100,苗栗縣銅鑼鄉,女,一方約定_從母姓,0
11507,10005100,苗栗縣銅鑼鄉,女,一方約定_傳統姓名,0
11507,10005100,苗栗縣銅鑼鄉,女,申請人抽籤決定_從父姓,0
11507,10005100,苗栗縣銅鑼鄉,女,申請人抽籤決定_從母姓,0
11507,10005100,苗栗縣銅鑼鄉,女,申請人抽籤決定_傳統姓名,0
11507,10005100,苗栗縣銅鑼鄉,女,戶政事務所抽籤決定_從父姓,0
11507,10005100,苗栗縣銅鑼鄉,女,戶政事務所抽籤決定_從母姓,0
11507,10005100,苗栗縣銅鑼鄉,女,戶政事務所抽籤決定_傳統姓名,0
11507,10005100,苗栗縣銅鑼鄉,女,監護人決定依監護人之姓,0
11507,10005110,苗栗縣南庄鄉,男,雙方約定_從父姓,2
11507,10005110,苗栗縣南庄鄉,男,雙方約定_從母姓,1
11507,10005110,苗栗縣南庄鄉,男,雙方約定_傳統姓名,0
11507,10005110,苗栗縣南庄鄉,男,一方約定_從父姓,0
11507,10005110,苗栗縣南庄鄉,男,一方約定_從母姓,0
11507,10005110,苗栗縣南庄鄉,男,一方約定_傳統姓名,0
11507,10005110,苗栗縣南庄鄉,男,申請人抽籤決定_從父姓,0
11507,10005110,苗栗縣南庄鄉,男,申請人抽籤決定_從母姓,0
11507,10005110,苗栗縣南庄鄉,男,申請人抽籤決定_傳統姓名,0
11507,10005110,苗栗縣南庄鄉,男,戶政事務所抽籤決定_從父姓,0
11507,10005110,苗栗縣南庄鄉,男,戶政事務所抽籤決定_從母姓,0
11507,10005110,苗栗縣南庄鄉,男,戶政事務所抽籤決定_傳統姓名,0
11507,10005110,苗栗縣南庄鄉,男,監護人決定依監護人之姓,0
11507,10005110,苗栗縣南庄鄉,女,雙方約定_從父姓,2
11507,10005110,苗栗縣南庄鄉,女,雙方約定_從母姓,0
11507,10005110,苗栗縣南庄鄉,女,雙方約定_傳統姓名,0
11507,10005110,苗栗縣南庄鄉,女,一方約定_從父姓,0
11507,10005110,苗栗縣南庄鄉,女,一方約定_從母姓,0
11507,10005110,苗栗縣南庄鄉,女,一方約定_傳統姓名,0
11507,10005110,苗栗縣南庄鄉,女,申請人抽籤決定_從父姓,0
11507,10005110,苗栗縣南庄鄉,女,申請人抽籤決定_從母姓,0
11507,10005110,苗栗縣南庄鄉,女,申請人抽籤決定_傳統姓名,0
11507,10005110,苗栗縣南庄鄉,女,戶政事務所抽籤決定_從父姓,0
11507,10005110,苗栗縣南庄鄉,女,戶政事務所抽籤決定_從母姓,0
11507,10005110,苗栗縣南庄鄉,女,戶政事務所抽籤決定_傳統姓名,0
11507,10005110,苗栗縣南庄鄉,女,監護人決定依監護人之姓,0
11507,10005120,苗栗縣頭屋鄉,男,雙方約定_從父姓,0
11507,10005120,苗栗縣頭屋鄉,男,雙方約定_從母姓,0
11507,10005120,苗栗縣頭屋鄉,男,雙方約定_傳統姓名,0
11507,10005120,苗栗縣頭屋鄉,男,一方約定_從父姓,0
11507,10005120,苗栗縣頭屋鄉,男,一方約定_從母姓,0
11507,10005120,苗栗縣頭屋鄉,男,一方約定_傳統姓名,0
11507,10005120,苗栗縣頭屋鄉,男,申請人抽籤決定_從父姓,0
11507,10005120,苗栗縣頭屋鄉,男,申請人抽籤決定_從母姓,0
11507,10005120,苗栗縣頭屋鄉,男,申請人抽籤決定_傳統姓名,0
11507,10005120,苗栗縣頭屋鄉,男,戶政事務所抽籤決定_從父姓,0
11507,10005120,苗栗縣頭屋鄉,男,戶政事務所抽籤決定_從母姓,0
11507,10005120,苗栗縣頭屋鄉,男,戶政事務所抽籤決定_傳統姓名,0
11507,10005120,苗栗縣頭屋鄉,男,監護人決定依監護人之姓,0
11507,10005120,苗栗縣頭屋鄉,女,雙方約定_從父姓,0
11507,10005120,苗栗縣頭屋鄉,女,雙方約定_從母姓,0
11507,10005120,苗栗縣頭屋鄉,女,雙方約定_傳統姓名,0
11507,10005120,苗栗縣頭屋鄉,女,一方約定_從父姓,0
11507,10005120,苗栗縣頭屋鄉,女,一方約定_從母姓,0
11507,10005120,苗栗縣頭屋鄉,女,一方約定_傳統姓名,0
11507,10005120,苗栗縣頭屋鄉,女,申請人抽籤決定_從父姓,0
11507,10005120,苗栗縣頭屋鄉,女,申請人抽籤決定_從母姓,0
11507,10005120,苗栗縣頭屋鄉,女,申請人抽籤決定_傳統姓名,0
11507,10005120,苗栗縣頭屋鄉,女,戶政事務所抽籤決定_從父姓,0
11507,10005120,苗栗縣頭屋鄉,女,戶政事務所抽籤決定_從母姓,0
11507,10005120,苗栗縣頭屋鄉,女,戶政事務所抽籤決定_傳統姓名,0
11507,10005120,苗栗縣頭屋鄉,女,監護人決定依監護人之姓,0
11507,10005130,苗栗縣三義鄉,男,雙方約定_從父姓,5
11507,10005130,苗栗縣三義鄉,男,雙方約定_從母姓,0
11507,10005130,苗栗縣三義鄉,男,雙方約定_傳統姓名,0
11507,10005130,苗栗縣三義鄉,男,一方約定_從父姓,0
11507,10005130,苗栗縣三義鄉,男,一方約定_從母姓,1
11507,10005130,苗栗縣三義鄉,男,一方約定_傳統姓名,0
11507,10005130,苗栗縣三義鄉,男,申請人抽籤決定_從父姓,0
11507,10005130,苗栗縣三義鄉,男,申請人抽籤決定_從母姓,1
11507,10005130,苗栗縣三義鄉,男,申請人抽籤決定_傳統姓名,0
11507,10005130,苗栗縣三義鄉,男,戶政事務所抽籤決定_從父姓,0
11507,10005130,苗栗縣三義鄉,男,戶政事務所抽籤決定_從母姓,0
11507,10005130,苗栗縣三義鄉,男,戶政事務所抽籤決定_傳統姓名,0
11507,10005130,苗栗縣三義鄉,男,監護人決定依監護人之姓,0
11507,10005130,苗栗縣三義鄉,女,雙方約定_從父姓,2
11507,10005130,苗栗縣三義鄉,女,雙方約定_從母姓,0
11507,10005130,苗栗縣三義鄉,女,雙方約定_傳統姓名,0
11507,10005130,苗栗縣三義鄉,女,一方約定_從父姓,0
11507,10005130,苗栗縣三義鄉,女,一方約定_從母姓,0
11507,10005130,苗栗縣三義鄉,女,一方約定_傳統姓名,0
11507,10005130,苗栗縣三義鄉,女,申請人抽籤決定_從父姓,0
11507,10005130,苗栗縣三義鄉,女,申請人抽籤決定_從母姓,0
11507,10005130,苗栗縣三義鄉,女,申請人抽籤決定_傳統姓名,0
11507,10005130,苗栗縣三義鄉,女,戶政事務所抽籤決定_從父姓,0
11507,10005130,苗栗縣三義鄉,女,戶政事務所抽籤決定_從母姓,0
11507,10005130,苗栗縣三義鄉,女,戶政事務所抽籤決定_傳統姓名,0
11507,10005130,苗栗縣三義鄉,女,監護人決定依監護人之姓,0
11507,10005140,苗栗縣西湖鄉,男,雙方約定_從父姓,2
11507,10005140,苗栗縣西湖鄉,男,雙方約定_從母姓,0
11507,10005140,苗栗縣西湖鄉,男,雙方約定_傳統姓名,0
11507,10005140,苗栗縣西湖鄉,男,一方約定_從父姓,0
11507,10005140,苗栗縣西湖鄉,男,一方約定_從母姓,0
11507,10005140,苗栗縣西湖鄉,男,一方約定_傳統姓名,0
11507,10005140,苗栗縣西湖鄉,男,申請人抽籤決定_從父姓,0
11507,10005140,苗栗縣西湖鄉,男,申請人抽籤決定_從母姓,0
11507,10005140,苗栗縣西湖鄉,男,申請人抽籤決定_傳統姓名,0
11507,10005140,苗栗縣西湖鄉,男,戶政事務所抽籤決定_從父姓,0
11507,10005140,苗栗縣西湖鄉,男,戶政事務所抽籤決定_從母姓,0
11507,10005140,苗栗縣西湖鄉,男,戶政事務所抽籤決定_傳統姓名,0
11507,10005140,苗栗縣西湖鄉,男,監護人決定依監護人之姓,0
11507,10005140,苗栗縣西湖鄉,女,雙方約定_從父姓,0
11507,10005140,苗栗縣西湖鄉,女,雙方約定_從母姓,0
11507,10005140,苗栗縣西湖鄉,女,雙方約定_傳統姓名,0
11507,10005140,苗栗縣西湖鄉,女,一方約定_從父姓,0
11507,10005140,苗栗縣西湖鄉,女,一方約定_從母姓,0
11507,10005140,苗栗縣西湖鄉,女,一方約定_傳統姓名,0
11507,10005140,苗栗縣西湖鄉,女,申請人抽籤決定_從父姓,0
11507,10005140,苗栗縣西湖鄉,女,申請人抽籤決定_從母姓,0
11507,10005140,苗栗縣西湖鄉,女,申請人抽籤決定_傳統姓名,0
11507,10005140,苗栗縣西湖鄉,女,戶政事務所抽籤決定_從父姓,0
11507,10005140,苗栗縣西湖鄉,女,戶政事務所抽籤決定_從母姓,0
11507,10005140,苗栗縣西湖鄉,女,戶政事務所抽籤決定_傳統姓名,0
11507,10005140,苗栗縣西湖鄉,女,監護人決定依監護人之姓,0
11507,10005150,苗栗縣造橋鄉,男,雙方約定_從父姓,1
11507,10005150,苗栗縣造橋鄉,男,雙方約定_從母姓,0
11507,10005150,苗栗縣造橋鄉,男,雙方約定_傳統姓名,0
11507,10005150,苗栗縣造橋鄉,男,一方約定_從父姓,0
11507,10005150,苗栗縣造橋鄉,男,一方約定_從母姓,0
11507,10005150,苗栗縣造橋鄉,男,一方約定_傳統姓名,0
11507,10005150,苗栗縣造橋鄉,男,申請人抽籤決定_從父姓,0
11507,10005150,苗栗縣造橋鄉,男,申請人抽籤決定_從母姓,0
11507,10005150,苗栗縣造橋鄉,男,申請人抽籤決定_傳統姓名,0
11507,10005150,苗栗縣造橋鄉,男,戶政事務所抽籤決定_從父姓,0
11507,10005150,苗栗縣造橋鄉,男,戶政事務所抽籤決定_從母姓,0
11507,10005150,苗栗縣造橋鄉,男,戶政事務所抽籤決定_傳統姓名,0
11507,10005150,苗栗縣造橋鄉,男,監護人決定依監護人之姓,0
11507,10005150,苗栗縣造橋鄉,女,雙方約定_從父姓,0
11507,10005150,苗栗縣造橋鄉,女,雙方約定_從母姓,0
11507,10005150,苗栗縣造橋鄉,女,雙方約定_傳統姓名,0
11507,10005150,苗栗縣造橋鄉,女,一方約定_從父姓,0
11507,10005150,苗栗縣造橋鄉,女,一方約定_從母姓,0
11507,10005150,苗栗縣造橋鄉,女,一方約定_傳統姓名,0
11507,10005150,苗栗縣造橋鄉,女,申請人抽籤決定_從父姓,0
11507,10005150,苗栗縣造橋鄉,女,申請人抽籤決定_從母姓,0
11507,10005150,苗栗縣造橋鄉,女,申請人抽籤決定_傳統姓名,0
11507,10005150,苗栗縣造橋鄉,女,戶政事務所抽籤決定_從父姓,0
11507,10005150,苗栗縣造橋鄉,女,戶政事務所抽籤決定_從母姓,0
11507,10005150,苗栗縣造橋鄉,女,戶政事務所抽籤決定_傳統姓名,0
11507,10005150,苗栗縣造橋鄉,女,監護人決定依監護人之姓,0
11507,10005160,苗栗縣三灣鄉,男,雙方約定_從父姓,1
11507,10005160,苗栗縣三灣鄉,男,雙方約定_從母姓,0
11507,10005160,苗栗縣三灣鄉,男,雙方約定_傳統姓名,0
11507,10005160,苗栗縣三灣鄉,男,一方約定_從父姓,0
11507,10005160,苗栗縣三灣鄉,男,一方約定_從母姓,0
11507,10005160,苗栗縣三灣鄉,男,一方約定_傳統姓名,0
11507,10005160,苗栗縣三灣鄉,男,申請人抽籤決定_從父姓,0
11507,10005160,苗栗縣三灣鄉,男,申請人抽籤決定_從母姓,0
11507,10005160,苗栗縣三灣鄉,男,申請人抽籤決定_傳統姓名,0
11507,10005160,苗栗縣三灣鄉,男,戶政事務所抽籤決定_從父姓,0
11507,10005160,苗栗縣三灣鄉,男,戶政事務所抽籤決定_從母姓,0
11507,10005160,苗栗縣三灣鄉,男,戶政事務所抽籤決定_傳統姓名,0
11507,10005160,苗栗縣三灣鄉,男,監護人決定依監護人之姓,0
11507,10005160,苗栗縣三灣鄉,女,雙方約定_從父姓,0
11507,10005160,苗栗縣三灣鄉,女,雙方約定_從母姓,0
11507,10005160,苗栗縣三灣鄉,女,雙方約定_傳統姓名,0
11507,10005160,苗栗縣三灣鄉,女,一方約定_從父姓,0
11507,10005160,苗栗縣三灣鄉,女,一方約定_從母姓,0
11507,10005160,苗栗縣三灣鄉,女,一方約定_傳統姓名,0
11507,10005160,苗栗縣三灣鄉,女,申請人抽籤決定_從父姓,0
11507,10005160,苗栗縣三灣鄉,女,申請人抽籤決定_從母姓,0
11507,10005160,苗栗縣三灣鄉,女,申請人抽籤決定_傳統姓名,0
11507,10005160,苗栗縣三灣鄉,女,戶政事務所抽籤決定_從父姓,0
11507,10005160,苗栗縣三灣鄉,女,戶政事務所抽籤決定_從母姓,0
11507,10005160,苗栗縣三灣鄉,女,戶政事務所抽籤決定_傳統姓名,0
11507,10005160,苗栗縣三灣鄉,女,監護人決定依監護人之姓,0
11507,10005170,苗栗縣獅潭鄉,男,雙方約定_從父姓,0
11507,10005170,苗栗縣獅潭鄉,男,雙方約定_從母姓,0
11507,10005170,苗栗縣獅潭鄉,男,雙方約定_傳統姓名,0
11507,10005170,苗栗縣獅潭鄉,男,一方約定_從父姓,0
11507,10005170,苗栗縣獅潭鄉,男,一方約定_從母姓,0
11507,10005170,苗栗縣獅潭鄉,男,一方約定_傳統姓名,0
11507,10005170,苗栗縣獅潭鄉,男,申請人抽籤決定_從父姓,0
11507,10005170,苗栗縣獅潭鄉,男,申請人抽籤決定_從母姓,0
11507,10005170,苗栗縣獅潭鄉,男,申請人抽籤決定_傳統姓名,0
11507,10005170,苗栗縣獅潭鄉,男,戶政事務所抽籤決定_從父姓,0
11507,10005170,苗栗縣獅潭鄉,男,戶政事務所抽籤決定_從母姓,0
11507,10005170,苗栗縣獅潭鄉,男,戶政事務所抽籤決定_傳統姓名,0
11507,10005170,苗栗縣獅潭鄉,男,監護人決定依監護人之姓,0
11507,10005170,苗栗縣獅潭鄉,女,雙方約定_從父姓,1
11507,10005170,苗栗縣獅潭鄉,女,雙方約定_從母姓,0
11507,10005170,苗栗縣獅潭鄉,女,雙方約定_傳統姓名,0
11507,10005170,苗栗縣獅潭鄉,女,一方約定_從父姓,0
11507,10005170,苗栗縣獅潭鄉,女,一方約定_從母姓,0
11507,10005170,苗栗縣獅潭鄉,女,一方約定_傳統姓名,0
11507,10005170,苗栗縣獅潭鄉,女,申請人抽籤決定_從父姓,0
11507,10005170,苗栗縣獅潭鄉,女,申請人抽籤決定_從母姓,0
11507,10005170,苗栗縣獅潭鄉,女,申請人抽籤決定_傳統姓名,0
11507,10005170,苗栗縣獅潭鄉,女,戶政事務所抽籤決定_從父姓,0
11507,10005170,苗栗縣獅潭鄉,女,戶政事務所抽籤決定_從母姓,0
11507,10005170,苗栗縣獅潭鄉,女,戶政事務所抽籤決定_傳統姓名,0
11507,10005170,苗栗縣獅潭鄉,女,監護人決定依監護人之姓,0
11507,10005180,苗栗縣泰安鄉,男,雙方約定_從父姓,1
11507,10005180,苗栗縣泰安鄉,男,雙方約定_從母姓,0
11507,10005180,苗栗縣泰安鄉,男,雙方約定_傳統姓名,0
11507,10005180,苗栗縣泰安鄉,男,一方約定_從父姓,0
11507,10005180,苗栗縣泰安鄉,男,一方約定_從母姓,0
11507,10005180,苗栗縣泰安鄉,男,一方約定_傳統姓名,0
11507,10005180,苗栗縣泰安鄉,男,申請人抽籤決定_從父姓,0
11507,10005180,苗栗縣泰安鄉,男,申請人抽籤決定_從母姓,0
11507,10005180,苗栗縣泰安鄉,男,申請人抽籤決定_傳統姓名,0
11507,10005180,苗栗縣泰安鄉,男,戶政事務所抽籤決定_從父姓,0
11507,10005180,苗栗縣泰安鄉,男,戶政事務所抽籤決定_從母姓,0
11507,10005180,苗栗縣泰安鄉,男,戶政事務所抽籤決定_傳統姓名,0
11507,10005180,苗栗縣泰安鄉,男,監護人決定依監護人之姓,0
11507,10005180,苗栗縣泰安鄉,女,雙方約定_從父姓,1
11507,10005180,苗栗縣泰安鄉,女,雙方約定_從母姓,0
11507,10005180,苗栗縣泰安鄉,女,雙方約定_傳統姓名,0
11507,10005180,苗栗縣泰安鄉,女,一方約定_從父姓,0
11507,10005180,苗栗縣泰安鄉,女,一方約定_從母姓,1
11507,10005180,苗栗縣泰安鄉,女,一方約定_傳統姓名,0
11507,10005180,苗栗縣泰安鄉,女,申請人抽籤決定_從父姓,0
11507,10005180,苗栗縣泰安鄉,女,申請人抽籤決定_從母姓,0
11507,10005180,苗栗縣泰安鄉,女,申請人抽籤決定_傳統姓名,0
11507,10005180,苗栗縣泰安鄉,女,戶政事務所抽籤決定_從父姓,0
11507,10005180,苗栗縣泰安鄉,女,戶政事務所抽籤決定_從母姓,0
11507,10005180,苗栗縣泰安鄉,女,戶政事務所抽籤決定_傳統姓名,0
11507,10005180,苗栗縣泰安鄉,女,監護人決定依監護人之姓,0
11507,10007010,彰化縣彰化市,男,雙方約定_從父姓,34
11507,10007010,彰化縣彰化市,男,雙方約定_從母姓,2
11507,10007010,彰化縣彰化市,男,雙方約定_傳統姓名,0
11507,10007010,彰化縣彰化市,男,一方約定_從父姓,0
11507,10007010,彰化縣彰化市,男,一方約定_從母姓,1
11507,10007010,彰化縣彰化市,男,一方約定_傳統姓名,0
11507,10007010,彰化縣彰化市,男,申請人抽籤決定_從父姓,0
11507,10007010,彰化縣彰化市,男,申請人抽籤決定_從母姓,0
11507,10007010,彰化縣彰化市,男,申請人抽籤決定_傳統姓名,0
11507,10007010,彰化縣彰化市,男,戶政事務所抽籤決定_從父姓,0
11507,10007010,彰化縣彰化市,男,戶政事務所抽籤決定_從母姓,0
11507,10007010,彰化縣彰化市,男,戶政事務所抽籤決定_傳統姓名,0
11507,10007010,彰化縣彰化市,男,監護人決定依監護人之姓,0
11507,10007010,彰化縣彰化市,女,雙方約定_從父姓,35
11507,10007010,彰化縣彰化市,女,雙方約定_從母姓,2
11507,10007010,彰化縣彰化市,女,雙方約定_傳統姓名,0
11507,10007010,彰化縣彰化市,女,一方約定_從父姓,0
11507,10007010,彰化縣彰化市,女,一方約定_從母姓,0
11507,10007010,彰化縣彰化市,女,一方約定_傳統姓名,0
11507,10007010,彰化縣彰化市,女,申請人抽籤決定_從父姓,0
11507,10007010,彰化縣彰化市,女,申請人抽籤決定_從母姓,0
11507,10007010,彰化縣彰化市,女,申請人抽籤決定_傳統姓名,0
11507,10007010,彰化縣彰化市,女,戶政事務所抽籤決定_從父姓,0
11507,10007010,彰化縣彰化市,女,戶政事務所抽籤決定_從母姓,0
11507,10007010,彰化縣彰化市,女,戶政事務所抽籤決定_傳統姓名,0
11507,10007010,彰化縣彰化市,女,監護人決定依監護人之姓,0
11507,10007100,彰化縣員林市,男,雙方約定_從父姓,23
11507,10007100,彰化縣員林市,男,雙方約定_從母姓,1
11507,10007100,彰化縣員林市,男,雙方約定_傳統姓名,0
11507,10007100,彰化縣員林市,男,一方約定_從父姓,0
11507,10007100,彰化縣員林市,男,一方約定_從母姓,0
11507,10007100,彰化縣員林市,男,一方約定_傳統姓名,0
11507,10007100,彰化縣員林市,男,申請人抽籤決定_從父姓,0
11507,10007100,彰化縣員林市,男,申請人抽籤決定_從母姓,0
11507,10007100,彰化縣員林市,男,申請人抽籤決定_傳統姓名,0
11507,10007100,彰化縣員林市,男,戶政事務所抽籤決定_從父姓,0
11507,10007100,彰化縣員林市,男,戶政事務所抽籤決定_從母姓,0
11507,10007100,彰化縣員林市,男,戶政事務所抽籤決定_傳統姓名,0
11507,10007100,彰化縣員林市,男,監護人決定依監護人之姓,0
11507,10007100,彰化縣員林市,女,雙方約定_從父姓,37
11507,10007100,彰化縣員林市,女,雙方約定_從母姓,0
11507,10007100,彰化縣員林市,女,雙方約定_傳統姓名,0
11507,10007100,彰化縣員林市,女,一方約定_從父姓,0
11507,10007100,彰化縣員林市,女,一方約定_從母姓,0
11507,10007100,彰化縣員林市,女,一方約定_傳統姓名,0
11507,10007100,彰化縣員林市,女,申請人抽籤決定_從父姓,0
11507,10007100,彰化縣員林市,女,申請人抽籤決定_從母姓,0
11507,10007100,彰化縣員林市,女,申請人抽籤決定_傳統姓名,0
11507,10007100,彰化縣員林市,女,戶政事務所抽籤決定_從父姓,0
11507,10007100,彰化縣員林市,女,戶政事務所抽籤決定_從母姓,0
11507,10007100,彰化縣員林市,女,戶政事務所抽籤決定_傳統姓名,0
11507,10007100,彰化縣員林市,女,監護人決定依監護人之姓,0
11507,10007020,彰化縣鹿港鎮,男,雙方約定_從父姓,14
11507,10007020,彰化縣鹿港鎮,男,雙方約定_從母姓,0
11507,10007020,彰化縣鹿港鎮,男,雙方約定_傳統姓名,0
11507,10007020,彰化縣鹿港鎮,男,一方約定_從父姓,0
11507,10007020,彰化縣鹿港鎮,男,一方約定_從母姓,1
11507,10007020,彰化縣鹿港鎮,男,一方約定_傳統姓名,0
11507,10007020,彰化縣鹿港鎮,男,申請人抽籤決定_從父姓,0
11507,10007020,彰化縣鹿港鎮,男,申請人抽籤決定_從母姓,0
11507,10007020,彰化縣鹿港鎮,男,申請人抽籤決定_傳統姓名,0
11507,10007020,彰化縣鹿港鎮,男,戶政事務所抽籤決定_從父姓,0
11507,10007020,彰化縣鹿港鎮,男,戶政事務所抽籤決定_從母姓,0
11507,10007020,彰化縣鹿港鎮,男,戶政事務所抽籤決定_傳統姓名,0
11507,10007020,彰化縣鹿港鎮,男,監護人決定依監護人之姓,0
11507,10007020,彰化縣鹿港鎮,女,雙方約定_從父姓,12
11507,10007020,彰化縣鹿港鎮,女,雙方約定_從母姓,0
11507,10007020,彰化縣鹿港鎮,女,雙方約定_傳統姓名,0
11507,10007020,彰化縣鹿港鎮,女,一方約定_從父姓,0
11507,10007020,彰化縣鹿港鎮,女,一方約定_從母姓,0
11507,10007020,彰化縣鹿港鎮,女,一方約定_傳統姓名,0
11507,10007020,彰化縣鹿港鎮,女,申請人抽籤決定_從父姓,0
11507,10007020,彰化縣鹿港鎮,女,申請人抽籤決定_從母姓,0
11507,10007020,彰化縣鹿港鎮,女,申請人抽籤決定_傳統姓名,0
11507,10007020,彰化縣鹿港鎮,女,戶政事務所抽籤決定_從父姓,0
11507,10007020,彰化縣鹿港鎮,女,戶政事務所抽籤決定_從母姓,0
11507,10007020,彰化縣鹿港鎮,女,戶政事務所抽籤決定_傳統姓名,0
11507,10007020,彰化縣鹿港鎮,女,監護人決定依監護人之姓,0
11507,10007030,彰化縣和美鎮,男,雙方約定_從父姓,14
11507,10007030,彰化縣和美鎮,男,雙方約定_從母姓,0
11507,10007030,彰化縣和美鎮,男,雙方約定_傳統姓名,0
11507,10007030,彰化縣和美鎮,男,一方約定_從父姓,0
11507,10007030,彰化縣和美鎮,男,一方約定_從母姓,3
11507,10007030,彰化縣和美鎮,男,一方約定_傳統姓名,0
11507,10007030,彰化縣和美鎮,男,申請人抽籤決定_從父姓,0
11507,10007030,彰化縣和美鎮,男,申請人抽籤決定_從母姓,0
11507,10007030,彰化縣和美鎮,男,申請人抽籤決定_傳統姓名,0
11507,10007030,彰化縣和美鎮,男,戶政事務所抽籤決定_從父姓,0
11507,10007030,彰化縣和美鎮,男,戶政事務所抽籤決定_從母姓,0
11507,10007030,彰化縣和美鎮,男,戶政事務所抽籤決定_傳統姓名,0
11507,10007030,彰化縣和美鎮,男,監護人決定依監護人之姓,0
11507,10007030,彰化縣和美鎮,女,雙方約定_從父姓,14
11507,10007030,彰化縣和美鎮,女,雙方約定_從母姓,0
11507,10007030,彰化縣和美鎮,女,雙方約定_傳統姓名,0
11507,10007030,彰化縣和美鎮,女,一方約定_從父姓,0
11507,10007030,彰化縣和美鎮,女,一方約定_從母姓,0
11507,10007030,彰化縣和美鎮,女,一方約定_傳統姓名,0
11507,10007030,彰化縣和美鎮,女,申請人抽籤決定_從父姓,0
11507,10007030,彰化縣和美鎮,女,申請人抽籤決定_從母姓,0
11507,10007030,彰化縣和美鎮,女,申請人抽籤決定_傳統姓名,0
11507,10007030,彰化縣和美鎮,女,戶政事務所抽籤決定_從父姓,0
11507,10007030,彰化縣和美鎮,女,戶政事務所抽籤決定_從母姓,0
11507,10007030,彰化縣和美鎮,女,戶政事務所抽籤決定_傳統姓名,0
11507,10007030,彰化縣和美鎮,女,監護人決定依監護人之姓,0
11507,10007190,彰化縣北斗鎮,男,雙方約定_從父姓,11
11507,10007190,彰化縣北斗鎮,男,雙方約定_從母姓,0
11507,10007190,彰化縣北斗鎮,男,雙方約定_傳統姓名,0
11507,10007190,彰化縣北斗鎮,男,一方約定_從父姓,0
11507,10007190,彰化縣北斗鎮,男,一方約定_從母姓,0
11507,10007190,彰化縣北斗鎮,男,一方約定_傳統姓名,0
11507,10007190,彰化縣北斗鎮,男,申請人抽籤決定_從父姓,0
11507,10007190,彰化縣北斗鎮,男,申請人抽籤決定_從母姓,0
11507,10007190,彰化縣北斗鎮,男,申請人抽籤決定_傳統姓名,0
11507,10007190,彰化縣北斗鎮,男,戶政事務所抽籤決定_從父姓,0
11507,10007190,彰化縣北斗鎮,男,戶政事務所抽籤決定_從母姓,0
11507,10007190,彰化縣北斗鎮,男,戶政事務所抽籤決定_傳統姓名,0
11507,10007190,彰化縣北斗鎮,男,監護人決定依監護人之姓,0
11507,10007190,彰化縣北斗鎮,女,雙方約定_從父姓,4
11507,10007190,彰化縣北斗鎮,女,雙方約定_從母姓,0
11507,10007190,彰化縣北斗鎮,女,雙方約定_傳統姓名,0
11507,10007190,彰化縣北斗鎮,女,一方約定_從父姓,0
11507,10007190,彰化縣北斗鎮,女,一方約定_從母姓,0
11507,10007190,彰化縣北斗鎮,女,一方約定_傳統姓名,0
11507,10007190,彰化縣北斗鎮,女,申請人抽籤決定_從父姓,0
11507,10007190,彰化縣北斗鎮,女,申請人抽籤決定_從母姓,0
11507,10007190,彰化縣北斗鎮,女,申請人抽籤決定_傳統姓名,0
11507,10007190,彰化縣北斗鎮,女,戶政事務所抽籤決定_從父姓,0
11507,10007190,彰化縣北斗鎮,女,戶政事務所抽籤決定_從母姓,0
11507,10007190,彰化縣北斗鎮,女,戶政事務所抽籤決定_傳統姓名,0
11507,10007190,彰化縣北斗鎮,女,監護人決定依監護人之姓,0
11507,10007110,彰化縣溪湖鎮,男,雙方約定_從父姓,12
11507,10007110,彰化縣溪湖鎮,男,雙方約定_從母姓,0
11507,10007110,彰化縣溪湖鎮,男,雙方約定_傳統姓名,0
11507,10007110,彰化縣溪湖鎮,男,一方約定_從父姓,0
11507,10007110,彰化縣溪湖鎮,男,一方約定_從母姓,0
11507,10007110,彰化縣溪湖鎮,男,一方約定_傳統姓名,0
11507,10007110,彰化縣溪湖鎮,男,申請人抽籤決定_從父姓,0
11507,10007110,彰化縣溪湖鎮,男,申請人抽籤決定_從母姓,0
11507,10007110,彰化縣溪湖鎮,男,申請人抽籤決定_傳統姓名,0
11507,10007110,彰化縣溪湖鎮,男,戶政事務所抽籤決定_從父姓,0
11507,10007110,彰化縣溪湖鎮,男,戶政事務所抽籤決定_從母姓,0
11507,10007110,彰化縣溪湖鎮,男,戶政事務所抽籤決定_傳統姓名,0
11507,10007110,彰化縣溪湖鎮,男,監護人決定依監護人之姓,0
11507,10007110,彰化縣溪湖鎮,女,雙方約定_從父姓,7
11507,10007110,彰化縣溪湖鎮,女,雙方約定_從母姓,0
11507,10007110,彰化縣溪湖鎮,女,雙方約定_傳統姓名,0
11507,10007110,彰化縣溪湖鎮,女,一方約定_從父姓,0
11507,10007110,彰化縣溪湖鎮,女,一方約定_從母姓,0
11507,10007110,彰化縣溪湖鎮,女,一方約定_傳統姓名,0
11507,10007110,彰化縣溪湖鎮,女,申請人抽籤決定_從父姓,0
11507,10007110,彰化縣溪湖鎮,女,申請人抽籤決定_從母姓,0
11507,10007110,彰化縣溪湖鎮,女,申請人抽籤決定_傳統姓名,0
11507,10007110,彰化縣溪湖鎮,女,戶政事務所抽籤決定_從父姓,0
11507,10007110,彰化縣溪湖鎮,女,戶政事務所抽籤決定_從母姓,0
11507,10007110,彰化縣溪湖鎮,女,戶政事務所抽籤決定_傳統姓名,0
11507,10007110,彰化縣溪湖鎮,女,監護人決定依監護人之姓,0
11507,10007120,彰化縣田中鎮,男,雙方約定_從父姓,8
11507,10007120,彰化縣田中鎮,男,雙方約定_從母姓,0
11507,10007120,彰化縣田中鎮,男,雙方約定_傳統姓名,0
11507,10007120,彰化縣田中鎮,男,一方約定_從父姓,0
11507,10007120,彰化縣田中鎮,男,一方約定_從母姓,0
11507,10007120,彰化縣田中鎮,男,一方約定_傳統姓名,0
11507,10007120,彰化縣田中鎮,男,申請人抽籤決定_從父姓,0
11507,10007120,彰化縣田中鎮,男,申請人抽籤決定_從母姓,0
11507,10007120,彰化縣田中鎮,男,申請人抽籤決定_傳統姓名,0
11507,10007120,彰化縣田中鎮,男,戶政事務所抽籤決定_從父姓,0
11507,10007120,彰化縣田中鎮,男,戶政事務所抽籤決定_從母姓,0
11507,10007120,彰化縣田中鎮,男,戶政事務所抽籤決定_傳統姓名,0
11507,10007120,彰化縣田中鎮,男,監護人決定依監護人之姓,0
11507,10007120,彰化縣田中鎮,女,雙方約定_從父姓,6
11507,10007120,彰化縣田中鎮,女,雙方約定_從母姓,0
11507,10007120,彰化縣田中鎮,女,雙方約定_傳統姓名,0
11507,10007120,彰化縣田中鎮,女,一方約定_從父姓,0
11507,10007120,彰化縣田中鎮,女,一方約定_從母姓,0
11507,10007120,彰化縣田中鎮,女,一方約定_傳統姓名,0
11507,10007120,彰化縣田中鎮,女,申請人抽籤決定_從父姓,0
11507,10007120,彰化縣田中鎮,女,申請人抽籤決定_從母姓,0
11507,10007120,彰化縣田中鎮,女,申請人抽籤決定_傳統姓名,0
11507,10007120,彰化縣田中鎮,女,戶政事務所抽籤決定_從父姓,0
11507,10007120,彰化縣田中鎮,女,戶政事務所抽籤決定_從母姓,0
11507,10007120,彰化縣田中鎮,女,戶政事務所抽籤決定_傳統姓名,0
11507,10007120,彰化縣田中鎮,女,監護人決定依監護人之姓,0
11507,10007200,彰化縣二林鎮,男,雙方約定_從父姓,5
11507,10007200,彰化縣二林鎮,男,雙方約定_從母姓,0
11507,10007200,彰化縣二林鎮,男,雙方約定_傳統姓名,0
11507,10007200,彰化縣二林鎮,男,一方約定_從父姓,0
11507,10007200,彰化縣二林鎮,男,一方約定_從母姓,0
11507,10007200,彰化縣二林鎮,男,一方約定_傳統姓名,0
11507,10007200,彰化縣二林鎮,男,申請人抽籤決定_從父姓,0
11507,10007200,彰化縣二林鎮,男,申請人抽籤決定_從母姓,0
11507,10007200,彰化縣二林鎮,男,申請人抽籤決定_傳統姓名,0
11507,10007200,彰化縣二林鎮,男,戶政事務所抽籤決定_從父姓,0
11507,10007200,彰化縣二林鎮,男,戶政事務所抽籤決定_從母姓,0
11507,10007200,彰化縣二林鎮,男,戶政事務所抽籤決定_傳統姓名,0
11507,10007200,彰化縣二林鎮,男,監護人決定依監護人之姓,0
11507,10007200,彰化縣二林鎮,女,雙方約定_從父姓,11
11507,10007200,彰化縣二林鎮,女,雙方約定_從母姓,0
11507,10007200,彰化縣二林鎮,女,雙方約定_傳統姓名,0
11507,10007200,彰化縣二林鎮,女,一方約定_從父姓,0
11507,10007200,彰化縣二林鎮,女,一方約定_從母姓,0
11507,10007200,彰化縣二林鎮,女,一方約定_傳統姓名,0
11507,10007200,彰化縣二林鎮,女,申請人抽籤決定_從父姓,0
11507,10007200,彰化縣二林鎮,女,申請人抽籤決定_從母姓,0
11507,10007200,彰化縣二林鎮,女,申請人抽籤決定_傳統姓名,0
11507,10007200,彰化縣二林鎮,女,戶政事務所抽籤決定_從父姓,0
11507,10007200,彰化縣二林鎮,女,戶政事務所抽籤決定_從母姓,0
11507,10007200,彰化縣二林鎮,女,戶政事務所抽籤決定_傳統姓名,0
11507,10007200,彰化縣二林鎮,女,監護人決定依監護人之姓,0
11507,10007040,彰化縣線西鄉,男,雙方約定_從父姓,4
11507,10007040,彰化縣線西鄉,男,雙方約定_從母姓,0
11507,10007040,彰化縣線西鄉,男,雙方約定_傳統姓名,0
11507,10007040,彰化縣線西鄉,男,一方約定_從父姓,0
11507,10007040,彰化縣線西鄉,男,一方約定_從母姓,0
11507,10007040,彰化縣線西鄉,男,一方約定_傳統姓名,0
11507,10007040,彰化縣線西鄉,男,申請人抽籤決定_從父姓,0
11507,10007040,彰化縣線西鄉,男,申請人抽籤決定_從母姓,0
11507,10007040,彰化縣線西鄉,男,申請人抽籤決定_傳統姓名,0
11507,10007040,彰化縣線西鄉,男,戶政事務所抽籤決定_從父姓,0
11507,10007040,彰化縣線西鄉,男,戶政事務所抽籤決定_從母姓,0
11507,10007040,彰化縣線西鄉,男,戶政事務所抽籤決定_傳統姓名,0
11507,10007040,彰化縣線西鄉,男,監護人決定依監護人之姓,0
11507,10007040,彰化縣線西鄉,女,雙方約定_從父姓,3
11507,10007040,彰化縣線西鄉,女,雙方約定_從母姓,0
11507,10007040,彰化縣線西鄉,女,雙方約定_傳統姓名,0
11507,10007040,彰化縣線西鄉,女,一方約定_從父姓,0
11507,10007040,彰化縣線西鄉,女,一方約定_從母姓,0
11507,10007040,彰化縣線西鄉,女,一方約定_傳統姓名,0
11507,10007040,彰化縣線西鄉,女,申請人抽籤決定_從父姓,0
11507,10007040,彰化縣線西鄉,女,申請人抽籤決定_從母姓,0
11507,10007040,彰化縣線西鄉,女,申請人抽籤決定_傳統姓名,0
11507,10007040,彰化縣線西鄉,女,戶政事務所抽籤決定_從父姓,0
11507,10007040,彰化縣線西鄉,女,戶政事務所抽籤決定_從母姓,0
11507,10007040,彰化縣線西鄉,女,戶政事務所抽籤決定_傳統姓名,0
11507,10007040,彰化縣線西鄉,女,監護人決定依監護人之姓,0
11507,10007050,彰化縣伸港鄉,男,雙方約定_從父姓,15
11507,10007050,彰化縣伸港鄉,男,雙方約定_從母姓,0
11507,10007050,彰化縣伸港鄉,男,雙方約定_傳統姓名,0
11507,10007050,彰化縣伸港鄉,男,一方約定_從父姓,0
11507,10007050,彰化縣伸港鄉,男,一方約定_從母姓,0
11507,10007050,彰化縣伸港鄉,男,一方約定_傳統姓名,0
11507,10007050,彰化縣伸港鄉,男,申請人抽籤決定_從父姓,0
11507,10007050,彰化縣伸港鄉,男,申請人抽籤決定_從母姓,0
11507,10007050,彰化縣伸港鄉,男,申請人抽籤決定_傳統姓名,0
11507,10007050,彰化縣伸港鄉,男,戶政事務所抽籤決定_從父姓,0
11507,10007050,彰化縣伸港鄉,男,戶政事務所抽籤決定_從母姓,0
11507,10007050,彰化縣伸港鄉,男,戶政事務所抽籤決定_傳統姓名,0
11507,10007050,彰化縣伸港鄉,男,監護人決定依監護人之姓,0
11507,10007050,彰化縣伸港鄉,女,雙方約定_從父姓,11
11507,10007050,彰化縣伸港鄉,女,雙方約定_從母姓,0
11507,10007050,彰化縣伸港鄉,女,雙方約定_傳統姓名,0
11507,10007050,彰化縣伸港鄉,女,一方約定_從父姓,0
11507,10007050,彰化縣伸港鄉,女,一方約定_從母姓,0
11507,10007050,彰化縣伸港鄉,女,一方約定_傳統姓名,0
11507,10007050,彰化縣伸港鄉,女,申請人抽籤決定_從父姓,0
11507,10007050,彰化縣伸港鄉,女,申請人抽籤決定_從母姓,0
11507,10007050,彰化縣伸港鄉,女,申請人抽籤決定_傳統姓名,0
11507,10007050,彰化縣伸港鄉,女,戶政事務所抽籤決定_從父姓,0
11507,10007050,彰化縣伸港鄉,女,戶政事務所抽籤決定_從母姓,0
11507,10007050,彰化縣伸港鄉,女,戶政事務所抽籤決定_傳統姓名,0
11507,10007050,彰化縣伸港鄉,女,監護人決定依監護人之姓,0
11507,10007060,彰化縣福興鄉,男,雙方約定_從父姓,8
11507,10007060,彰化縣福興鄉,男,雙方約定_從母姓,0
11507,10007060,彰化縣福興鄉,男,雙方約定_傳統姓名,0
11507,10007060,彰化縣福興鄉,男,一方約定_從父姓,0
11507,10007060,彰化縣福興鄉,男,一方約定_從母姓,0
11507,10007060,彰化縣福興鄉,男,一方約定_傳統姓名,0
11507,10007060,彰化縣福興鄉,男,申請人抽籤決定_從父姓,0
11507,10007060,彰化縣福興鄉,男,申請人抽籤決定_從母姓,0
11507,10007060,彰化縣福興鄉,男,申請人抽籤決定_傳統姓名,0
11507,10007060,彰化縣福興鄉,男,戶政事務所抽籤決定_從父姓,0
11507,10007060,彰化縣福興鄉,男,戶政事務所抽籤決定_從母姓,0
11507,10007060,彰化縣福興鄉,男,戶政事務所抽籤決定_傳統姓名,0
11507,10007060,彰化縣福興鄉,男,監護人決定依監護人之姓,0
11507,10007060,彰化縣福興鄉,女,雙方約定_從父姓,14
11507,10007060,彰化縣福興鄉,女,雙方約定_從母姓,1
11507,10007060,彰化縣福興鄉,女,雙方約定_傳統姓名,0
11507,10007060,彰化縣福興鄉,女,一方約定_從父姓,0
11507,10007060,彰化縣福興鄉,女,一方約定_從母姓,0
11507,10007060,彰化縣福興鄉,女,一方約定_傳統姓名,0
11507,10007060,彰化縣福興鄉,女,申請人抽籤決定_從父姓,0
11507,10007060,彰化縣福興鄉,女,申請人抽籤決定_從母姓,0
11507,10007060,彰化縣福興鄉,女,申請人抽籤決定_傳統姓名,0
11507,10007060,彰化縣福興鄉,女,戶政事務所抽籤決定_從父姓,0
11507,10007060,彰化縣福興鄉,女,戶政事務所抽籤決定_從母姓,0
11507,10007060,彰化縣福興鄉,女,戶政事務所抽籤決定_傳統姓名,0
11507,10007060,彰化縣福興鄉,女,監護人決定依監護人之姓,0
11507,10007070,彰化縣秀水鄉,男,雙方約定_從父姓,10
11507,10007070,彰化縣秀水鄉,男,雙方約定_從母姓,0
11507,10007070,彰化縣秀水鄉,男,雙方約定_傳統姓名,0
11507,10007070,彰化縣秀水鄉,男,一方約定_從父姓,0
11507,10007070,彰化縣秀水鄉,男,一方約定_從母姓,1
11507,10007070,彰化縣秀水鄉,男,一方約定_傳統姓名,0
11507,10007070,彰化縣秀水鄉,男,申請人抽籤決定_從父姓,0
11507,10007070,彰化縣秀水鄉,男,申請人抽籤決定_從母姓,0
11507,10007070,彰化縣秀水鄉,男,申請人抽籤決定_傳統姓名,0
11507,10007070,彰化縣秀水鄉,男,戶政事務所抽籤決定_從父姓,0
11507,10007070,彰化縣秀水鄉,男,戶政事務所抽籤決定_從母姓,0
11507,10007070,彰化縣秀水鄉,男,戶政事務所抽籤決定_傳統姓名,0
11507,10007070,彰化縣秀水鄉,男,監護人決定依監護人之姓,0
11507,10007070,彰化縣秀水鄉,女,雙方約定_從父姓,5
11507,10007070,彰化縣秀水鄉,女,雙方約定_從母姓,0
11507,10007070,彰化縣秀水鄉,女,雙方約定_傳統姓名,0
11507,10007070,彰化縣秀水鄉,女,一方約定_從父姓,0
11507,10007070,彰化縣秀水鄉,女,一方約定_從母姓,0
11507,10007070,彰化縣秀水鄉,女,一方約定_傳統姓名,0
11507,10007070,彰化縣秀水鄉,女,申請人抽籤決定_從父姓,0
11507,10007070,彰化縣秀水鄉,女,申請人抽籤決定_從母姓,0
11507,10007070,彰化縣秀水鄉,女,申請人抽籤決定_傳統姓名,0
11507,10007070,彰化縣秀水鄉,女,戶政事務所抽籤決定_從父姓,0
11507,10007070,彰化縣秀水鄉,女,戶政事務所抽籤決定_從母姓,0
11507,10007070,彰化縣秀水鄉,女,戶政事務所抽籤決定_傳統姓名,0
11507,10007070,彰化縣秀水鄉,女,監護人決定依監護人之姓,0
11507,10007080,彰化縣花壇鄉,男,雙方約定_從父姓,9
11507,10007080,彰化縣花壇鄉,男,雙方約定_從母姓,1
11507,10007080,彰化縣花壇鄉,男,雙方約定_傳統姓名,0
11507,10007080,彰化縣花壇鄉,男,一方約定_從父姓,0
11507,10007080,彰化縣花壇鄉,男,一方約定_從母姓,0
11507,10007080,彰化縣花壇鄉,男,一方約定_傳統姓名,0
11507,10007080,彰化縣花壇鄉,男,申請人抽籤決定_從父姓,0
11507,10007080,彰化縣花壇鄉,男,申請人抽籤決定_從母姓,0
11507,10007080,彰化縣花壇鄉,男,申請人抽籤決定_傳統姓名,0
11507,10007080,彰化縣花壇鄉,男,戶政事務所抽籤決定_從父姓,0
11507,10007080,彰化縣花壇鄉,男,戶政事務所抽籤決定_從母姓,0
11507,10007080,彰化縣花壇鄉,男,戶政事務所抽籤決定_傳統姓名,0
11507,10007080,彰化縣花壇鄉,男,監護人決定依監護人之姓,0
11507,10007080,彰化縣花壇鄉,女,雙方約定_從父姓,12
11507,10007080,彰化縣花壇鄉,女,雙方約定_從母姓,0
11507,10007080,彰化縣花壇鄉,女,雙方約定_傳統姓名,0
11507,10007080,彰化縣花壇鄉,女,一方約定_從父姓,0
11507,10007080,彰化縣花壇鄉,女,一方約定_從母姓,0
11507,10007080,彰化縣花壇鄉,女,一方約定_傳統姓名,0
11507,10007080,彰化縣花壇鄉,女,申請人抽籤決定_從父姓,0
11507,10007080,彰化縣花壇鄉,女,申請人抽籤決定_從母姓,0
11507,10007080,彰化縣花壇鄉,女,申請人抽籤決定_傳統姓名,0
11507,10007080,彰化縣花壇鄉,女,戶政事務所抽籤決定_從父姓,0
11507,10007080,彰化縣花壇鄉,女,戶政事務所抽籤決定_從母姓,0
11507,10007080,彰化縣花壇鄉,女,戶政事務所抽籤決定_傳統姓名,0
11507,10007080,彰化縣花壇鄉,女,監護人決定依監護人之姓,0
11507,10007090,彰化縣芬園鄉,男,雙方約定_從父姓,8
11507,10007090,彰化縣芬園鄉,男,雙方約定_從母姓,0
11507,10007090,彰化縣芬園鄉,男,雙方約定_傳統姓名,0
11507,10007090,彰化縣芬園鄉,男,一方約定_從父姓,0
11507,10007090,彰化縣芬園鄉,男,一方約定_從母姓,0
11507,10007090,彰化縣芬園鄉,男,一方約定_傳統姓名,0
11507,10007090,彰化縣芬園鄉,男,申請人抽籤決定_從父姓,0
11507,10007090,彰化縣芬園鄉,男,申請人抽籤決定_從母姓,0
11507,10007090,彰化縣芬園鄉,男,申請人抽籤決定_傳統姓名,0
11507,10007090,彰化縣芬園鄉,男,戶政事務所抽籤決定_從父姓,0
11507,10007090,彰化縣芬園鄉,男,戶政事務所抽籤決定_從母姓,0
11507,10007090,彰化縣芬園鄉,男,戶政事務所抽籤決定_傳統姓名,0
11507,10007090,彰化縣芬園鄉,男,監護人決定依監護人之姓,0
11507,10007090,彰化縣芬園鄉,女,雙方約定_從父姓,1
11507,10007090,彰化縣芬園鄉,女,雙方約定_從母姓,0
11507,10007090,彰化縣芬園鄉,女,雙方約定_傳統姓名,0
11507,10007090,彰化縣芬園鄉,女,一方約定_從父姓,0
11507,10007090,彰化縣芬園鄉,女,一方約定_從母姓,0
11507,10007090,彰化縣芬園鄉,女,一方約定_傳統姓名,0
11507,10007090,彰化縣芬園鄉,女,申請人抽籤決定_從父姓,0
11507,10007090,彰化縣芬園鄉,女,申請人抽籤決定_從母姓,0
11507,10007090,彰化縣芬園鄉,女,申請人抽籤決定_傳統姓名,0
11507,10007090,彰化縣芬園鄉,女,戶政事務所抽籤決定_從父姓,0
11507,10007090,彰化縣芬園鄉,女,戶政事務所抽籤決定_從母姓,0
11507,10007090,彰化縣芬園鄉,女,戶政事務所抽籤決定_傳統姓名,0
11507,10007090,彰化縣芬園鄉,女,監護人決定依監護人之姓,0
11507,10007130,彰化縣大村鄉,男,雙方約定_從父姓,6
11507,10007130,彰化縣大村鄉,男,雙方約定_從母姓,0
11507,10007130,彰化縣大村鄉,男,雙方約定_傳統姓名,0
11507,10007130,彰化縣大村鄉,男,一方約定_從父姓,0
11507,10007130,彰化縣大村鄉,男,一方約定_從母姓,0
11507,10007130,彰化縣大村鄉,男,一方約定_傳統姓名,0
11507,10007130,彰化縣大村鄉,男,申請人抽籤決定_從父姓,0
11507,10007130,彰化縣大村鄉,男,申請人抽籤決定_從母姓,0
11507,10007130,彰化縣大村鄉,男,申請人抽籤決定_傳統姓名,0
11507,10007130,彰化縣大村鄉,男,戶政事務所抽籤決定_從父姓,0
11507,10007130,彰化縣大村鄉,男,戶政事務所抽籤決定_從母姓,0
11507,10007130,彰化縣大村鄉,男,戶政事務所抽籤決定_傳統姓名,0
11507,10007130,彰化縣大村鄉,男,監護人決定依監護人之姓,0
11507,10007130,彰化縣大村鄉,女,雙方約定_從父姓,5
11507,10007130,彰化縣大村鄉,女,雙方約定_從母姓,0
11507,10007130,彰化縣大村鄉,女,雙方約定_傳統姓名,0
11507,10007130,彰化縣大村鄉,女,一方約定_從父姓,0
11507,10007130,彰化縣大村鄉,女,一方約定_從母姓,0
11507,10007130,彰化縣大村鄉,女,一方約定_傳統姓名,0
11507,10007130,彰化縣大村鄉,女,申請人抽籤決定_從父姓,0
11507,10007130,彰化縣大村鄉,女,申請人抽籤決定_從母姓,0
11507,10007130,彰化縣大村鄉,女,申請人抽籤決定_傳統姓名,0
11507,10007130,彰化縣大村鄉,女,戶政事務所抽籤決定_從父姓,0
11507,10007130,彰化縣大村鄉,女,戶政事務所抽籤決定_從母姓,0
11507,10007130,彰化縣大村鄉,女,戶政事務所抽籤決定_傳統姓名,0
11507,10007130,彰化縣大村鄉,女,監護人決定依監護人之姓,0
11507,10007140,彰化縣埔鹽鄉,男,雙方約定_從父姓,3
11507,10007140,彰化縣埔鹽鄉,男,雙方約定_從母姓,1
11507,10007140,彰化縣埔鹽鄉,男,雙方約定_傳統姓名,0
11507,10007140,彰化縣埔鹽鄉,男,一方約定_從父姓,0
11507,10007140,彰化縣埔鹽鄉,男,一方約定_從母姓,0
11507,10007140,彰化縣埔鹽鄉,男,一方約定_傳統姓名,0
11507,10007140,彰化縣埔鹽鄉,男,申請人抽籤決定_從父姓,0
11507,10007140,彰化縣埔鹽鄉,男,申請人抽籤決定_從母姓,0
11507,10007140,彰化縣埔鹽鄉,男,申請人抽籤決定_傳統姓名,0
11507,10007140,彰化縣埔鹽鄉,男,戶政事務所抽籤決定_從父姓,0
11507,10007140,彰化縣埔鹽鄉,男,戶政事務所抽籤決定_從母姓,0
11507,10007140,彰化縣埔鹽鄉,男,戶政事務所抽籤決定_傳統姓名,0
11507,10007140,彰化縣埔鹽鄉,男,監護人決定依監護人之姓,0
11507,10007140,彰化縣埔鹽鄉,女,雙方約定_從父姓,4
11507,10007140,彰化縣埔鹽鄉,女,雙方約定_從母姓,0
11507,10007140,彰化縣埔鹽鄉,女,雙方約定_傳統姓名,0
11507,10007140,彰化縣埔鹽鄉,女,一方約定_從父姓,0
11507,10007140,彰化縣埔鹽鄉,女,一方約定_從母姓,0
11507,10007140,彰化縣埔鹽鄉,女,一方約定_傳統姓名,0
11507,10007140,彰化縣埔鹽鄉,女,申請人抽籤決定_從父姓,0
11507,10007140,彰化縣埔鹽鄉,女,申請人抽籤決定_從母姓,0
11507,10007140,彰化縣埔鹽鄉,女,申請人抽籤決定_傳統姓名,0
11507,10007140,彰化縣埔鹽鄉,女,戶政事務所抽籤決定_從父姓,0
11507,10007140,彰化縣埔鹽鄉,女,戶政事務所抽籤決定_從母姓,0
11507,10007140,彰化縣埔鹽鄉,女,戶政事務所抽籤決定_傳統姓名,0
11507,10007140,彰化縣埔鹽鄉,女,監護人決定依監護人之姓,0
11507,10007150,彰化縣埔心鄉,男,雙方約定_從父姓,4
11507,10007150,彰化縣埔心鄉,男,雙方約定_從母姓,0
11507,10007150,彰化縣埔心鄉,男,雙方約定_傳統姓名,0
11507,10007150,彰化縣埔心鄉,男,一方約定_從父姓,0
11507,10007150,彰化縣埔心鄉,男,一方約定_從母姓,0
11507,10007150,彰化縣埔心鄉,男,一方約定_傳統姓名,0
11507,10007150,彰化縣埔心鄉,男,申請人抽籤決定_從父姓,0
11507,10007150,彰化縣埔心鄉,男,申請人抽籤決定_從母姓,0
11507,10007150,彰化縣埔心鄉,男,申請人抽籤決定_傳統姓名,0
11507,10007150,彰化縣埔心鄉,男,戶政事務所抽籤決定_從父姓,0
11507,10007150,彰化縣埔心鄉,男,戶政事務所抽籤決定_從母姓,0
11507,10007150,彰化縣埔心鄉,男,戶政事務所抽籤決定_傳統姓名,0
11507,10007150,彰化縣埔心鄉,男,監護人決定依監護人之姓,0
11507,10007150,彰化縣埔心鄉,女,雙方約定_從父姓,10
11507,10007150,彰化縣埔心鄉,女,雙方約定_從母姓,0
11507,10007150,彰化縣埔心鄉,女,雙方約定_傳統姓名,0
11507,10007150,彰化縣埔心鄉,女,一方約定_從父姓,0
11507,10007150,彰化縣埔心鄉,女,一方約定_從母姓,0
11507,10007150,彰化縣埔心鄉,女,一方約定_傳統姓名,0
11507,10007150,彰化縣埔心鄉,女,申請人抽籤決定_從父姓,0
11507,10007150,彰化縣埔心鄉,女,申請人抽籤決定_從母姓,0
11507,10007150,彰化縣埔心鄉,女,申請人抽籤決定_傳統姓名,0
11507,10007150,彰化縣埔心鄉,女,戶政事務所抽籤決定_從父姓,0
11507,10007150,彰化縣埔心鄉,女,戶政事務所抽籤決定_從母姓,0
11507,10007150,彰化縣埔心鄉,女,戶政事務所抽籤決定_傳統姓名,0
11507,10007150,彰化縣埔心鄉,女,監護人決定依監護人之姓,0
11507,10007160,彰化縣永靖鄉,男,雙方約定_從父姓,4
11507,10007160,彰化縣永靖鄉,男,雙方約定_從母姓,0
11507,10007160,彰化縣永靖鄉,男,雙方約定_傳統姓名,0
11507,10007160,彰化縣永靖鄉,男,一方約定_從父姓,0
11507,10007160,彰化縣永靖鄉,男,一方約定_從母姓,0
11507,10007160,彰化縣永靖鄉,男,一方約定_傳統姓名,0
11507,10007160,彰化縣永靖鄉,男,申請人抽籤決定_從父姓,0
11507,10007160,彰化縣永靖鄉,男,申請人抽籤決定_從母姓,0
11507,10007160,彰化縣永靖鄉,男,申請人抽籤決定_傳統姓名,0
11507,10007160,彰化縣永靖鄉,男,戶政事務所抽籤決定_從父姓,0
11507,10007160,彰化縣永靖鄉,男,戶政事務所抽籤決定_從母姓,0
11507,10007160,彰化縣永靖鄉,男,戶政事務所抽籤決定_傳統姓名,0
11507,10007160,彰化縣永靖鄉,男,監護人決定依監護人之姓,0
11507,10007160,彰化縣永靖鄉,女,雙方約定_從父姓,3
11507,10007160,彰化縣永靖鄉,女,雙方約定_從母姓,0
11507,10007160,彰化縣永靖鄉,女,雙方約定_傳統姓名,0
11507,10007160,彰化縣永靖鄉,女,一方約定_從父姓,0
11507,10007160,彰化縣永靖鄉,女,一方約定_從母姓,0
11507,10007160,彰化縣永靖鄉,女,一方約定_傳統姓名,0
11507,10007160,彰化縣永靖鄉,女,申請人抽籤決定_從父姓,0
11507,10007160,彰化縣永靖鄉,女,申請人抽籤決定_從母姓,0
11507,10007160,彰化縣永靖鄉,女,申請人抽籤決定_傳統姓名,0
11507,10007160,彰化縣永靖鄉,女,戶政事務所抽籤決定_從父姓,0
11507,10007160,彰化縣永靖鄉,女,戶政事務所抽籤決定_從母姓,0
11507,10007160,彰化縣永靖鄉,女,戶政事務所抽籤決定_傳統姓名,0
11507,10007160,彰化縣永靖鄉,女,監護人決定依監護人之姓,0
11507,10007170,彰化縣社頭鄉,男,雙方約定_從父姓,13
11507,10007170,彰化縣社頭鄉,男,雙方約定_從母姓,0
11507,10007170,彰化縣社頭鄉,男,雙方約定_傳統姓名,0
11507,10007170,彰化縣社頭鄉,男,一方約定_從父姓,0
11507,10007170,彰化縣社頭鄉,男,一方約定_從母姓,0
11507,10007170,彰化縣社頭鄉,男,一方約定_傳統姓名,0
11507,10007170,彰化縣社頭鄉,男,申請人抽籤決定_從父姓,0
11507,10007170,彰化縣社頭鄉,男,申請人抽籤決定_從母姓,0
11507,10007170,彰化縣社頭鄉,男,申請人抽籤決定_傳統姓名,0
11507,10007170,彰化縣社頭鄉,男,戶政事務所抽籤決定_從父姓,0
11507,10007170,彰化縣社頭鄉,男,戶政事務所抽籤決定_從母姓,0
11507,10007170,彰化縣社頭鄉,男,戶政事務所抽籤決定_傳統姓名,0
11507,10007170,彰化縣社頭鄉,男,監護人決定依監護人之姓,0
11507,10007170,彰化縣社頭鄉,女,雙方約定_從父姓,6
11507,10007170,彰化縣社頭鄉,女,雙方約定_從母姓,0
11507,10007170,彰化縣社頭鄉,女,雙方約定_傳統姓名,0
11507,10007170,彰化縣社頭鄉,女,一方約定_從父姓,0
11507,10007170,彰化縣社頭鄉,女,一方約定_從母姓,0
11507,10007170,彰化縣社頭鄉,女,一方約定_傳統姓名,0
11507,10007170,彰化縣社頭鄉,女,申請人抽籤決定_從父姓,0
11507,10007170,彰化縣社頭鄉,女,申請人抽籤決定_從母姓,0
11507,10007170,彰化縣社頭鄉,女,申請人抽籤決定_傳統姓名,0
11507,10007170,彰化縣社頭鄉,女,戶政事務所抽籤決定_從父姓,0
11507,10007170,彰化縣社頭鄉,女,戶政事務所抽籤決定_從母姓,0
11507,10007170,彰化縣社頭鄉,女,戶政事務所抽籤決定_傳統姓名,0
11507,10007170,彰化縣社頭鄉,女,監護人決定依監護人之姓,0
11507,10007180,彰化縣二水鄉,男,雙方約定_從父姓,3
11507,10007180,彰化縣二水鄉,男,雙方約定_從母姓,0
11507,10007180,彰化縣二水鄉,男,雙方約定_傳統姓名,0
11507,10007180,彰化縣二水鄉,男,一方約定_從父姓,0
11507,10007180,彰化縣二水鄉,男,一方約定_從母姓,0
11507,10007180,彰化縣二水鄉,男,一方約定_傳統姓名,0
11507,10007180,彰化縣二水鄉,男,申請人抽籤決定_從父姓,0
11507,10007180,彰化縣二水鄉,男,申請人抽籤決定_從母姓,0
11507,10007180,彰化縣二水鄉,男,申請人抽籤決定_傳統姓名,0
11507,10007180,彰化縣二水鄉,男,戶政事務所抽籤決定_從父姓,0
11507,10007180,彰化縣二水鄉,男,戶政事務所抽籤決定_從母姓,0
11507,10007180,彰化縣二水鄉,男,戶政事務所抽籤決定_傳統姓名,0
11507,10007180,彰化縣二水鄉,男,監護人決定依監護人之姓,0
11507,10007180,彰化縣二水鄉,女,雙方約定_從父姓,5
11507,10007180,彰化縣二水鄉,女,雙方約定_從母姓,0
11507,10007180,彰化縣二水鄉,女,雙方約定_傳統姓名,0
11507,10007180,彰化縣二水鄉,女,一方約定_從父姓,0
11507,10007180,彰化縣二水鄉,女,一方約定_從母姓,0
11507,10007180,彰化縣二水鄉,女,一方約定_傳統姓名,0
11507,10007180,彰化縣二水鄉,女,申請人抽籤決定_從父姓,0
11507,10007180,彰化縣二水鄉,女,申請人抽籤決定_從母姓,0
11507,10007180,彰化縣二水鄉,女,申請人抽籤決定_傳統姓名,0
11507,10007180,彰化縣二水鄉,女,戶政事務所抽籤決定_從父姓,0
11507,10007180,彰化縣二水鄉,女,戶政事務所抽籤決定_從母姓,0
11507,10007180,彰化縣二水鄉,女,戶政事務所抽籤決定_傳統姓名,0
11507,10007180,彰化縣二水鄉,女,監護人決定依監護人之姓,0
11507,10007210,彰化縣田尾鄉,男,雙方約定_從父姓,8
11507,10007210,彰化縣田尾鄉,男,雙方約定_從母姓,0
11507,10007210,彰化縣田尾鄉,男,雙方約定_傳統姓名,0
11507,10007210,彰化縣田尾鄉,男,一方約定_從父姓,0
11507,10007210,彰化縣田尾鄉,男,一方約定_從母姓,0
11507,10007210,彰化縣田尾鄉,男,一方約定_傳統姓名,0
11507,10007210,彰化縣田尾鄉,男,申請人抽籤決定_從父姓,0
11507,10007210,彰化縣田尾鄉,男,申請人抽籤決定_從母姓,0
11507,10007210,彰化縣田尾鄉,男,申請人抽籤決定_傳統姓名,0
11507,10007210,彰化縣田尾鄉,男,戶政事務所抽籤決定_從父姓,0
11507,10007210,彰化縣田尾鄉,男,戶政事務所抽籤決定_從母姓,0
11507,10007210,彰化縣田尾鄉,男,戶政事務所抽籤決定_傳統姓名,0
11507,10007210,彰化縣田尾鄉,男,監護人決定依監護人之姓,0
11507,10007210,彰化縣田尾鄉,女,雙方約定_從父姓,6
11507,10007210,彰化縣田尾鄉,女,雙方約定_從母姓,0
11507,10007210,彰化縣田尾鄉,女,雙方約定_傳統姓名,0
11507,10007210,彰化縣田尾鄉,女,一方約定_從父姓,0
11507,10007210,彰化縣田尾鄉,女,一方約定_從母姓,1
11507,10007210,彰化縣田尾鄉,女,一方約定_傳統姓名,0
11507,10007210,彰化縣田尾鄉,女,申請人抽籤決定_從父姓,0
11507,10007210,彰化縣田尾鄉,女,申請人抽籤決定_從母姓,0
11507,10007210,彰化縣田尾鄉,女,申請人抽籤決定_傳統姓名,0
11507,10007210,彰化縣田尾鄉,女,戶政事務所抽籤決定_從父姓,0
11507,10007210,彰化縣田尾鄉,女,戶政事務所抽籤決定_從母姓,0
11507,10007210,彰化縣田尾鄉,女,戶政事務所抽籤決定_傳統姓名,0
11507,10007210,彰化縣田尾鄉,女,監護人決定依監護人之姓,0
11507,10007220,彰化縣埤頭鄉,男,雙方約定_從父姓,6
11507,10007220,彰化縣埤頭鄉,男,雙方約定_從母姓,0
11507,10007220,彰化縣埤頭鄉,男,雙方約定_傳統姓名,0
11507,10007220,彰化縣埤頭鄉,男,一方約定_從父姓,0
11507,10007220,彰化縣埤頭鄉,男,一方約定_從母姓,0
11507,10007220,彰化縣埤頭鄉,男,一方約定_傳統姓名,0
11507,10007220,彰化縣埤頭鄉,男,申請人抽籤決定_從父姓,0
11507,10007220,彰化縣埤頭鄉,男,申請人抽籤決定_從母姓,0
11507,10007220,彰化縣埤頭鄉,男,申請人抽籤決定_傳統姓名,0
11507,10007220,彰化縣埤頭鄉,男,戶政事務所抽籤決定_從父姓,0
11507,10007220,彰化縣埤頭鄉,男,戶政事務所抽籤決定_從母姓,0
11507,10007220,彰化縣埤頭鄉,男,戶政事務所抽籤決定_傳統姓名,0
11507,10007220,彰化縣埤頭鄉,男,監護人決定依監護人之姓,0
11507,10007220,彰化縣埤頭鄉,女,雙方約定_從父姓,6
11507,10007220,彰化縣埤頭鄉,女,雙方約定_從母姓,0
11507,10007220,彰化縣埤頭鄉,女,雙方約定_傳統姓名,0
11507,10007220,彰化縣埤頭鄉,女,一方約定_從父姓,0
11507,10007220,彰化縣埤頭鄉,女,一方約定_從母姓,0
11507,10007220,彰化縣埤頭鄉,女,一方約定_傳統姓名,0
11507,10007220,彰化縣埤頭鄉,女,申請人抽籤決定_從父姓,0
11507,10007220,彰化縣埤頭鄉,女,申請人抽籤決定_從母姓,0
11507,10007220,彰化縣埤頭鄉,女,申請人抽籤決定_傳統姓名,0
11507,10007220,彰化縣埤頭鄉,女,戶政事務所抽籤決定_從父姓,0
11507,10007220,彰化縣埤頭鄉,女,戶政事務所抽籤決定_從母姓,0
11507,10007220,彰化縣埤頭鄉,女,戶政事務所抽籤決定_傳統姓名,0
11507,10007220,彰化縣埤頭鄉,女,監護人決定依監護人之姓,0
11507,10007230,彰化縣芳苑鄉,男,雙方約定_從父姓,6
11507,10007230,彰化縣芳苑鄉,男,雙方約定_從母姓,1
11507,10007230,彰化縣芳苑鄉,男,雙方約定_傳統姓名,0
11507,10007230,彰化縣芳苑鄉,男,一方約定_從父姓,0
11507,10007230,彰化縣芳苑鄉,男,一方約定_從母姓,0
11507,10007230,彰化縣芳苑鄉,男,一方約定_傳統姓名,0
11507,10007230,彰化縣芳苑鄉,男,申請人抽籤決定_從父姓,0
11507,10007230,彰化縣芳苑鄉,男,申請人抽籤決定_從母姓,0
11507,10007230,彰化縣芳苑鄉,男,申請人抽籤決定_傳統姓名,0
11507,10007230,彰化縣芳苑鄉,男,戶政事務所抽籤決定_從父姓,0
11507,10007230,彰化縣芳苑鄉,男,戶政事務所抽籤決定_從母姓,0
11507,10007230,彰化縣芳苑鄉,男,戶政事務所抽籤決定_傳統姓名,0
11507,10007230,彰化縣芳苑鄉,男,監護人決定依監護人之姓,0
11507,10007230,彰化縣芳苑鄉,女,雙方約定_從父姓,6
11507,10007230,彰化縣芳苑鄉,女,雙方約定_從母姓,0
11507,10007230,彰化縣芳苑鄉,女,雙方約定_傳統姓名,0
11507,10007230,彰化縣芳苑鄉,女,一方約定_從父姓,0
11507,10007230,彰化縣芳苑鄉,女,一方約定_從母姓,0
11507,10007230,彰化縣芳苑鄉,女,一方約定_傳統姓名,0
11507,10007230,彰化縣芳苑鄉,女,申請人抽籤決定_從父姓,0
11507,10007230,彰化縣芳苑鄉,女,申請人抽籤決定_從母姓,0
11507,10007230,彰化縣芳苑鄉,女,申請人抽籤決定_傳統姓名,0
11507,10007230,彰化縣芳苑鄉,女,戶政事務所抽籤決定_從父姓,0
11507,10007230,彰化縣芳苑鄉,女,戶政事務所抽籤決定_從母姓,0
11507,10007230,彰化縣芳苑鄉,女,戶政事務所抽籤決定_傳統姓名,0
11507,10007230,彰化縣芳苑鄉,女,監護人決定依監護人之姓,0
11507,10007240,彰化縣大城鄉,男,雙方約定_從父姓,3
11507,10007240,彰化縣大城鄉,男,雙方約定_從母姓,0
11507,10007240,彰化縣大城鄉,男,雙方約定_傳統姓名,0
11507,10007240,彰化縣大城鄉,男,一方約定_從父姓,0
11507,10007240,彰化縣大城鄉,男,一方約定_從母姓,0
11507,10007240,彰化縣大城鄉,男,一方約定_傳統姓名,0
11507,10007240,彰化縣大城鄉,男,申請人抽籤決定_從父姓,0
11507,10007240,彰化縣大城鄉,男,申請人抽籤決定_從母姓,0
11507,10007240,彰化縣大城鄉,男,申請人抽籤決定_傳統姓名,0
11507,10007240,彰化縣大城鄉,男,戶政事務所抽籤決定_從父姓,0
11507,10007240,彰化縣大城鄉,男,戶政事務所抽籤決定_從母姓,0
11507,10007240,彰化縣大城鄉,男,戶政事務所抽籤決定_傳統姓名,0
11507,10007240,彰化縣大城鄉,男,監護人決定依監護人之姓,0
11507,10007240,彰化縣大城鄉,女,雙方約定_從父姓,3
11507,10007240,彰化縣大城鄉,女,雙方約定_從母姓,0
11507,10007240,彰化縣大城鄉,女,雙方約定_傳統姓名,0
11507,10007240,彰化縣大城鄉,女,一方約定_從父姓,0
11507,10007240,彰化縣大城鄉,女,一方約定_從母姓,0
11507,10007240,彰化縣大城鄉,女,一方約定_傳統姓名,0
11507,10007240,彰化縣大城鄉,女,申請人抽籤決定_從父姓,0
11507,10007240,彰化縣大城鄉,女,申請人抽籤決定_從母姓,0
11507,10007240,彰化縣大城鄉,女,申請人抽籤決定_傳統姓名,0
11507,10007240,彰化縣大城鄉,女,戶政事務所抽籤決定_從父姓,0
11507,10007240,彰化縣大城鄉,女,戶政事務所抽籤決定_從母姓,0
11507,10007240,彰化縣大城鄉,女,戶政事務所抽籤決定_傳統姓名,0
11507,10007240,彰化縣大城鄉,女,監護人決定依監護人之姓,0
11507,10007250,彰化縣竹塘鄉,男,雙方約定_從父姓,1
11507,10007250,彰化縣竹塘鄉,男,雙方約定_從母姓,2
11507,10007250,彰化縣竹塘鄉,男,雙方約定_傳統姓名,0
11507,10007250,彰化縣竹塘鄉,男,一方約定_從父姓,0
11507,10007250,彰化縣竹塘鄉,男,一方約定_從母姓,0
11507,10007250,彰化縣竹塘鄉,男,一方約定_傳統姓名,0
11507,10007250,彰化縣竹塘鄉,男,申請人抽籤決定_從父姓,0
11507,10007250,彰化縣竹塘鄉,男,申請人抽籤決定_從母姓,0
11507,10007250,彰化縣竹塘鄉,男,申請人抽籤決定_傳統姓名,0
11507,10007250,彰化縣竹塘鄉,男,戶政事務所抽籤決定_從父姓,0
11507,10007250,彰化縣竹塘鄉,男,戶政事務所抽籤決定_從母姓,0
11507,10007250,彰化縣竹塘鄉,男,戶政事務所抽籤決定_傳統姓名,0
11507,10007250,彰化縣竹塘鄉,男,監護人決定依監護人之姓,0
11507,10007250,彰化縣竹塘鄉,女,雙方約定_從父姓,2
11507,10007250,彰化縣竹塘鄉,女,雙方約定_從母姓,0
11507,10007250,彰化縣竹塘鄉,女,雙方約定_傳統姓名,0
11507,10007250,彰化縣竹塘鄉,女,一方約定_從父姓,0
11507,10007250,彰化縣竹塘鄉,女,一方約定_從母姓,1
11507,10007250,彰化縣竹塘鄉,女,一方約定_傳統姓名,0
11507,10007250,彰化縣竹塘鄉,女,申請人抽籤決定_從父姓,0
11507,10007250,彰化縣竹塘鄉,女,申請人抽籤決定_從母姓,0
11507,10007250,彰化縣竹塘鄉,女,申請人抽籤決定_傳統姓名,0
11507,10007250,彰化縣竹塘鄉,女,戶政事務所抽籤決定_從父姓,0
11507,10007250,彰化縣竹塘鄉,女,戶政事務所抽籤決定_從母姓,0
11507,10007250,彰化縣竹塘鄉,女,戶政事務所抽籤決定_傳統姓名,0
11507,10007250,彰化縣竹塘鄉,女,監護人決定依監護人之姓,0
11507,10007260,彰化縣溪州鄉,男,雙方約定_從父姓,9
11507,10007260,彰化縣溪州鄉,男,雙方約定_從母姓,0
11507,10007260,彰化縣溪州鄉,男,雙方約定_傳統姓名,0
11507,10007260,彰化縣溪州鄉,男,一方約定_從父姓,0
11507,10007260,彰化縣溪州鄉,男,一方約定_從母姓,0
11507,10007260,彰化縣溪州鄉,男,一方約定_傳統姓名,0
11507,10007260,彰化縣溪州鄉,男,申請人抽籤決定_從父姓,0
11507,10007260,彰化縣溪州鄉,男,申請人抽籤決定_從母姓,0
11507,10007260,彰化縣溪州鄉,男,申請人抽籤決定_傳統姓名,0
11507,10007260,彰化縣溪州鄉,男,戶政事務所抽籤決定_從父姓,0
11507,10007260,彰化縣溪州鄉,男,戶政事務所抽籤決定_從母姓,0
11507,10007260,彰化縣溪州鄉,男,戶政事務所抽籤決定_傳統姓名,0
11507,10007260,彰化縣溪州鄉,男,監護人決定依監護人之姓,0
11507,10007260,彰化縣溪州鄉,女,雙方約定_從父姓,5
11507,10007260,彰化縣溪州鄉,女,雙方約定_從母姓,0
11507,10007260,彰化縣溪州鄉,女,雙方約定_傳統姓名,0
11507,10007260,彰化縣溪州鄉,女,一方約定_從父姓,0
11507,10007260,彰化縣溪州鄉,女,一方約定_從母姓,0
11507,10007260,彰化縣溪州鄉,女,一方約定_傳統姓名,0
11507,10007260,彰化縣溪州鄉,女,申請人抽籤決定_從父姓,0
11507,10007260,彰化縣溪州鄉,女,申請人抽籤決定_從母姓,0
11507,10007260,彰化縣溪州鄉,女,申請人抽籤決定_傳統姓名,0
11507,10007260,彰化縣溪州鄉,女,戶政事務所抽籤決定_從父姓,0
11507,10007260,彰化縣溪州鄉,女,戶政事務所抽籤決定_從母姓,0
11507,10007260,彰化縣溪州鄉,女,戶政事務所抽籤決定_傳統姓名,0
11507,10007260,彰化縣溪州鄉,女,監護人決定依監護人之姓,0
11507,10008010,南投縣南投市,男,雙方約定_從父姓,12
11507,10008010,南投縣南投市,男,雙方約定_從母姓,1
11507,10008010,南投縣南投市,男,雙方約定_傳統姓名,0
11507,10008010,南投縣南投市,男,一方約定_從父姓,0
11507,10008010,南投縣南投市,男,一方約定_從母姓,0
11507,10008010,南投縣南投市,男,一方約定_傳統姓名,0
11507,10008010,南投縣南投市,男,申請人抽籤決定_從父姓,0
11507,10008010,南投縣南投市,男,申請人抽籤決定_從母姓,0
11507,10008010,南投縣南投市,男,申請人抽籤決定_傳統姓名,0
11507,10008010,南投縣南投市,男,戶政事務所抽籤決定_從父姓,0
11507,10008010,南投縣南投市,男,戶政事務所抽籤決定_從母姓,0
11507,10008010,南投縣南投市,男,戶政事務所抽籤決定_傳統姓名,0
11507,10008010,南投縣南投市,男,監護人決定依監護人之姓,0
11507,10008010,南投縣南投市,女,雙方約定_從父姓,12
11507,10008010,南投縣南投市,女,雙方約定_從母姓,0
11507,10008010,南投縣南投市,女,雙方約定_傳統姓名,0
11507,10008010,南投縣南投市,女,一方約定_從父姓,0
11507,10008010,南投縣南投市,女,一方約定_從母姓,0
11507,10008010,南投縣南投市,女,一方約定_傳統姓名,0
11507,10008010,南投縣南投市,女,申請人抽籤決定_從父姓,0
11507,10008010,南投縣南投市,女,申請人抽籤決定_從母姓,0
11507,10008010,南投縣南投市,女,申請人抽籤決定_傳統姓名,0
11507,10008010,南投縣南投市,女,戶政事務所抽籤決定_從父姓,0
11507,10008010,南投縣南投市,女,戶政事務所抽籤決定_從母姓,0
11507,10008010,南投縣南投市,女,戶政事務所抽籤決定_傳統姓名,0
11507,10008010,南投縣南投市,女,監護人決定依監護人之姓,0
11507,10008020,南投縣埔里鎮,男,雙方約定_從父姓,9
11507,10008020,南投縣埔里鎮,男,雙方約定_從母姓,3
11507,10008020,南投縣埔里鎮,男,雙方約定_傳統姓名,0
11507,10008020,南投縣埔里鎮,男,一方約定_從父姓,0
11507,10008020,南投縣埔里鎮,男,一方約定_從母姓,1
11507,10008020,南投縣埔里鎮,男,一方約定_傳統姓名,0
11507,10008020,南投縣埔里鎮,男,申請人抽籤決定_從父姓,0
11507,10008020,南投縣埔里鎮,男,申請人抽籤決定_從母姓,0
11507,10008020,南投縣埔里鎮,男,申請人抽籤決定_傳統姓名,0
11507,10008020,南投縣埔里鎮,男,戶政事務所抽籤決定_從父姓,0
11507,10008020,南投縣埔里鎮,男,戶政事務所抽籤決定_從母姓,0
11507,10008020,南投縣埔里鎮,男,戶政事務所抽籤決定_傳統姓名,0
11507,10008020,南投縣埔里鎮,男,監護人決定依監護人之姓,0
11507,10008020,南投縣埔里鎮,女,雙方約定_從父姓,9
11507,10008020,南投縣埔里鎮,女,雙方約定_從母姓,2
11507,10008020,南投縣埔里鎮,女,雙方約定_傳統姓名,0
11507,10008020,南投縣埔里鎮,女,一方約定_從父姓,0
11507,10008020,南投縣埔里鎮,女,一方約定_從母姓,1
11507,10008020,南投縣埔里鎮,女,一方約定_傳統姓名,0
11507,10008020,南投縣埔里鎮,女,申請人抽籤決定_從父姓,0
11507,10008020,南投縣埔里鎮,女,申請人抽籤決定_從母姓,0
11507,10008020,南投縣埔里鎮,女,申請人抽籤決定_傳統姓名,0
11507,10008020,南投縣埔里鎮,女,戶政事務所抽籤決定_從父姓,0
11507,10008020,南投縣埔里鎮,女,戶政事務所抽籤決定_從母姓,0
11507,10008020,南投縣埔里鎮,女,戶政事務所抽籤決定_傳統姓名,0
11507,10008020,南投縣埔里鎮,女,監護人決定依監護人之姓,0
11507,10008030,南投縣草屯鎮,男,雙方約定_從父姓,23
11507,10008030,南投縣草屯鎮,男,雙方約定_從母姓,1
11507,10008030,南投縣草屯鎮,男,雙方約定_傳統姓名,0
11507,10008030,南投縣草屯鎮,男,一方約定_從父姓,0
11507,10008030,南投縣草屯鎮,男,一方約定_從母姓,0
11507,10008030,南投縣草屯鎮,男,一方約定_傳統姓名,0
11507,10008030,南投縣草屯鎮,男,申請人抽籤決定_從父姓,0
11507,10008030,南投縣草屯鎮,男,申請人抽籤決定_從母姓,0
11507,10008030,南投縣草屯鎮,男,申請人抽籤決定_傳統姓名,0
11507,10008030,南投縣草屯鎮,男,戶政事務所抽籤決定_從父姓,0
11507,10008030,南投縣草屯鎮,男,戶政事務所抽籤決定_從母姓,0
11507,10008030,南投縣草屯鎮,男,戶政事務所抽籤決定_傳統姓名,0
11507,10008030,南投縣草屯鎮,男,監護人決定依監護人之姓,0
11507,10008030,南投縣草屯鎮,女,雙方約定_從父姓,13
11507,10008030,南投縣草屯鎮,女,雙方約定_從母姓,0
11507,10008030,南投縣草屯鎮,女,雙方約定_傳統姓名,0
11507,10008030,南投縣草屯鎮,女,一方約定_從父姓,0
11507,10008030,南投縣草屯鎮,女,一方約定_從母姓,0
11507,10008030,南投縣草屯鎮,女,一方約定_傳統姓名,0
11507,10008030,南投縣草屯鎮,女,申請人抽籤決定_從父姓,0
11507,10008030,南投縣草屯鎮,女,申請人抽籤決定_從母姓,0
11507,10008030,南投縣草屯鎮,女,申請人抽籤決定_傳統姓名,0
11507,10008030,南投縣草屯鎮,女,戶政事務所抽籤決定_從父姓,0
11507,10008030,南投縣草屯鎮,女,戶政事務所抽籤決定_從母姓,0
11507,10008030,南投縣草屯鎮,女,戶政事務所抽籤決定_傳統姓名,0
11507,10008030,南投縣草屯鎮,女,監護人決定依監護人之姓,0
11507,10008040,南投縣竹山鎮,男,雙方約定_從父姓,5
11507,10008040,南投縣竹山鎮,男,雙方約定_從母姓,2
11507,10008040,南投縣竹山鎮,男,雙方約定_傳統姓名,0
11507,10008040,南投縣竹山鎮,男,一方約定_從父姓,0
11507,10008040,南投縣竹山鎮,男,一方約定_從母姓,0
11507,10008040,南投縣竹山鎮,男,一方約定_傳統姓名,0
11507,10008040,南投縣竹山鎮,男,申請人抽籤決定_從父姓,0
11507,10008040,南投縣竹山鎮,男,申請人抽籤決定_從母姓,0
11507,10008040,南投縣竹山鎮,男,申請人抽籤決定_傳統姓名,0
11507,10008040,南投縣竹山鎮,男,戶政事務所抽籤決定_從父姓,0
11507,10008040,南投縣竹山鎮,男,戶政事務所抽籤決定_從母姓,0
11507,10008040,南投縣竹山鎮,男,戶政事務所抽籤決定_傳統姓名,0
11507,10008040,南投縣竹山鎮,男,監護人決定依監護人之姓,0
11507,10008040,南投縣竹山鎮,女,雙方約定_從父姓,7
11507,10008040,南投縣竹山鎮,女,雙方約定_從母姓,0
11507,10008040,南投縣竹山鎮,女,雙方約定_傳統姓名,0
11507,10008040,南投縣竹山鎮,女,一方約定_從父姓,0
11507,10008040,南投縣竹山鎮,女,一方約定_從母姓,0
11507,10008040,南投縣竹山鎮,女,一方約定_傳統姓名,0
11507,10008040,南投縣竹山鎮,女,申請人抽籤決定_從父姓,0
11507,10008040,南投縣竹山鎮,女,申請人抽籤決定_從母姓,0
11507,10008040,南投縣竹山鎮,女,申請人抽籤決定_傳統姓名,0
11507,10008040,南投縣竹山鎮,女,戶政事務所抽籤決定_從父姓,0
11507,10008040,南投縣竹山鎮,女,戶政事務所抽籤決定_從母姓,0
11507,10008040,南投縣竹山鎮,女,戶政事務所抽籤決定_傳統姓名,0
11507,10008040,南投縣竹山鎮,女,監護人決定依監護人之姓,0
11507,10008050,南投縣集集鎮,男,雙方約定_從父姓,1
11507,10008050,南投縣集集鎮,男,雙方約定_從母姓,0
11507,10008050,南投縣集集鎮,男,雙方約定_傳統姓名,0
11507,10008050,南投縣集集鎮,男,一方約定_從父姓,0
11507,10008050,南投縣集集鎮,男,一方約定_從母姓,0
11507,10008050,南投縣集集鎮,男,一方約定_傳統姓名,0
11507,10008050,南投縣集集鎮,男,申請人抽籤決定_從父姓,0
11507,10008050,南投縣集集鎮,男,申請人抽籤決定_從母姓,0
11507,10008050,南投縣集集鎮,男,申請人抽籤決定_傳統姓名,0
11507,10008050,南投縣集集鎮,男,戶政事務所抽籤決定_從父姓,0
11507,10008050,南投縣集集鎮,男,戶政事務所抽籤決定_從母姓,0
11507,10008050,南投縣集集鎮,男,戶政事務所抽籤決定_傳統姓名,0
11507,10008050,南投縣集集鎮,男,監護人決定依監護人之姓,0
11507,10008050,南投縣集集鎮,女,雙方約定_從父姓,1
11507,10008050,南投縣集集鎮,女,雙方約定_從母姓,0
11507,10008050,南投縣集集鎮,女,雙方約定_傳統姓名,0
11507,10008050,南投縣集集鎮,女,一方約定_從父姓,0
11507,10008050,南投縣集集鎮,女,一方約定_從母姓,0
11507,10008050,南投縣集集鎮,女,一方約定_傳統姓名,0
11507,10008050,南投縣集集鎮,女,申請人抽籤決定_從父姓,0
11507,10008050,南投縣集集鎮,女,申請人抽籤決定_從母姓,0
11507,10008050,南投縣集集鎮,女,申請人抽籤決定_傳統姓名,0
11507,10008050,南投縣集集鎮,女,戶政事務所抽籤決定_從父姓,0
11507,10008050,南投縣集集鎮,女,戶政事務所抽籤決定_從母姓,0
11507,10008050,南投縣集集鎮,女,戶政事務所抽籤決定_傳統姓名,0
11507,10008050,南投縣集集鎮,女,監護人決定依監護人之姓,0
11507,10008060,南投縣名間鄉,男,雙方約定_從父姓,6
11507,10008060,南投縣名間鄉,男,雙方約定_從母姓,0
11507,10008060,南投縣名間鄉,男,雙方約定_傳統姓名,0
11507,10008060,南投縣名間鄉,男,一方約定_從父姓,0
11507,10008060,南投縣名間鄉,男,一方約定_從母姓,0
11507,10008060,南投縣名間鄉,男,一方約定_傳統姓名,0
11507,10008060,南投縣名間鄉,男,申請人抽籤決定_從父姓,0
11507,10008060,南投縣名間鄉,男,申請人抽籤決定_從母姓,0
11507,10008060,南投縣名間鄉,男,申請人抽籤決定_傳統姓名,0
11507,10008060,南投縣名間鄉,男,戶政事務所抽籤決定_從父姓,0
11507,10008060,南投縣名間鄉,男,戶政事務所抽籤決定_從母姓,0
11507,10008060,南投縣名間鄉,男,戶政事務所抽籤決定_傳統姓名,0
11507,10008060,南投縣名間鄉,男,監護人決定依監護人之姓,0
11507,10008060,南投縣名間鄉,女,雙方約定_從父姓,6
11507,10008060,南投縣名間鄉,女,雙方約定_從母姓,0
11507,10008060,南投縣名間鄉,女,雙方約定_傳統姓名,0
11507,10008060,南投縣名間鄉,女,一方約定_從父姓,0
11507,10008060,南投縣名間鄉,女,一方約定_從母姓,0
11507,10008060,南投縣名間鄉,女,一方約定_傳統姓名,0
11507,10008060,南投縣名間鄉,女,申請人抽籤決定_從父姓,0
11507,10008060,南投縣名間鄉,女,申請人抽籤決定_從母姓,0
11507,10008060,南投縣名間鄉,女,申請人抽籤決定_傳統姓名,0
11507,10008060,南投縣名間鄉,女,戶政事務所抽籤決定_從父姓,0
11507,10008060,南投縣名間鄉,女,戶政事務所抽籤決定_從母姓,0
11507,10008060,南投縣名間鄉,女,戶政事務所抽籤決定_傳統姓名,0
11507,10008060,南投縣名間鄉,女,監護人決定依監護人之姓,0
11507,10008070,南投縣鹿谷鄉,男,雙方約定_從父姓,2
11507,10008070,南投縣鹿谷鄉,男,雙方約定_從母姓,1
11507,10008070,南投縣鹿谷鄉,男,雙方約定_傳統姓名,0
11507,10008070,南投縣鹿谷鄉,男,一方約定_從父姓,0
11507,10008070,南投縣鹿谷鄉,男,一方約定_從母姓,0
11507,10008070,南投縣鹿谷鄉,男,一方約定_傳統姓名,0
11507,10008070,南投縣鹿谷鄉,男,申請人抽籤決定_從父姓,0
11507,10008070,南投縣鹿谷鄉,男,申請人抽籤決定_從母姓,0
11507,10008070,南投縣鹿谷鄉,男,申請人抽籤決定_傳統姓名,0
11507,10008070,南投縣鹿谷鄉,男,戶政事務所抽籤決定_從父姓,0
11507,10008070,南投縣鹿谷鄉,男,戶政事務所抽籤決定_從母姓,0
11507,10008070,南投縣鹿谷鄉,男,戶政事務所抽籤決定_傳統姓名,0
11507,10008070,南投縣鹿谷鄉,男,監護人決定依監護人之姓,0
11507,10008070,南投縣鹿谷鄉,女,雙方約定_從父姓,2
11507,10008070,南投縣鹿谷鄉,女,雙方約定_從母姓,0
11507,10008070,南投縣鹿谷鄉,女,雙方約定_傳統姓名,0
11507,10008070,南投縣鹿谷鄉,女,一方約定_從父姓,0
11507,10008070,南投縣鹿谷鄉,女,一方約定_從母姓,0
11507,10008070,南投縣鹿谷鄉,女,一方約定_傳統姓名,0
11507,10008070,南投縣鹿谷鄉,女,申請人抽籤決定_從父姓,0
11507,10008070,南投縣鹿谷鄉,女,申請人抽籤決定_從母姓,0
11507,10008070,南投縣鹿谷鄉,女,申請人抽籤決定_傳統姓名,0
11507,10008070,南投縣鹿谷鄉,女,戶政事務所抽籤決定_從父姓,0
11507,10008070,南投縣鹿谷鄉,女,戶政事務所抽籤決定_從母姓,0
11507,10008070,南投縣鹿谷鄉,女,戶政事務所抽籤決定_傳統姓名,0
11507,10008070,南投縣鹿谷鄉,女,監護人決定依監護人之姓,0
11507,10008080,南投縣中寮鄉,男,雙方約定_從父姓,2
11507,10008080,南投縣中寮鄉,男,雙方約定_從母姓,0
11507,10008080,南投縣中寮鄉,男,雙方約定_傳統姓名,0
11507,10008080,南投縣中寮鄉,男,一方約定_從父姓,0
11507,10008080,南投縣中寮鄉,男,一方約定_從母姓,0
11507,10008080,南投縣中寮鄉,男,一方約定_傳統姓名,0
11507,10008080,南投縣中寮鄉,男,申請人抽籤決定_從父姓,0
11507,10008080,南投縣中寮鄉,男,申請人抽籤決定_從母姓,0
11507,10008080,南投縣中寮鄉,男,申請人抽籤決定_傳統姓名,0
11507,10008080,南投縣中寮鄉,男,戶政事務所抽籤決定_從父姓,0
11507,10008080,南投縣中寮鄉,男,戶政事務所抽籤決定_從母姓,0
11507,10008080,南投縣中寮鄉,男,戶政事務所抽籤決定_傳統姓名,0
11507,10008080,南投縣中寮鄉,男,監護人決定依監護人之姓,0
11507,10008080,南投縣中寮鄉,女,雙方約定_從父姓,1
11507,10008080,南投縣中寮鄉,女,雙方約定_從母姓,0
11507,10008080,南投縣中寮鄉,女,雙方約定_傳統姓名,0
11507,10008080,南投縣中寮鄉,女,一方約定_從父姓,0
11507,10008080,南投縣中寮鄉,女,一方約定_從母姓,0
11507,10008080,南投縣中寮鄉,女,一方約定_傳統姓名,0
11507,10008080,南投縣中寮鄉,女,申請人抽籤決定_從父姓,0
11507,10008080,南投縣中寮鄉,女,申請人抽籤決定_從母姓,0
11507,10008080,南投縣中寮鄉,女,申請人抽籤決定_傳統姓名,0
11507,10008080,南投縣中寮鄉,女,戶政事務所抽籤決定_從父姓,0
11507,10008080,南投縣中寮鄉,女,戶政事務所抽籤決定_從母姓,0
11507,10008080,南投縣中寮鄉,女,戶政事務所抽籤決定_傳統姓名,0
11507,10008080,南投縣中寮鄉,女,監護人決定依監護人之姓,0
11507,10008090,南投縣魚池鄉,男,雙方約定_從父姓,5
11507,10008090,南投縣魚池鄉,男,雙方約定_從母姓,0
11507,10008090,南投縣魚池鄉,男,雙方約定_傳統姓名,0
11507,10008090,南投縣魚池鄉,男,一方約定_從父姓,0
11507,10008090,南投縣魚池鄉,男,一方約定_從母姓,0
11507,10008090,南投縣魚池鄉,男,一方約定_傳統姓名,0
11507,10008090,南投縣魚池鄉,男,申請人抽籤決定_從父姓,0
11507,10008090,南投縣魚池鄉,男,申請人抽籤決定_從母姓,0
11507,10008090,南投縣魚池鄉,男,申請人抽籤決定_傳統姓名,0
11507,10008090,南投縣魚池鄉,男,戶政事務所抽籤決定_從父姓,0
11507,10008090,南投縣魚池鄉,男,戶政事務所抽籤決定_從母姓,0
11507,10008090,南投縣魚池鄉,男,戶政事務所抽籤決定_傳統姓名,0
11507,10008090,南投縣魚池鄉,男,監護人決定依監護人之姓,0
11507,10008090,南投縣魚池鄉,女,雙方約定_從父姓,0
11507,10008090,南投縣魚池鄉,女,雙方約定_從母姓,0
11507,10008090,南投縣魚池鄉,女,雙方約定_傳統姓名,0
11507,10008090,南投縣魚池鄉,女,一方約定_從父姓,0
11507,10008090,南投縣魚池鄉,女,一方約定_從母姓,0
11507,10008090,南投縣魚池鄉,女,一方約定_傳統姓名,0
11507,10008090,南投縣魚池鄉,女,申請人抽籤決定_從父姓,0
11507,10008090,南投縣魚池鄉,女,申請人抽籤決定_從母姓,0
11507,10008090,南投縣魚池鄉,女,申請人抽籤決定_傳統姓名,0
11507,10008090,南投縣魚池鄉,女,戶政事務所抽籤決定_從父姓,0
11507,10008090,南投縣魚池鄉,女,戶政事務所抽籤決定_從母姓,0
11507,10008090,南投縣魚池鄉,女,戶政事務所抽籤決定_傳統姓名,0
11507,10008090,南投縣魚池鄉,女,監護人決定依監護人之姓,0
11507,10008100,南投縣國姓鄉,男,雙方約定_從父姓,3
11507,10008100,南投縣國姓鄉,男,雙方約定_從母姓,0
11507,10008100,南投縣國姓鄉,男,雙方約定_傳統姓名,0
11507,10008100,南投縣國姓鄉,男,一方約定_從父姓,0
11507,10008100,南投縣國姓鄉,男,一方約定_從母姓,0
11507,10008100,南投縣國姓鄉,男,一方約定_傳統姓名,0
11507,10008100,南投縣國姓鄉,男,申請人抽籤決定_從父姓,0
11507,10008100,南投縣國姓鄉,男,申請人抽籤決定_從母姓,0
11507,10008100,南投縣國姓鄉,男,申請人抽籤決定_傳統姓名,0
11507,10008100,南投縣國姓鄉,男,戶政事務所抽籤決定_從父姓,0
11507,10008100,南投縣國姓鄉,男,戶政事務所抽籤決定_從母姓,0
11507,10008100,南投縣國姓鄉,男,戶政事務所抽籤決定_傳統姓名,0
11507,10008100,南投縣國姓鄉,男,監護人決定依監護人之姓,0
11507,10008100,南投縣國姓鄉,女,雙方約定_從父姓,0
11507,10008100,南投縣國姓鄉,女,雙方約定_從母姓,0
11507,10008100,南投縣國姓鄉,女,雙方約定_傳統姓名,0
11507,10008100,南投縣國姓鄉,女,一方約定_從父姓,0
11507,10008100,南投縣國姓鄉,女,一方約定_從母姓,0
11507,10008100,南投縣國姓鄉,女,一方約定_傳統姓名,0
11507,10008100,南投縣國姓鄉,女,申請人抽籤決定_從父姓,0
11507,10008100,南投縣國姓鄉,女,申請人抽籤決定_從母姓,0
11507,10008100,南投縣國姓鄉,女,申請人抽籤決定_傳統姓名,0
11507,10008100,南投縣國姓鄉,女,戶政事務所抽籤決定_從父姓,0
11507,10008100,南投縣國姓鄉,女,戶政事務所抽籤決定_從母姓,0
11507,10008100,南投縣國姓鄉,女,戶政事務所抽籤決定_傳統姓名,0
11507,10008100,南投縣國姓鄉,女,監護人決定依監護人之姓,0
11507,10008110,南投縣水里鄉,男,雙方約定_從父姓,2
11507,10008110,南投縣水里鄉,男,雙方約定_從母姓,0
11507,10008110,南投縣水里鄉,男,雙方約定_傳統姓名,0
11507,10008110,南投縣水里鄉,男,一方約定_從父姓,0
11507,10008110,南投縣水里鄉,男,一方約定_從母姓,0
11507,10008110,南投縣水里鄉,男,一方約定_傳統姓名,0
11507,10008110,南投縣水里鄉,男,申請人抽籤決定_從父姓,0
11507,10008110,南投縣水里鄉,男,申請人抽籤決定_從母姓,0
11507,10008110,南投縣水里鄉,男,申請人抽籤決定_傳統姓名,0
11507,10008110,南投縣水里鄉,男,戶政事務所抽籤決定_從父姓,0
11507,10008110,南投縣水里鄉,男,戶政事務所抽籤決定_從母姓,0
11507,10008110,南投縣水里鄉,男,戶政事務所抽籤決定_傳統姓名,0
11507,10008110,南投縣水里鄉,男,監護人決定依監護人之姓,0
11507,10008110,南投縣水里鄉,女,雙方約定_從父姓,1
11507,10008110,南投縣水里鄉,女,雙方約定_從母姓,0
11507,10008110,南投縣水里鄉,女,雙方約定_傳統姓名,0
11507,10008110,南投縣水里鄉,女,一方約定_從父姓,0
11507,10008110,南投縣水里鄉,女,一方約定_從母姓,0
11507,10008110,南投縣水里鄉,女,一方約定_傳統姓名,0
11507,10008110,南投縣水里鄉,女,申請人抽籤決定_從父姓,0
11507,10008110,南投縣水里鄉,女,申請人抽籤決定_從母姓,0
11507,10008110,南投縣水里鄉,女,申請人抽籤決定_傳統姓名,0
11507,10008110,南投縣水里鄉,女,戶政事務所抽籤決定_從父姓,0
11507,10008110,南投縣水里鄉,女,戶政事務所抽籤決定_從母姓,0
11507,10008110,南投縣水里鄉,女,戶政事務所抽籤決定_傳統姓名,0
11507,10008110,南投縣水里鄉,女,監護人決定依監護人之姓,0
11507,10008120,南投縣信義鄉,男,雙方約定_從父姓,4
11507,10008120,南投縣信義鄉,男,雙方約定_從母姓,0
11507,10008120,南投縣信義鄉,男,雙方約定_傳統姓名,0
11507,10008120,南投縣信義鄉,男,一方約定_從父姓,0
11507,10008120,南投縣信義鄉,男,一方約定_從母姓,0
11507,10008120,南投縣信義鄉,男,一方約定_傳統姓名,0
11507,10008120,南投縣信義鄉,男,申請人抽籤決定_從父姓,0
11507,10008120,南投縣信義鄉,男,申請人抽籤決定_從母姓,0
11507,10008120,南投縣信義鄉,男,申請人抽籤決定_傳統姓名,0
11507,10008120,南投縣信義鄉,男,戶政事務所抽籤決定_從父姓,0
11507,10008120,南投縣信義鄉,男,戶政事務所抽籤決定_從母姓,0
11507,10008120,南投縣信義鄉,男,戶政事務所抽籤決定_傳統姓名,0
11507,10008120,南投縣信義鄉,男,監護人決定依監護人之姓,0
11507,10008120,南投縣信義鄉,女,雙方約定_從父姓,2
11507,10008120,南投縣信義鄉,女,雙方約定_從母姓,0
11507,10008120,南投縣信義鄉,女,雙方約定_傳統姓名,0
11507,10008120,南投縣信義鄉,女,一方約定_從父姓,0
11507,10008120,南投縣信義鄉,女,一方約定_從母姓,0
11507,10008120,南投縣信義鄉,女,一方約定_傳統姓名,0
11507,10008120,南投縣信義鄉,女,申請人抽籤決定_從父姓,0
11507,10008120,南投縣信義鄉,女,申請人抽籤決定_從母姓,0
11507,10008120,南投縣信義鄉,女,申請人抽籤決定_傳統姓名,0
11507,10008120,南投縣信義鄉,女,戶政事務所抽籤決定_從父姓,0
11507,10008120,南投縣信義鄉,女,戶政事務所抽籤決定_從母姓,0
11507,10008120,南投縣信義鄉,女,戶政事務所抽籤決定_傳統姓名,0
11507,10008120,南投縣信義鄉,女,監護人決定依監護人之姓,0
11507,10008130,南投縣仁愛鄉,男,雙方約定_從父姓,1
11507,10008130,南投縣仁愛鄉,男,雙方約定_從母姓,2
11507,10008130,南投縣仁愛鄉,男,雙方約定_傳統姓名,0
11507,10008130,南投縣仁愛鄉,男,一方約定_從父姓,0
11507,10008130,南投縣仁愛鄉,男,一方約定_從母姓,0
11507,10008130,南投縣仁愛鄉,男,一方約定_傳統姓名,0
11507,10008130,南投縣仁愛鄉,男,申請人抽籤決定_從父姓,0
11507,10008130,南投縣仁愛鄉,男,申請人抽籤決定_從母姓,0
11507,10008130,南投縣仁愛鄉,男,申請人抽籤決定_傳統姓名,0
11507,10008130,南投縣仁愛鄉,男,戶政事務所抽籤決定_從父姓,0
11507,10008130,南投縣仁愛鄉,男,戶政事務所抽籤決定_從母姓,0
11507,10008130,南投縣仁愛鄉,男,戶政事務所抽籤決定_傳統姓名,0
11507,10008130,南投縣仁愛鄉,男,監護人決定依監護人之姓,0
11507,10008130,南投縣仁愛鄉,女,雙方約定_從父姓,3
11507,10008130,南投縣仁愛鄉,女,雙方約定_從母姓,0
11507,10008130,南投縣仁愛鄉,女,雙方約定_傳統姓名,0
11507,10008130,南投縣仁愛鄉,女,一方約定_從父姓,0
11507,10008130,南投縣仁愛鄉,女,一方約定_從母姓,1
11507,10008130,南投縣仁愛鄉,女,一方約定_傳統姓名,0
11507,10008130,南投縣仁愛鄉,女,申請人抽籤決定_從父姓,0
11507,10008130,南投縣仁愛鄉,女,申請人抽籤決定_從母姓,0
11507,10008130,南投縣仁愛鄉,女,申請人抽籤決定_傳統姓名,0
11507,10008130,南投縣仁愛鄉,女,戶政事務所抽籤決定_從父姓,0
11507,10008130,南投縣仁愛鄉,女,戶政事務所抽籤決定_從母姓,0
11507,10008130,南投縣仁愛鄉,女,戶政事務所抽籤決定_傳統姓名,0
11507,10008130,南投縣仁愛鄉,女,監護人決定依監護人之姓,0
11507,10009010,雲林縣斗六市,男,雙方約定_從父姓,25
11507,10009010,雲林縣斗六市,男,雙方約定_從母姓,0
11507,10009010,雲林縣斗六市,男,雙方約定_傳統姓名,0
11507,10009010,雲林縣斗六市,男,一方約定_從父姓,0
11507,10009010,雲林縣斗六市,男,一方約定_從母姓,0
11507,10009010,雲林縣斗六市,男,一方約定_傳統姓名,0
11507,10009010,雲林縣斗六市,男,申請人抽籤決定_從父姓,0
11507,10009010,雲林縣斗六市,男,申請人抽籤決定_從母姓,0
11507,10009010,雲林縣斗六市,男,申請人抽籤決定_傳統姓名,0
11507,10009010,雲林縣斗六市,男,戶政事務所抽籤決定_從父姓,0
11507,10009010,雲林縣斗六市,男,戶政事務所抽籤決定_從母姓,0
11507,10009010,雲林縣斗六市,男,戶政事務所抽籤決定_傳統姓名,0
11507,10009010,雲林縣斗六市,男,監護人決定依監護人之姓,0
11507,10009010,雲林縣斗六市,女,雙方約定_從父姓,21
11507,10009010,雲林縣斗六市,女,雙方約定_從母姓,0
11507,10009010,雲林縣斗六市,女,雙方約定_傳統姓名,0
11507,10009010,雲林縣斗六市,女,一方約定_從父姓,0
11507,10009010,雲林縣斗六市,女,一方約定_從母姓,3
11507,10009010,雲林縣斗六市,女,一方約定_傳統姓名,0
11507,10009010,雲林縣斗六市,女,申請人抽籤決定_從父姓,0
11507,10009010,雲林縣斗六市,女,申請人抽籤決定_從母姓,0
11507,10009010,雲林縣斗六市,女,申請人抽籤決定_傳統姓名,0
11507,10009010,雲林縣斗六市,女,戶政事務所抽籤決定_從父姓,0
11507,10009010,雲林縣斗六市,女,戶政事務所抽籤決定_從母姓,0
11507,10009010,雲林縣斗六市,女,戶政事務所抽籤決定_傳統姓名,0
11507,10009010,雲林縣斗六市,女,監護人決定依監護人之姓,0
11507,10009020,雲林縣斗南鎮,男,雙方約定_從父姓,13
11507,10009020,雲林縣斗南鎮,男,雙方約定_從母姓,0
11507,10009020,雲林縣斗南鎮,男,雙方約定_傳統姓名,0
11507,10009020,雲林縣斗南鎮,男,一方約定_從父姓,0
11507,10009020,雲林縣斗南鎮,男,一方約定_從母姓,0
11507,10009020,雲林縣斗南鎮,男,一方約定_傳統姓名,0
11507,10009020,雲林縣斗南鎮,男,申請人抽籤決定_從父姓,0
11507,10009020,雲林縣斗南鎮,男,申請人抽籤決定_從母姓,0
11507,10009020,雲林縣斗南鎮,男,申請人抽籤決定_傳統姓名,0
11507,10009020,雲林縣斗南鎮,男,戶政事務所抽籤決定_從父姓,0
11507,10009020,雲林縣斗南鎮,男,戶政事務所抽籤決定_從母姓,0
11507,10009020,雲林縣斗南鎮,男,戶政事務所抽籤決定_傳統姓名,0
11507,10009020,雲林縣斗南鎮,男,監護人決定依監護人之姓,0
11507,10009020,雲林縣斗南鎮,女,雙方約定_從父姓,13
11507,10009020,雲林縣斗南鎮,女,雙方約定_從母姓,0
11507,10009020,雲林縣斗南鎮,女,雙方約定_傳統姓名,0
11507,10009020,雲林縣斗南鎮,女,一方約定_從父姓,0
11507,10009020,雲林縣斗南鎮,女,一方約定_從母姓,0
11507,10009020,雲林縣斗南鎮,女,一方約定_傳統姓名,0
11507,10009020,雲林縣斗南鎮,女,申請人抽籤決定_從父姓,0
11507,10009020,雲林縣斗南鎮,女,申請人抽籤決定_從母姓,0
11507,10009020,雲林縣斗南鎮,女,申請人抽籤決定_傳統姓名,0
11507,10009020,雲林縣斗南鎮,女,戶政事務所抽籤決定_從父姓,0
11507,10009020,雲林縣斗南鎮,女,戶政事務所抽籤決定_從母姓,0
11507,10009020,雲林縣斗南鎮,女,戶政事務所抽籤決定_傳統姓名,0
11507,10009020,雲林縣斗南鎮,女,監護人決定依監護人之姓,0
11507,10009030,雲林縣虎尾鎮,男,雙方約定_從父姓,11
11507,10009030,雲林縣虎尾鎮,男,雙方約定_從母姓,0
11507,10009030,雲林縣虎尾鎮,男,雙方約定_傳統姓名,0
11507,10009030,雲林縣虎尾鎮,男,一方約定_從父姓,0
11507,10009030,雲林縣虎尾鎮,男,一方約定_從母姓,0
11507,10009030,雲林縣虎尾鎮,男,一方約定_傳統姓名,0
11507,10009030,雲林縣虎尾鎮,男,申請人抽籤決定_從父姓,0
11507,10009030,雲林縣虎尾鎮,男,申請人抽籤決定_從母姓,0
11507,10009030,雲林縣虎尾鎮,男,申請人抽籤決定_傳統姓名,0
11507,10009030,雲林縣虎尾鎮,男,戶政事務所抽籤決定_從父姓,0
11507,10009030,雲林縣虎尾鎮,男,戶政事務所抽籤決定_從母姓,0
11507,10009030,雲林縣虎尾鎮,男,戶政事務所抽籤決定_傳統姓名,0
11507,10009030,雲林縣虎尾鎮,男,監護人決定依監護人之姓,0
11507,10009030,雲林縣虎尾鎮,女,雙方約定_從父姓,18
11507,10009030,雲林縣虎尾鎮,女,雙方約定_從母姓,0
11507,10009030,雲林縣虎尾鎮,女,雙方約定_傳統姓名,0
11507,10009030,雲林縣虎尾鎮,女,一方約定_從父姓,0
11507,10009030,雲林縣虎尾鎮,女,一方約定_從母姓,1
11507,10009030,雲林縣虎尾鎮,女,一方約定_傳統姓名,0
11507,10009030,雲林縣虎尾鎮,女,申請人抽籤決定_從父姓,0
11507,10009030,雲林縣虎尾鎮,女,申請人抽籤決定_從母姓,0
11507,10009030,雲林縣虎尾鎮,女,申請人抽籤決定_傳統姓名,0
11507,10009030,雲林縣虎尾鎮,女,戶政事務所抽籤決定_從父姓,0
11507,10009030,雲林縣虎尾鎮,女,戶政事務所抽籤決定_從母姓,0
11507,10009030,雲林縣虎尾鎮,女,戶政事務所抽籤決定_傳統姓名,0
11507,10009030,雲林縣虎尾鎮,女,監護人決定依監護人之姓,0
11507,10009040,雲林縣西螺鎮,男,雙方約定_從父姓,17
11507,10009040,雲林縣西螺鎮,男,雙方約定_從母姓,0
11507,10009040,雲林縣西螺鎮,男,雙方約定_傳統姓名,0
11507,10009040,雲林縣西螺鎮,男,一方約定_從父姓,0
11507,10009040,雲林縣西螺鎮,男,一方約定_從母姓,0
11507,10009040,雲林縣西螺鎮,男,一方約定_傳統姓名,0
11507,10009040,雲林縣西螺鎮,男,申請人抽籤決定_從父姓,0
11507,10009040,雲林縣西螺鎮,男,申請人抽籤決定_從母姓,0
11507,10009040,雲林縣西螺鎮,男,申請人抽籤決定_傳統姓名,0
11507,10009040,雲林縣西螺鎮,男,戶政事務所抽籤決定_從父姓,0
11507,10009040,雲林縣西螺鎮,男,戶政事務所抽籤決定_從母姓,0
11507,10009040,雲林縣西螺鎮,男,戶政事務所抽籤決定_傳統姓名,0
11507,10009040,雲林縣西螺鎮,男,監護人決定依監護人之姓,0
11507,10009040,雲林縣西螺鎮,女,雙方約定_從父姓,11
11507,10009040,雲林縣西螺鎮,女,雙方約定_從母姓,0
11507,10009040,雲林縣西螺鎮,女,雙方約定_傳統姓名,0
11507,10009040,雲林縣西螺鎮,女,一方約定_從父姓,0
11507,10009040,雲林縣西螺鎮,女,一方約定_從母姓,0
11507,10009040,雲林縣西螺鎮,女,一方約定_傳統姓名,0
11507,10009040,雲林縣西螺鎮,女,申請人抽籤決定_從父姓,0
11507,10009040,雲林縣西螺鎮,女,申請人抽籤決定_從母姓,0
11507,10009040,雲林縣西螺鎮,女,申請人抽籤決定_傳統姓名,0
11507,10009040,雲林縣西螺鎮,女,戶政事務所抽籤決定_從父姓,0
11507,10009040,雲林縣西螺鎮,女,戶政事務所抽籤決定_從母姓,0
11507,10009040,雲林縣西螺鎮,女,戶政事務所抽籤決定_傳統姓名,0
11507,10009040,雲林縣西螺鎮,女,監護人決定依監護人之姓,0
11507,10009050,雲林縣土庫鎮,男,雙方約定_從父姓,3
11507,10009050,雲林縣土庫鎮,男,雙方約定_從母姓,0
11507,10009050,雲林縣土庫鎮,男,雙方約定_傳統姓名,0
11507,10009050,雲林縣土庫鎮,男,一方約定_從父姓,0
11507,10009050,雲林縣土庫鎮,男,一方約定_從母姓,0
11507,10009050,雲林縣土庫鎮,男,一方約定_傳統姓名,0
11507,10009050,雲林縣土庫鎮,男,申請人抽籤決定_從父姓,0
11507,10009050,雲林縣土庫鎮,男,申請人抽籤決定_從母姓,0
11507,10009050,雲林縣土庫鎮,男,申請人抽籤決定_傳統姓名,0
11507,10009050,雲林縣土庫鎮,男,戶政事務所抽籤決定_從父姓,0
11507,10009050,雲林縣土庫鎮,男,戶政事務所抽籤決定_從母姓,0
11507,10009050,雲林縣土庫鎮,男,戶政事務所抽籤決定_傳統姓名,0
11507,10009050,雲林縣土庫鎮,男,監護人決定依監護人之姓,0
11507,10009050,雲林縣土庫鎮,女,雙方約定_從父姓,4
11507,10009050,雲林縣土庫鎮,女,雙方約定_從母姓,0
11507,10009050,雲林縣土庫鎮,女,雙方約定_傳統姓名,0
11507,10009050,雲林縣土庫鎮,女,一方約定_從父姓,0
11507,10009050,雲林縣土庫鎮,女,一方約定_從母姓,1
11507,10009050,雲林縣土庫鎮,女,一方約定_傳統姓名,0
11507,10009050,雲林縣土庫鎮,女,申請人抽籤決定_從父姓,0
11507,10009050,雲林縣土庫鎮,女,申請人抽籤決定_從母姓,0
11507,10009050,雲林縣土庫鎮,女,申請人抽籤決定_傳統姓名,0
11507,10009050,雲林縣土庫鎮,女,戶政事務所抽籤決定_從父姓,0
11507,10009050,雲林縣土庫鎮,女,戶政事務所抽籤決定_從母姓,0
11507,10009050,雲林縣土庫鎮,女,戶政事務所抽籤決定_傳統姓名,0
11507,10009050,雲林縣土庫鎮,女,監護人決定依監護人之姓,0
11507,10009060,雲林縣北港鎮,男,雙方約定_從父姓,11
11507,10009060,雲林縣北港鎮,男,雙方約定_從母姓,0
11507,10009060,雲林縣北港鎮,男,雙方約定_傳統姓名,0
11507,10009060,雲林縣北港鎮,男,一方約定_從父姓,0
11507,10009060,雲林縣北港鎮,男,一方約定_從母姓,0
11507,10009060,雲林縣北港鎮,男,一方約定_傳統姓名,0
11507,10009060,雲林縣北港鎮,男,申請人抽籤決定_從父姓,0
11507,10009060,雲林縣北港鎮,男,申請人抽籤決定_從母姓,0
11507,10009060,雲林縣北港鎮,男,申請人抽籤決定_傳統姓名,0
11507,10009060,雲林縣北港鎮,男,戶政事務所抽籤決定_從父姓,0
11507,10009060,雲林縣北港鎮,男,戶政事務所抽籤決定_從母姓,0
11507,10009060,雲林縣北港鎮,男,戶政事務所抽籤決定_傳統姓名,0
11507,10009060,雲林縣北港鎮,男,監護人決定依監護人之姓,0
11507,10009060,雲林縣北港鎮,女,雙方約定_從父姓,4
11507,10009060,雲林縣北港鎮,女,雙方約定_從母姓,0
11507,10009060,雲林縣北港鎮,女,雙方約定_傳統姓名,0
11507,10009060,雲林縣北港鎮,女,一方約定_從父姓,0
11507,10009060,雲林縣北港鎮,女,一方約定_從母姓,0
11507,10009060,雲林縣北港鎮,女,一方約定_傳統姓名,0
11507,10009060,雲林縣北港鎮,女,申請人抽籤決定_從父姓,0
11507,10009060,雲林縣北港鎮,女,申請人抽籤決定_從母姓,0
11507,10009060,雲林縣北港鎮,女,申請人抽籤決定_傳統姓名,0
11507,10009060,雲林縣北港鎮,女,戶政事務所抽籤決定_從父姓,0
11507,10009060,雲林縣北港鎮,女,戶政事務所抽籤決定_從母姓,0
11507,10009060,雲林縣北港鎮,女,戶政事務所抽籤決定_傳統姓名,0
11507,10009060,雲林縣北港鎮,女,監護人決定依監護人之姓,0
11507,10009070,雲林縣古坑鄉,男,雙方約定_從父姓,3
11507,10009070,雲林縣古坑鄉,男,雙方約定_從母姓,0
11507,10009070,雲林縣古坑鄉,男,雙方約定_傳統姓名,0
11507,10009070,雲林縣古坑鄉,男,一方約定_從父姓,0
11507,10009070,雲林縣古坑鄉,男,一方約定_從母姓,0
11507,10009070,雲林縣古坑鄉,男,一方約定_傳統姓名,0
11507,10009070,雲林縣古坑鄉,男,申請人抽籤決定_從父姓,0
11507,10009070,雲林縣古坑鄉,男,申請人抽籤決定_從母姓,0
11507,10009070,雲林縣古坑鄉,男,申請人抽籤決定_傳統姓名,0
11507,10009070,雲林縣古坑鄉,男,戶政事務所抽籤決定_從父姓,0
11507,10009070,雲林縣古坑鄉,男,戶政事務所抽籤決定_從母姓,0
11507,10009070,雲林縣古坑鄉,男,戶政事務所抽籤決定_傳統姓名,0
11507,10009070,雲林縣古坑鄉,男,監護人決定依監護人之姓,0
11507,10009070,雲林縣古坑鄉,女,雙方約定_從父姓,6
11507,10009070,雲林縣古坑鄉,女,雙方約定_從母姓,0
11507,10009070,雲林縣古坑鄉,女,雙方約定_傳統姓名,0
11507,10009070,雲林縣古坑鄉,女,一方約定_從父姓,0
11507,10009070,雲林縣古坑鄉,女,一方約定_從母姓,0
11507,10009070,雲林縣古坑鄉,女,一方約定_傳統姓名,0
11507,10009070,雲林縣古坑鄉,女,申請人抽籤決定_從父姓,0
11507,10009070,雲林縣古坑鄉,女,申請人抽籤決定_從母姓,0
11507,10009070,雲林縣古坑鄉,女,申請人抽籤決定_傳統姓名,0
11507,10009070,雲林縣古坑鄉,女,戶政事務所抽籤決定_從父姓,0
11507,10009070,雲林縣古坑鄉,女,戶政事務所抽籤決定_從母姓,0
11507,10009070,雲林縣古坑鄉,女,戶政事務所抽籤決定_傳統姓名,0
11507,10009070,雲林縣古坑鄉,女,監護人決定依監護人之姓,0
11507,10009080,雲林縣大埤鄉,男,雙方約定_從父姓,2
11507,10009080,雲林縣大埤鄉,男,雙方約定_從母姓,0
11507,10009080,雲林縣大埤鄉,男,雙方約定_傳統姓名,0
11507,10009080,雲林縣大埤鄉,男,一方約定_從父姓,0
11507,10009080,雲林縣大埤鄉,男,一方約定_從母姓,0
11507,10009080,雲林縣大埤鄉,男,一方約定_傳統姓名,0
11507,10009080,雲林縣大埤鄉,男,申請人抽籤決定_從父姓,0
11507,10009080,雲林縣大埤鄉,男,申請人抽籤決定_從母姓,0
11507,10009080,雲林縣大埤鄉,男,申請人抽籤決定_傳統姓名,0
11507,10009080,雲林縣大埤鄉,男,戶政事務所抽籤決定_從父姓,0
11507,10009080,雲林縣大埤鄉,男,戶政事務所抽籤決定_從母姓,0
11507,10009080,雲林縣大埤鄉,男,戶政事務所抽籤決定_傳統姓名,0
11507,10009080,雲林縣大埤鄉,男,監護人決定依監護人之姓,0
11507,10009080,雲林縣大埤鄉,女,雙方約定_從父姓,6
11507,10009080,雲林縣大埤鄉,女,雙方約定_從母姓,0
11507,10009080,雲林縣大埤鄉,女,雙方約定_傳統姓名,0
11507,10009080,雲林縣大埤鄉,女,一方約定_從父姓,0
11507,10009080,雲林縣大埤鄉,女,一方約定_從母姓,0
11507,10009080,雲林縣大埤鄉,女,一方約定_傳統姓名,0
11507,10009080,雲林縣大埤鄉,女,申請人抽籤決定_從父姓,0
11507,10009080,雲林縣大埤鄉,女,申請人抽籤決定_從母姓,0
11507,10009080,雲林縣大埤鄉,女,申請人抽籤決定_傳統姓名,0
11507,10009080,雲林縣大埤鄉,女,戶政事務所抽籤決定_從父姓,0
11507,10009080,雲林縣大埤鄉,女,戶政事務所抽籤決定_從母姓,0
11507,10009080,雲林縣大埤鄉,女,戶政事務所抽籤決定_傳統姓名,0
11507,10009080,雲林縣大埤鄉,女,監護人決定依監護人之姓,0
11507,10009090,雲林縣莿桐鄉,男,雙方約定_從父姓,7
11507,10009090,雲林縣莿桐鄉,男,雙方約定_從母姓,0
11507,10009090,雲林縣莿桐鄉,男,雙方約定_傳統姓名,0
11507,10009090,雲林縣莿桐鄉,男,一方約定_從父姓,0
11507,10009090,雲林縣莿桐鄉,男,一方約定_從母姓,0
11507,10009090,雲林縣莿桐鄉,男,一方約定_傳統姓名,0
11507,10009090,雲林縣莿桐鄉,男,申請人抽籤決定_從父姓,0
11507,10009090,雲林縣莿桐鄉,男,申請人抽籤決定_從母姓,0
11507,10009090,雲林縣莿桐鄉,男,申請人抽籤決定_傳統姓名,0
11507,10009090,雲林縣莿桐鄉,男,戶政事務所抽籤決定_從父姓,0
11507,10009090,雲林縣莿桐鄉,男,戶政事務所抽籤決定_從母姓,0
11507,10009090,雲林縣莿桐鄉,男,戶政事務所抽籤決定_傳統姓名,0
11507,10009090,雲林縣莿桐鄉,男,監護人決定依監護人之姓,0
11507,10009090,雲林縣莿桐鄉,女,雙方約定_從父姓,9
11507,10009090,雲林縣莿桐鄉,女,雙方約定_從母姓,1
11507,10009090,雲林縣莿桐鄉,女,雙方約定_傳統姓名,0
11507,10009090,雲林縣莿桐鄉,女,一方約定_從父姓,0
11507,10009090,雲林縣莿桐鄉,女,一方約定_從母姓,0
11507,10009090,雲林縣莿桐鄉,女,一方約定_傳統姓名,0
11507,10009090,雲林縣莿桐鄉,女,申請人抽籤決定_從父姓,0
11507,10009090,雲林縣莿桐鄉,女,申請人抽籤決定_從母姓,0
11507,10009090,雲林縣莿桐鄉,女,申請人抽籤決定_傳統姓名,0
11507,10009090,雲林縣莿桐鄉,女,戶政事務所抽籤決定_從父姓,0
11507,10009090,雲林縣莿桐鄉,女,戶政事務所抽籤決定_從母姓,0
11507,10009090,雲林縣莿桐鄉,女,戶政事務所抽籤決定_傳統姓名,0
11507,10009090,雲林縣莿桐鄉,女,監護人決定依監護人之姓,0
11507,10009100,雲林縣林內鄉,男,雙方約定_從父姓,2
11507,10009100,雲林縣林內鄉,男,雙方約定_從母姓,0
11507,10009100,雲林縣林內鄉,男,雙方約定_傳統姓名,0
11507,10009100,雲林縣林內鄉,男,一方約定_從父姓,0
11507,10009100,雲林縣林內鄉,男,一方約定_從母姓,0
11507,10009100,雲林縣林內鄉,男,一方約定_傳統姓名,0
11507,10009100,雲林縣林內鄉,男,申請人抽籤決定_從父姓,0
11507,10009100,雲林縣林內鄉,男,申請人抽籤決定_從母姓,0
11507,10009100,雲林縣林內鄉,男,申請人抽籤決定_傳統姓名,0
11507,10009100,雲林縣林內鄉,男,戶政事務所抽籤決定_從父姓,0
11507,10009100,雲林縣林內鄉,男,戶政事務所抽籤決定_從母姓,0
11507,10009100,雲林縣林內鄉,男,戶政事務所抽籤決定_傳統姓名,0
11507,10009100,雲林縣林內鄉,男,監護人決定依監護人之姓,0
11507,10009100,雲林縣林內鄉,女,雙方約定_從父姓,3
11507,10009100,雲林縣林內鄉,女,雙方約定_從母姓,0
11507,10009100,雲林縣林內鄉,女,雙方約定_傳統姓名,0
11507,10009100,雲林縣林內鄉,女,一方約定_從父姓,0
11507,10009100,雲林縣林內鄉,女,一方約定_從母姓,0
11507,10009100,雲林縣林內鄉,女,一方約定_傳統姓名,0
11507,10009100,雲林縣林內鄉,女,申請人抽籤決定_從父姓,0
11507,10009100,雲林縣林內鄉,女,申請人抽籤決定_從母姓,0
11507,10009100,雲林縣林內鄉,女,申請人抽籤決定_傳統姓名,0
11507,10009100,雲林縣林內鄉,女,戶政事務所抽籤決定_從父姓,0
11507,10009100,雲林縣林內鄉,女,戶政事務所抽籤決定_從母姓,0
11507,10009100,雲林縣林內鄉,女,戶政事務所抽籤決定_傳統姓名,0
11507,10009100,雲林縣林內鄉,女,監護人決定依監護人之姓,0
11507,10009110,雲林縣二崙鄉,男,雙方約定_從父姓,2
11507,10009110,雲林縣二崙鄉,男,雙方約定_從母姓,0
11507,10009110,雲林縣二崙鄉,男,雙方約定_傳統姓名,0
11507,10009110,雲林縣二崙鄉,男,一方約定_從父姓,0
11507,10009110,雲林縣二崙鄉,男,一方約定_從母姓,0
11507,10009110,雲林縣二崙鄉,男,一方約定_傳統姓名,0
11507,10009110,雲林縣二崙鄉,男,申請人抽籤決定_從父姓,0
11507,10009110,雲林縣二崙鄉,男,申請人抽籤決定_從母姓,0
11507,10009110,雲林縣二崙鄉,男,申請人抽籤決定_傳統姓名,0
11507,10009110,雲林縣二崙鄉,男,戶政事務所抽籤決定_從父姓,0
11507,10009110,雲林縣二崙鄉,男,戶政事務所抽籤決定_從母姓,0
11507,10009110,雲林縣二崙鄉,男,戶政事務所抽籤決定_傳統姓名,0
11507,10009110,雲林縣二崙鄉,男,監護人決定依監護人之姓,0
11507,10009110,雲林縣二崙鄉,女,雙方約定_從父姓,4
11507,10009110,雲林縣二崙鄉,女,雙方約定_從母姓,0
11507,10009110,雲林縣二崙鄉,女,雙方約定_傳統姓名,0
11507,10009110,雲林縣二崙鄉,女,一方約定_從父姓,0
11507,10009110,雲林縣二崙鄉,女,一方約定_從母姓,0
11507,10009110,雲林縣二崙鄉,女,一方約定_傳統姓名,0
11507,10009110,雲林縣二崙鄉,女,申請人抽籤決定_從父姓,0
11507,10009110,雲林縣二崙鄉,女,申請人抽籤決定_從母姓,0
11507,10009110,雲林縣二崙鄉,女,申請人抽籤決定_傳統姓名,0
11507,10009110,雲林縣二崙鄉,女,戶政事務所抽籤決定_從父姓,0
11507,10009110,雲林縣二崙鄉,女,戶政事務所抽籤決定_從母姓,0
11507,10009110,雲林縣二崙鄉,女,戶政事務所抽籤決定_傳統姓名,0
11507,10009110,雲林縣二崙鄉,女,監護人決定依監護人之姓,0
11507,10009120,雲林縣崙背鄉,男,雙方約定_從父姓,5
11507,10009120,雲林縣崙背鄉,男,雙方約定_從母姓,0
11507,10009120,雲林縣崙背鄉,男,雙方約定_傳統姓名,0
11507,10009120,雲林縣崙背鄉,男,一方約定_從父姓,0
11507,10009120,雲林縣崙背鄉,男,一方約定_從母姓,0
11507,10009120,雲林縣崙背鄉,男,一方約定_傳統姓名,0
11507,10009120,雲林縣崙背鄉,男,申請人抽籤決定_從父姓,0
11507,10009120,雲林縣崙背鄉,男,申請人抽籤決定_從母姓,0
11507,10009120,雲林縣崙背鄉,男,申請人抽籤決定_傳統姓名,0
11507,10009120,雲林縣崙背鄉,男,戶政事務所抽籤決定_從父姓,0
11507,10009120,雲林縣崙背鄉,男,戶政事務所抽籤決定_從母姓,0
11507,10009120,雲林縣崙背鄉,男,戶政事務所抽籤決定_傳統姓名,0
11507,10009120,雲林縣崙背鄉,男,監護人決定依監護人之姓,0
11507,10009120,雲林縣崙背鄉,女,雙方約定_從父姓,2
11507,10009120,雲林縣崙背鄉,女,雙方約定_從母姓,0
11507,10009120,雲林縣崙背鄉,女,雙方約定_傳統姓名,0
11507,10009120,雲林縣崙背鄉,女,一方約定_從父姓,0
11507,10009120,雲林縣崙背鄉,女,一方約定_從母姓,0
11507,10009120,雲林縣崙背鄉,女,一方約定_傳統姓名,0
11507,10009120,雲林縣崙背鄉,女,申請人抽籤決定_從父姓,0
11507,10009120,雲林縣崙背鄉,女,申請人抽籤決定_從母姓,0
11507,10009120,雲林縣崙背鄉,女,申請人抽籤決定_傳統姓名,0
11507,10009120,雲林縣崙背鄉,女,戶政事務所抽籤決定_從父姓,0
11507,10009120,雲林縣崙背鄉,女,戶政事務所抽籤決定_從母姓,0
11507,10009120,雲林縣崙背鄉,女,戶政事務所抽籤決定_傳統姓名,0
11507,10009120,雲林縣崙背鄉,女,監護人決定依監護人之姓,0
11507,10009130,雲林縣麥寮鄉,男,雙方約定_從父姓,19
11507,10009130,雲林縣麥寮鄉,男,雙方約定_從母姓,0
11507,10009130,雲林縣麥寮鄉,男,雙方約定_傳統姓名,0
11507,10009130,雲林縣麥寮鄉,男,一方約定_從父姓,0
11507,10009130,雲林縣麥寮鄉,男,一方約定_從母姓,0
11507,10009130,雲林縣麥寮鄉,男,一方約定_傳統姓名,0
11507,10009130,雲林縣麥寮鄉,男,申請人抽籤決定_從父姓,0
11507,10009130,雲林縣麥寮鄉,男,申請人抽籤決定_從母姓,0
11507,10009130,雲林縣麥寮鄉,男,申請人抽籤決定_傳統姓名,0
11507,10009130,雲林縣麥寮鄉,男,戶政事務所抽籤決定_從父姓,0
11507,10009130,雲林縣麥寮鄉,男,戶政事務所抽籤決定_從母姓,0
11507,10009130,雲林縣麥寮鄉,男,戶政事務所抽籤決定_傳統姓名,0
11507,10009130,雲林縣麥寮鄉,男,監護人決定依監護人之姓,0
11507,10009130,雲林縣麥寮鄉,女,雙方約定_從父姓,17
11507,10009130,雲林縣麥寮鄉,女,雙方約定_從母姓,1
11507,10009130,雲林縣麥寮鄉,女,雙方約定_傳統姓名,0
11507,10009130,雲林縣麥寮鄉,女,一方約定_從父姓,0
11507,10009130,雲林縣麥寮鄉,女,一方約定_從母姓,0
11507,10009130,雲林縣麥寮鄉,女,一方約定_傳統姓名,0
11507,10009130,雲林縣麥寮鄉,女,申請人抽籤決定_從父姓,0
11507,10009130,雲林縣麥寮鄉,女,申請人抽籤決定_從母姓,0
11507,10009130,雲林縣麥寮鄉,女,申請人抽籤決定_傳統姓名,0
11507,10009130,雲林縣麥寮鄉,女,戶政事務所抽籤決定_從父姓,0
11507,10009130,雲林縣麥寮鄉,女,戶政事務所抽籤決定_從母姓,0
11507,10009130,雲林縣麥寮鄉,女,戶政事務所抽籤決定_傳統姓名,0
11507,10009130,雲林縣麥寮鄉,女,監護人決定依監護人之姓,0
11507,10009140,雲林縣東勢鄉,男,雙方約定_從父姓,0
11507,10009140,雲林縣東勢鄉,男,雙方約定_從母姓,0
11507,10009140,雲林縣東勢鄉,男,雙方約定_傳統姓名,0
11507,10009140,雲林縣東勢鄉,男,一方約定_從父姓,0
11507,10009140,雲林縣東勢鄉,男,一方約定_從母姓,0
11507,10009140,雲林縣東勢鄉,男,一方約定_傳統姓名,0
11507,10009140,雲林縣東勢鄉,男,申請人抽籤決定_從父姓,0
11507,10009140,雲林縣東勢鄉,男,申請人抽籤決定_從母姓,0
11507,10009140,雲林縣東勢鄉,男,申請人抽籤決定_傳統姓名,0
11507,10009140,雲林縣東勢鄉,男,戶政事務所抽籤決定_從父姓,0
11507,10009140,雲林縣東勢鄉,男,戶政事務所抽籤決定_從母姓,0
11507,10009140,雲林縣東勢鄉,男,戶政事務所抽籤決定_傳統姓名,0
11507,10009140,雲林縣東勢鄉,男,監護人決定依監護人之姓,0
11507,10009140,雲林縣東勢鄉,女,雙方約定_從父姓,5
11507,10009140,雲林縣東勢鄉,女,雙方約定_從母姓,0
11507,10009140,雲林縣東勢鄉,女,雙方約定_傳統姓名,0
11507,10009140,雲林縣東勢鄉,女,一方約定_從父姓,0
11507,10009140,雲林縣東勢鄉,女,一方約定_從母姓,0
11507,10009140,雲林縣東勢鄉,女,一方約定_傳統姓名,0
11507,10009140,雲林縣東勢鄉,女,申請人抽籤決定_從父姓,0
11507,10009140,雲林縣東勢鄉,女,申請人抽籤決定_從母姓,0
11507,10009140,雲林縣東勢鄉,女,申請人抽籤決定_傳統姓名,0
11507,10009140,雲林縣東勢鄉,女,戶政事務所抽籤決定_從父姓,0
11507,10009140,雲林縣東勢鄉,女,戶政事務所抽籤決定_從母姓,0
11507,10009140,雲林縣東勢鄉,女,戶政事務所抽籤決定_傳統姓名,0
11507,10009140,雲林縣東勢鄉,女,監護人決定依監護人之姓,0
11507,10009150,雲林縣褒忠鄉,男,雙方約定_從父姓,3
11507,10009150,雲林縣褒忠鄉,男,雙方約定_從母姓,0
11507,10009150,雲林縣褒忠鄉,男,雙方約定_傳統姓名,0
11507,10009150,雲林縣褒忠鄉,男,一方約定_從父姓,0
11507,10009150,雲林縣褒忠鄉,男,一方約定_從母姓,0
11507,10009150,雲林縣褒忠鄉,男,一方約定_傳統姓名,0
11507,10009150,雲林縣褒忠鄉,男,申請人抽籤決定_從父姓,0
11507,10009150,雲林縣褒忠鄉,男,申請人抽籤決定_從母姓,0
11507,10009150,雲林縣褒忠鄉,男,申請人抽籤決定_傳統姓名,0
11507,10009150,雲林縣褒忠鄉,男,戶政事務所抽籤決定_從父姓,0
11507,10009150,雲林縣褒忠鄉,男,戶政事務所抽籤決定_從母姓,0
11507,10009150,雲林縣褒忠鄉,男,戶政事務所抽籤決定_傳統姓名,0
11507,10009150,雲林縣褒忠鄉,男,監護人決定依監護人之姓,0
11507,10009150,雲林縣褒忠鄉,女,雙方約定_從父姓,4
11507,10009150,雲林縣褒忠鄉,女,雙方約定_從母姓,0
11507,10009150,雲林縣褒忠鄉,女,雙方約定_傳統姓名,0
11507,10009150,雲林縣褒忠鄉,女,一方約定_從父姓,0
11507,10009150,雲林縣褒忠鄉,女,一方約定_從母姓,0
11507,10009150,雲林縣褒忠鄉,女,一方約定_傳統姓名,0
11507,10009150,雲林縣褒忠鄉,女,申請人抽籤決定_從父姓,0
11507,10009150,雲林縣褒忠鄉,女,申請人抽籤決定_從母姓,0
11507,10009150,雲林縣褒忠鄉,女,申請人抽籤決定_傳統姓名,0
11507,10009150,雲林縣褒忠鄉,女,戶政事務所抽籤決定_從父姓,0
11507,10009150,雲林縣褒忠鄉,女,戶政事務所抽籤決定_從母姓,0
11507,10009150,雲林縣褒忠鄉,女,戶政事務所抽籤決定_傳統姓名,0
11507,10009150,雲林縣褒忠鄉,女,監護人決定依監護人之姓,0
11507,10009160,雲林縣臺西鄉,男,雙方約定_從父姓,1
11507,10009160,雲林縣臺西鄉,男,雙方約定_從母姓,0
11507,10009160,雲林縣臺西鄉,男,雙方約定_傳統姓名,0
11507,10009160,雲林縣臺西鄉,男,一方約定_從父姓,0
11507,10009160,雲林縣臺西鄉,男,一方約定_從母姓,0
11507,10009160,雲林縣臺西鄉,男,一方約定_傳統姓名,0
11507,10009160,雲林縣臺西鄉,男,申請人抽籤決定_從父姓,0
11507,10009160,雲林縣臺西鄉,男,申請人抽籤決定_從母姓,0
11507,10009160,雲林縣臺西鄉,男,申請人抽籤決定_傳統姓名,0
11507,10009160,雲林縣臺西鄉,男,戶政事務所抽籤決定_從父姓,0
11507,10009160,雲林縣臺西鄉,男,戶政事務所抽籤決定_從母姓,0
11507,10009160,雲林縣臺西鄉,男,戶政事務所抽籤決定_傳統姓名,0
11507,10009160,雲林縣臺西鄉,男,監護人決定依監護人之姓,0
11507,10009160,雲林縣臺西鄉,女,雙方約定_從父姓,3
11507,10009160,雲林縣臺西鄉,女,雙方約定_從母姓,1
11507,10009160,雲林縣臺西鄉,女,雙方約定_傳統姓名,0
11507,10009160,雲林縣臺西鄉,女,一方約定_從父姓,0
11507,10009160,雲林縣臺西鄉,女,一方約定_從母姓,0
11507,10009160,雲林縣臺西鄉,女,一方約定_傳統姓名,0
11507,10009160,雲林縣臺西鄉,女,申請人抽籤決定_從父姓,0
11507,10009160,雲林縣臺西鄉,女,申請人抽籤決定_從母姓,0
11507,10009160,雲林縣臺西鄉,女,申請人抽籤決定_傳統姓名,0
11507,10009160,雲林縣臺西鄉,女,戶政事務所抽籤決定_從父姓,0
11507,10009160,雲林縣臺西鄉,女,戶政事務所抽籤決定_從母姓,0
11507,10009160,雲林縣臺西鄉,女,戶政事務所抽籤決定_傳統姓名,0
11507,10009160,雲林縣臺西鄉,女,監護人決定依監護人之姓,0
11507,10009170,雲林縣元長鄉,男,雙方約定_從父姓,4
11507,10009170,雲林縣元長鄉,男,雙方約定_從母姓,0
11507,10009170,雲林縣元長鄉,男,雙方約定_傳統姓名,0
11507,10009170,雲林縣元長鄉,男,一方約定_從父姓,0
11507,10009170,雲林縣元長鄉,男,一方約定_從母姓,0
11507,10009170,雲林縣元長鄉,男,一方約定_傳統姓名,0
11507,10009170,雲林縣元長鄉,男,申請人抽籤決定_從父姓,0
11507,10009170,雲林縣元長鄉,男,申請人抽籤決定_從母姓,0
11507,10009170,雲林縣元長鄉,男,申請人抽籤決定_傳統姓名,0
11507,10009170,雲林縣元長鄉,男,戶政事務所抽籤決定_從父姓,0
11507,10009170,雲林縣元長鄉,男,戶政事務所抽籤決定_從母姓,0
11507,10009170,雲林縣元長鄉,男,戶政事務所抽籤決定_傳統姓名,0
11507,10009170,雲林縣元長鄉,男,監護人決定依監護人之姓,0
11507,10009170,雲林縣元長鄉,女,雙方約定_從父姓,3
11507,10009170,雲林縣元長鄉,女,雙方約定_從母姓,0
11507,10009170,雲林縣元長鄉,女,雙方約定_傳統姓名,0
11507,10009170,雲林縣元長鄉,女,一方約定_從父姓,0
11507,10009170,雲林縣元長鄉,女,一方約定_從母姓,2
11507,10009170,雲林縣元長鄉,女,一方約定_傳統姓名,0
11507,10009170,雲林縣元長鄉,女,申請人抽籤決定_從父姓,0
11507,10009170,雲林縣元長鄉,女,申請人抽籤決定_從母姓,0
11507,10009170,雲林縣元長鄉,女,申請人抽籤決定_傳統姓名,0
11507,10009170,雲林縣元長鄉,女,戶政事務所抽籤決定_從父姓,0
11507,10009170,雲林縣元長鄉,女,戶政事務所抽籤決定_從母姓,0
11507,10009170,雲林縣元長鄉,女,戶政事務所抽籤決定_傳統姓名,0
11507,10009170,雲林縣元長鄉,女,監護人決定依監護人之姓,0
11507,10009180,雲林縣四湖鄉,男,雙方約定_從父姓,5
11507,10009180,雲林縣四湖鄉,男,雙方約定_從母姓,0
11507,10009180,雲林縣四湖鄉,男,雙方約定_傳統姓名,0
11507,10009180,雲林縣四湖鄉,男,一方約定_從父姓,0
11507,10009180,雲林縣四湖鄉,男,一方約定_從母姓,0
11507,10009180,雲林縣四湖鄉,男,一方約定_傳統姓名,0
11507,10009180,雲林縣四湖鄉,男,申請人抽籤決定_從父姓,0
11507,10009180,雲林縣四湖鄉,男,申請人抽籤決定_從母姓,0
11507,10009180,雲林縣四湖鄉,男,申請人抽籤決定_傳統姓名,0
11507,10009180,雲林縣四湖鄉,男,戶政事務所抽籤決定_從父姓,0
11507,10009180,雲林縣四湖鄉,男,戶政事務所抽籤決定_從母姓,0
11507,10009180,雲林縣四湖鄉,男,戶政事務所抽籤決定_傳統姓名,0
11507,10009180,雲林縣四湖鄉,男,監護人決定依監護人之姓,0
11507,10009180,雲林縣四湖鄉,女,雙方約定_從父姓,1
11507,10009180,雲林縣四湖鄉,女,雙方約定_從母姓,0
11507,10009180,雲林縣四湖鄉,女,雙方約定_傳統姓名,0
11507,10009180,雲林縣四湖鄉,女,一方約定_從父姓,0
11507,10009180,雲林縣四湖鄉,女,一方約定_從母姓,0
11507,10009180,雲林縣四湖鄉,女,一方約定_傳統姓名,0
11507,10009180,雲林縣四湖鄉,女,申請人抽籤決定_從父姓,0
11507,10009180,雲林縣四湖鄉,女,申請人抽籤決定_從母姓,0
11507,10009180,雲林縣四湖鄉,女,申請人抽籤決定_傳統姓名,0
11507,10009180,雲林縣四湖鄉,女,戶政事務所抽籤決定_從父姓,0
11507,10009180,雲林縣四湖鄉,女,戶政事務所抽籤決定_從母姓,0
11507,10009180,雲林縣四湖鄉,女,戶政事務所抽籤決定_傳統姓名,0
11507,10009180,雲林縣四湖鄉,女,監護人決定依監護人之姓,0
11507,10009190,雲林縣口湖鄉,男,雙方約定_從父姓,6
11507,10009190,雲林縣口湖鄉,男,雙方約定_從母姓,0
11507,10009190,雲林縣口湖鄉,男,雙方約定_傳統姓名,0
11507,10009190,雲林縣口湖鄉,男,一方約定_從父姓,0
11507,10009190,雲林縣口湖鄉,男,一方約定_從母姓,0
11507,10009190,雲林縣口湖鄉,男,一方約定_傳統姓名,0
11507,10009190,雲林縣口湖鄉,男,申請人抽籤決定_從父姓,0
11507,10009190,雲林縣口湖鄉,男,申請人抽籤決定_從母姓,1
11507,10009190,雲林縣口湖鄉,男,申請人抽籤決定_傳統姓名,0
11507,10009190,雲林縣口湖鄉,男,戶政事務所抽籤決定_從父姓,0
11507,10009190,雲林縣口湖鄉,男,戶政事務所抽籤決定_從母姓,0
11507,10009190,雲林縣口湖鄉,男,戶政事務所抽籤決定_傳統姓名,0
11507,10009190,雲林縣口湖鄉,男,監護人決定依監護人之姓,0
11507,10009190,雲林縣口湖鄉,女,雙方約定_從父姓,2
11507,10009190,雲林縣口湖鄉,女,雙方約定_從母姓,0
11507,10009190,雲林縣口湖鄉,女,雙方約定_傳統姓名,0
11507,10009190,雲林縣口湖鄉,女,一方約定_從父姓,0
11507,10009190,雲林縣口湖鄉,女,一方約定_從母姓,0
11507,10009190,雲林縣口湖鄉,女,一方約定_傳統姓名,0
11507,10009190,雲林縣口湖鄉,女,申請人抽籤決定_從父姓,0
11507,10009190,雲林縣口湖鄉,女,申請人抽籤決定_從母姓,0
11507,10009190,雲林縣口湖鄉,女,申請人抽籤決定_傳統姓名,0
11507,10009190,雲林縣口湖鄉,女,戶政事務所抽籤決定_從父姓,0
11507,10009190,雲林縣口湖鄉,女,戶政事務所抽籤決定_從母姓,0
11507,10009190,雲林縣口湖鄉,女,戶政事務所抽籤決定_傳統姓名,0
11507,10009190,雲林縣口湖鄉,女,監護人決定依監護人之姓,0
11507,10009200,雲林縣水林鄉,男,雙方約定_從父姓,1
11507,10009200,雲林縣水林鄉,男,雙方約定_從母姓,0
11507,10009200,雲林縣水林鄉,男,雙方約定_傳統姓名,0
11507,10009200,雲林縣水林鄉,男,一方約定_從父姓,0
11507,10009200,雲林縣水林鄉,男,一方約定_從母姓,0
11507,10009200,雲林縣水林鄉,男,一方約定_傳統姓名,0
11507,10009200,雲林縣水林鄉,男,申請人抽籤決定_從父姓,0
11507,10009200,雲林縣水林鄉,男,申請人抽籤決定_從母姓,0
11507,10009200,雲林縣水林鄉,男,申請人抽籤決定_傳統姓名,0
11507,10009200,雲林縣水林鄉,男,戶政事務所抽籤決定_從父姓,0
11507,10009200,雲林縣水林鄉,男,戶政事務所抽籤決定_從母姓,0
11507,10009200,雲林縣水林鄉,男,戶政事務所抽籤決定_傳統姓名,0
11507,10009200,雲林縣水林鄉,男,監護人決定依監護人之姓,0
11507,10009200,雲林縣水林鄉,女,雙方約定_從父姓,4
11507,10009200,雲林縣水林鄉,女,雙方約定_從母姓,0
11507,10009200,雲林縣水林鄉,女,雙方約定_傳統姓名,0
11507,10009200,雲林縣水林鄉,女,一方約定_從父姓,0
11507,10009200,雲林縣水林鄉,女,一方約定_從母姓,0
11507,10009200,雲林縣水林鄉,女,一方約定_傳統姓名,0
11507,10009200,雲林縣水林鄉,女,申請人抽籤決定_從父姓,0
11507,10009200,雲林縣水林鄉,女,申請人抽籤決定_從母姓,0
11507,10009200,雲林縣水林鄉,女,申請人抽籤決定_傳統姓名,0
11507,10009200,雲林縣水林鄉,女,戶政事務所抽籤決定_從父姓,0
11507,10009200,雲林縣水林鄉,女,戶政事務所抽籤決定_從母姓,0
11507,10009200,雲林縣水林鄉,女,戶政事務所抽籤決定_傳統姓名,0
11507,10009200,雲林縣水林鄉,女,監護人決定依監護人之姓,0
11507,10010010,嘉義縣太保市,男,雙方約定_從父姓,8
11507,10010010,嘉義縣太保市,男,雙方約定_從母姓,0
11507,10010010,嘉義縣太保市,男,雙方約定_傳統姓名,0
11507,10010010,嘉義縣太保市,男,一方約定_從父姓,0
11507,10010010,嘉義縣太保市,男,一方約定_從母姓,0
11507,10010010,嘉義縣太保市,男,一方約定_傳統姓名,0
11507,10010010,嘉義縣太保市,男,申請人抽籤決定_從父姓,0
11507,10010010,嘉義縣太保市,男,申請人抽籤決定_從母姓,0
11507,10010010,嘉義縣太保市,男,申請人抽籤決定_傳統姓名,0
11507,10010010,嘉義縣太保市,男,戶政事務所抽籤決定_從父姓,0
11507,10010010,嘉義縣太保市,男,戶政事務所抽籤決定_從母姓,0
11507,10010010,嘉義縣太保市,男,戶政事務所抽籤決定_傳統姓名,0
11507,10010010,嘉義縣太保市,男,監護人決定依監護人之姓,0
11507,10010010,嘉義縣太保市,女,雙方約定_從父姓,5
11507,10010010,嘉義縣太保市,女,雙方約定_從母姓,1
11507,10010010,嘉義縣太保市,女,雙方約定_傳統姓名,0
11507,10010010,嘉義縣太保市,女,一方約定_從父姓,0
11507,10010010,嘉義縣太保市,女,一方約定_從母姓,0
11507,10010010,嘉義縣太保市,女,一方約定_傳統姓名,0
11507,10010010,嘉義縣太保市,女,申請人抽籤決定_從父姓,0
11507,10010010,嘉義縣太保市,女,申請人抽籤決定_從母姓,0
11507,10010010,嘉義縣太保市,女,申請人抽籤決定_傳統姓名,0
11507,10010010,嘉義縣太保市,女,戶政事務所抽籤決定_從父姓,0
11507,10010010,嘉義縣太保市,女,戶政事務所抽籤決定_從母姓,0
11507,10010010,嘉義縣太保市,女,戶政事務所抽籤決定_傳統姓名,0
11507,10010010,嘉義縣太保市,女,監護人決定依監護人之姓,0
11507,10010020,嘉義縣朴子市,男,雙方約定_從父姓,2
11507,10010020,嘉義縣朴子市,男,雙方約定_從母姓,0
11507,10010020,嘉義縣朴子市,男,雙方約定_傳統姓名,0
11507,10010020,嘉義縣朴子市,男,一方約定_從父姓,0
11507,10010020,嘉義縣朴子市,男,一方約定_從母姓,0
11507,10010020,嘉義縣朴子市,男,一方約定_傳統姓名,0
11507,10010020,嘉義縣朴子市,男,申請人抽籤決定_從父姓,0
11507,10010020,嘉義縣朴子市,男,申請人抽籤決定_從母姓,0
11507,10010020,嘉義縣朴子市,男,申請人抽籤決定_傳統姓名,0
11507,10010020,嘉義縣朴子市,男,戶政事務所抽籤決定_從父姓,0
11507,10010020,嘉義縣朴子市,男,戶政事務所抽籤決定_從母姓,0
11507,10010020,嘉義縣朴子市,男,戶政事務所抽籤決定_傳統姓名,0
11507,10010020,嘉義縣朴子市,男,監護人決定依監護人之姓,0
11507,10010020,嘉義縣朴子市,女,雙方約定_從父姓,3
11507,10010020,嘉義縣朴子市,女,雙方約定_從母姓,0
11507,10010020,嘉義縣朴子市,女,雙方約定_傳統姓名,0
11507,10010020,嘉義縣朴子市,女,一方約定_從父姓,0
11507,10010020,嘉義縣朴子市,女,一方約定_從母姓,0
11507,10010020,嘉義縣朴子市,女,一方約定_傳統姓名,0
11507,10010020,嘉義縣朴子市,女,申請人抽籤決定_從父姓,1
11507,10010020,嘉義縣朴子市,女,申請人抽籤決定_從母姓,0
11507,10010020,嘉義縣朴子市,女,申請人抽籤決定_傳統姓名,0
11507,10010020,嘉義縣朴子市,女,戶政事務所抽籤決定_從父姓,0
11507,10010020,嘉義縣朴子市,女,戶政事務所抽籤決定_從母姓,0
11507,10010020,嘉義縣朴子市,女,戶政事務所抽籤決定_傳統姓名,0
11507,10010020,嘉義縣朴子市,女,監護人決定依監護人之姓,0
11507,10010030,嘉義縣布袋鎮,男,雙方約定_從父姓,4
11507,10010030,嘉義縣布袋鎮,男,雙方約定_從母姓,0
11507,10010030,嘉義縣布袋鎮,男,雙方約定_傳統姓名,0
11507,10010030,嘉義縣布袋鎮,男,一方約定_從父姓,0
11507,10010030,嘉義縣布袋鎮,男,一方約定_從母姓,0
11507,10010030,嘉義縣布袋鎮,男,一方約定_傳統姓名,0
11507,10010030,嘉義縣布袋鎮,男,申請人抽籤決定_從父姓,0
11507,10010030,嘉義縣布袋鎮,男,申請人抽籤決定_從母姓,0
11507,10010030,嘉義縣布袋鎮,男,申請人抽籤決定_傳統姓名,0
11507,10010030,嘉義縣布袋鎮,男,戶政事務所抽籤決定_從父姓,0
11507,10010030,嘉義縣布袋鎮,男,戶政事務所抽籤決定_從母姓,0
11507,10010030,嘉義縣布袋鎮,男,戶政事務所抽籤決定_傳統姓名,0
11507,10010030,嘉義縣布袋鎮,男,監護人決定依監護人之姓,0
11507,10010030,嘉義縣布袋鎮,女,雙方約定_從父姓,2
11507,10010030,嘉義縣布袋鎮,女,雙方約定_從母姓,0
11507,10010030,嘉義縣布袋鎮,女,雙方約定_傳統姓名,0
11507,10010030,嘉義縣布袋鎮,女,一方約定_從父姓,0
11507,10010030,嘉義縣布袋鎮,女,一方約定_從母姓,0
11507,10010030,嘉義縣布袋鎮,女,一方約定_傳統姓名,0
11507,10010030,嘉義縣布袋鎮,女,申請人抽籤決定_從父姓,0
11507,10010030,嘉義縣布袋鎮,女,申請人抽籤決定_從母姓,0
11507,10010030,嘉義縣布袋鎮,女,申請人抽籤決定_傳統姓名,0
11507,10010030,嘉義縣布袋鎮,女,戶政事務所抽籤決定_從父姓,0
11507,10010030,嘉義縣布袋鎮,女,戶政事務所抽籤決定_從母姓,0
11507,10010030,嘉義縣布袋鎮,女,戶政事務所抽籤決定_傳統姓名,0
11507,10010030,嘉義縣布袋鎮,女,監護人決定依監護人之姓,0
11507,10010040,嘉義縣大林鎮,男,雙方約定_從父姓,2
11507,10010040,嘉義縣大林鎮,男,雙方約定_從母姓,0
11507,10010040,嘉義縣大林鎮,男,雙方約定_傳統姓名,0
11507,10010040,嘉義縣大林鎮,男,一方約定_從父姓,0
11507,10010040,嘉義縣大林鎮,男,一方約定_從母姓,0
11507,10010040,嘉義縣大林鎮,男,一方約定_傳統姓名,0
11507,10010040,嘉義縣大林鎮,男,申請人抽籤決定_從父姓,0
11507,10010040,嘉義縣大林鎮,男,申請人抽籤決定_從母姓,0
11507,10010040,嘉義縣大林鎮,男,申請人抽籤決定_傳統姓名,0
11507,10010040,嘉義縣大林鎮,男,戶政事務所抽籤決定_從父姓,0
11507,10010040,嘉義縣大林鎮,男,戶政事務所抽籤決定_從母姓,0
11507,10010040,嘉義縣大林鎮,男,戶政事務所抽籤決定_傳統姓名,0
11507,10010040,嘉義縣大林鎮,男,監護人決定依監護人之姓,0
11507,10010040,嘉義縣大林鎮,女,雙方約定_從父姓,4
11507,10010040,嘉義縣大林鎮,女,雙方約定_從母姓,0
11507,10010040,嘉義縣大林鎮,女,雙方約定_傳統姓名,0
11507,10010040,嘉義縣大林鎮,女,一方約定_從父姓,0
11507,10010040,嘉義縣大林鎮,女,一方約定_從母姓,0
11507,10010040,嘉義縣大林鎮,女,一方約定_傳統姓名,0
11507,10010040,嘉義縣大林鎮,女,申請人抽籤決定_從父姓,0
11507,10010040,嘉義縣大林鎮,女,申請人抽籤決定_從母姓,0
11507,10010040,嘉義縣大林鎮,女,申請人抽籤決定_傳統姓名,0
11507,10010040,嘉義縣大林鎮,女,戶政事務所抽籤決定_從父姓,0
11507,10010040,嘉義縣大林鎮,女,戶政事務所抽籤決定_從母姓,0
11507,10010040,嘉義縣大林鎮,女,戶政事務所抽籤決定_傳統姓名,0
11507,10010040,嘉義縣大林鎮,女,監護人決定依監護人之姓,0
11507,10010050,嘉義縣民雄鄉,男,雙方約定_從父姓,9
11507,10010050,嘉義縣民雄鄉,男,雙方約定_從母姓,1
11507,10010050,嘉義縣民雄鄉,男,雙方約定_傳統姓名,0
11507,10010050,嘉義縣民雄鄉,男,一方約定_從父姓,0
11507,10010050,嘉義縣民雄鄉,男,一方約定_從母姓,0
11507,10010050,嘉義縣民雄鄉,男,一方約定_傳統姓名,0
11507,10010050,嘉義縣民雄鄉,男,申請人抽籤決定_從父姓,0
11507,10010050,嘉義縣民雄鄉,男,申請人抽籤決定_從母姓,0
11507,10010050,嘉義縣民雄鄉,男,申請人抽籤決定_傳統姓名,0
11507,10010050,嘉義縣民雄鄉,男,戶政事務所抽籤決定_從父姓,0
11507,10010050,嘉義縣民雄鄉,男,戶政事務所抽籤決定_從母姓,0
11507,10010050,嘉義縣民雄鄉,男,戶政事務所抽籤決定_傳統姓名,0
11507,10010050,嘉義縣民雄鄉,男,監護人決定依監護人之姓,0
11507,10010050,嘉義縣民雄鄉,女,雙方約定_從父姓,5
11507,10010050,嘉義縣民雄鄉,女,雙方約定_從母姓,1
11507,10010050,嘉義縣民雄鄉,女,雙方約定_傳統姓名,0
11507,10010050,嘉義縣民雄鄉,女,一方約定_從父姓,0
11507,10010050,嘉義縣民雄鄉,女,一方約定_從母姓,1
11507,10010050,嘉義縣民雄鄉,女,一方約定_傳統姓名,0
11507,10010050,嘉義縣民雄鄉,女,申請人抽籤決定_從父姓,0
11507,10010050,嘉義縣民雄鄉,女,申請人抽籤決定_從母姓,0
11507,10010050,嘉義縣民雄鄉,女,申請人抽籤決定_傳統姓名,0
11507,10010050,嘉義縣民雄鄉,女,戶政事務所抽籤決定_從父姓,0
11507,10010050,嘉義縣民雄鄉,女,戶政事務所抽籤決定_從母姓,0
11507,10010050,嘉義縣民雄鄉,女,戶政事務所抽籤決定_傳統姓名,0
11507,10010050,嘉義縣民雄鄉,女,監護人決定依監護人之姓,0
11507,10010060,嘉義縣溪口鄉,男,雙方約定_從父姓,3
11507,10010060,嘉義縣溪口鄉,男,雙方約定_從母姓,0
11507,10010060,嘉義縣溪口鄉,男,雙方約定_傳統姓名,0
11507,10010060,嘉義縣溪口鄉,男,一方約定_從父姓,0
11507,10010060,嘉義縣溪口鄉,男,一方約定_從母姓,0
11507,10010060,嘉義縣溪口鄉,男,一方約定_傳統姓名,0
11507,10010060,嘉義縣溪口鄉,男,申請人抽籤決定_從父姓,0
11507,10010060,嘉義縣溪口鄉,男,申請人抽籤決定_從母姓,0
11507,10010060,嘉義縣溪口鄉,男,申請人抽籤決定_傳統姓名,0
11507,10010060,嘉義縣溪口鄉,男,戶政事務所抽籤決定_從父姓,0
11507,10010060,嘉義縣溪口鄉,男,戶政事務所抽籤決定_從母姓,0
11507,10010060,嘉義縣溪口鄉,男,戶政事務所抽籤決定_傳統姓名,0
11507,10010060,嘉義縣溪口鄉,男,監護人決定依監護人之姓,0
11507,10010060,嘉義縣溪口鄉,女,雙方約定_從父姓,0
11507,10010060,嘉義縣溪口鄉,女,雙方約定_從母姓,0
11507,10010060,嘉義縣溪口鄉,女,雙方約定_傳統姓名,0
11507,10010060,嘉義縣溪口鄉,女,一方約定_從父姓,0
11507,10010060,嘉義縣溪口鄉,女,一方約定_從母姓,0
11507,10010060,嘉義縣溪口鄉,女,一方約定_傳統姓名,0
11507,10010060,嘉義縣溪口鄉,女,申請人抽籤決定_從父姓,0
11507,10010060,嘉義縣溪口鄉,女,申請人抽籤決定_從母姓,0
11507,10010060,嘉義縣溪口鄉,女,申請人抽籤決定_傳統姓名,0
11507,10010060,嘉義縣溪口鄉,女,戶政事務所抽籤決定_從父姓,0
11507,10010060,嘉義縣溪口鄉,女,戶政事務所抽籤決定_從母姓,0
11507,10010060,嘉義縣溪口鄉,女,戶政事務所抽籤決定_傳統姓名,0
11507,10010060,嘉義縣溪口鄉,女,監護人決定依監護人之姓,0
11507,10010070,嘉義縣新港鄉,男,雙方約定_從父姓,2
11507,10010070,嘉義縣新港鄉,男,雙方約定_從母姓,0
11507,10010070,嘉義縣新港鄉,男,雙方約定_傳統姓名,0
11507,10010070,嘉義縣新港鄉,男,一方約定_從父姓,0
11507,10010070,嘉義縣新港鄉,男,一方約定_從母姓,0
11507,10010070,嘉義縣新港鄉,男,一方約定_傳統姓名,0
11507,10010070,嘉義縣新港鄉,男,申請人抽籤決定_從父姓,0
11507,10010070,嘉義縣新港鄉,男,申請人抽籤決定_從母姓,0
11507,10010070,嘉義縣新港鄉,男,申請人抽籤決定_傳統姓名,0
11507,10010070,嘉義縣新港鄉,男,戶政事務所抽籤決定_從父姓,0
11507,10010070,嘉義縣新港鄉,男,戶政事務所抽籤決定_從母姓,0
11507,10010070,嘉義縣新港鄉,男,戶政事務所抽籤決定_傳統姓名,0
11507,10010070,嘉義縣新港鄉,男,監護人決定依監護人之姓,0
11507,10010070,嘉義縣新港鄉,女,雙方約定_從父姓,2
11507,10010070,嘉義縣新港鄉,女,雙方約定_從母姓,0
11507,10010070,嘉義縣新港鄉,女,雙方約定_傳統姓名,0
11507,10010070,嘉義縣新港鄉,女,一方約定_從父姓,0
11507,10010070,嘉義縣新港鄉,女,一方約定_從母姓,0
11507,10010070,嘉義縣新港鄉,女,一方約定_傳統姓名,0
11507,10010070,嘉義縣新港鄉,女,申請人抽籤決定_從父姓,0
11507,10010070,嘉義縣新港鄉,女,申請人抽籤決定_從母姓,0
11507,10010070,嘉義縣新港鄉,女,申請人抽籤決定_傳統姓名,0
11507,10010070,嘉義縣新港鄉,女,戶政事務所抽籤決定_從父姓,0
11507,10010070,嘉義縣新港鄉,女,戶政事務所抽籤決定_從母姓,0
11507,10010070,嘉義縣新港鄉,女,戶政事務所抽籤決定_傳統姓名,0
11507,10010070,嘉義縣新港鄉,女,監護人決定依監護人之姓,0
11507,10010080,嘉義縣六腳鄉,男,雙方約定_從父姓,5
11507,10010080,嘉義縣六腳鄉,男,雙方約定_從母姓,0
11507,10010080,嘉義縣六腳鄉,男,雙方約定_傳統姓名,0
11507,10010080,嘉義縣六腳鄉,男,一方約定_從父姓,0
11507,10010080,嘉義縣六腳鄉,男,一方約定_從母姓,2
11507,10010080,嘉義縣六腳鄉,男,一方約定_傳統姓名,0
11507,10010080,嘉義縣六腳鄉,男,申請人抽籤決定_從父姓,0
11507,10010080,嘉義縣六腳鄉,男,申請人抽籤決定_從母姓,0
11507,10010080,嘉義縣六腳鄉,男,申請人抽籤決定_傳統姓名,0
11507,10010080,嘉義縣六腳鄉,男,戶政事務所抽籤決定_從父姓,0
11507,10010080,嘉義縣六腳鄉,男,戶政事務所抽籤決定_從母姓,0
11507,10010080,嘉義縣六腳鄉,男,戶政事務所抽籤決定_傳統姓名,0
11507,10010080,嘉義縣六腳鄉,男,監護人決定依監護人之姓,0
11507,10010080,嘉義縣六腳鄉,女,雙方約定_從父姓,2
11507,10010080,嘉義縣六腳鄉,女,雙方約定_從母姓,0
11507,10010080,嘉義縣六腳鄉,女,雙方約定_傳統姓名,0
11507,10010080,嘉義縣六腳鄉,女,一方約定_從父姓,0
11507,10010080,嘉義縣六腳鄉,女,一方約定_從母姓,0
11507,10010080,嘉義縣六腳鄉,女,一方約定_傳統姓名,0
11507,10010080,嘉義縣六腳鄉,女,申請人抽籤決定_從父姓,0
11507,10010080,嘉義縣六腳鄉,女,申請人抽籤決定_從母姓,0
11507,10010080,嘉義縣六腳鄉,女,申請人抽籤決定_傳統姓名,0
11507,10010080,嘉義縣六腳鄉,女,戶政事務所抽籤決定_從父姓,0
11507,10010080,嘉義縣六腳鄉,女,戶政事務所抽籤決定_從母姓,0
11507,10010080,嘉義縣六腳鄉,女,戶政事務所抽籤決定_傳統姓名,0
11507,10010080,嘉義縣六腳鄉,女,監護人決定依監護人之姓,0
11507,10010090,嘉義縣東石鄉,男,雙方約定_從父姓,3
11507,10010090,嘉義縣東石鄉,男,雙方約定_從母姓,0
11507,10010090,嘉義縣東石鄉,男,雙方約定_傳統姓名,0
11507,10010090,嘉義縣東石鄉,男,一方約定_從父姓,0
11507,10010090,嘉義縣東石鄉,男,一方約定_從母姓,1
11507,10010090,嘉義縣東石鄉,男,一方約定_傳統姓名,0
11507,10010090,嘉義縣東石鄉,男,申請人抽籤決定_從父姓,0
11507,10010090,嘉義縣東石鄉,男,申請人抽籤決定_從母姓,0
11507,10010090,嘉義縣東石鄉,男,申請人抽籤決定_傳統姓名,0
11507,10010090,嘉義縣東石鄉,男,戶政事務所抽籤決定_從父姓,0
11507,10010090,嘉義縣東石鄉,男,戶政事務所抽籤決定_從母姓,0
11507,10010090,嘉義縣東石鄉,男,戶政事務所抽籤決定_傳統姓名,0
11507,10010090,嘉義縣東石鄉,男,監護人決定依監護人之姓,0
11507,10010090,嘉義縣東石鄉,女,雙方約定_從父姓,4
11507,10010090,嘉義縣東石鄉,女,雙方約定_從母姓,0
11507,10010090,嘉義縣東石鄉,女,雙方約定_傳統姓名,0
11507,10010090,嘉義縣東石鄉,女,一方約定_從父姓,0
11507,10010090,嘉義縣東石鄉,女,一方約定_從母姓,0
11507,10010090,嘉義縣東石鄉,女,一方約定_傳統姓名,0
11507,10010090,嘉義縣東石鄉,女,申請人抽籤決定_從父姓,0
11507,10010090,嘉義縣東石鄉,女,申請人抽籤決定_從母姓,0
11507,10010090,嘉義縣東石鄉,女,申請人抽籤決定_傳統姓名,0
11507,10010090,嘉義縣東石鄉,女,戶政事務所抽籤決定_從父姓,0
11507,10010090,嘉義縣東石鄉,女,戶政事務所抽籤決定_從母姓,0
11507,10010090,嘉義縣東石鄉,女,戶政事務所抽籤決定_傳統姓名,0
11507,10010090,嘉義縣東石鄉,女,監護人決定依監護人之姓,0
11507,10010100,嘉義縣義竹鄉,男,雙方約定_從父姓,2
11507,10010100,嘉義縣義竹鄉,男,雙方約定_從母姓,0
11507,10010100,嘉義縣義竹鄉,男,雙方約定_傳統姓名,0
11507,10010100,嘉義縣義竹鄉,男,一方約定_從父姓,0
11507,10010100,嘉義縣義竹鄉,男,一方約定_從母姓,0
11507,10010100,嘉義縣義竹鄉,男,一方約定_傳統姓名,0
11507,10010100,嘉義縣義竹鄉,男,申請人抽籤決定_從父姓,0
11507,10010100,嘉義縣義竹鄉,男,申請人抽籤決定_從母姓,0
11507,10010100,嘉義縣義竹鄉,男,申請人抽籤決定_傳統姓名,0
11507,10010100,嘉義縣義竹鄉,男,戶政事務所抽籤決定_從父姓,0
11507,10010100,嘉義縣義竹鄉,男,戶政事務所抽籤決定_從母姓,0
11507,10010100,嘉義縣義竹鄉,男,戶政事務所抽籤決定_傳統姓名,0
11507,10010100,嘉義縣義竹鄉,男,監護人決定依監護人之姓,0
11507,10010100,嘉義縣義竹鄉,女,雙方約定_從父姓,2
11507,10010100,嘉義縣義竹鄉,女,雙方約定_從母姓,0
11507,10010100,嘉義縣義竹鄉,女,雙方約定_傳統姓名,0
11507,10010100,嘉義縣義竹鄉,女,一方約定_從父姓,0
11507,10010100,嘉義縣義竹鄉,女,一方約定_從母姓,0
11507,10010100,嘉義縣義竹鄉,女,一方約定_傳統姓名,0
11507,10010100,嘉義縣義竹鄉,女,申請人抽籤決定_從父姓,0
11507,10010100,嘉義縣義竹鄉,女,申請人抽籤決定_從母姓,0
11507,10010100,嘉義縣義竹鄉,女,申請人抽籤決定_傳統姓名,0
11507,10010100,嘉義縣義竹鄉,女,戶政事務所抽籤決定_從父姓,0
11507,10010100,嘉義縣義竹鄉,女,戶政事務所抽籤決定_從母姓,0
11507,10010100,嘉義縣義竹鄉,女,戶政事務所抽籤決定_傳統姓名,0
11507,10010100,嘉義縣義竹鄉,女,監護人決定依監護人之姓,0
11507,10010110,嘉義縣鹿草鄉,男,雙方約定_從父姓,2
11507,10010110,嘉義縣鹿草鄉,男,雙方約定_從母姓,0
11507,10010110,嘉義縣鹿草鄉,男,雙方約定_傳統姓名,0
11507,10010110,嘉義縣鹿草鄉,男,一方約定_從父姓,0
11507,10010110,嘉義縣鹿草鄉,男,一方約定_從母姓,1
11507,10010110,嘉義縣鹿草鄉,男,一方約定_傳統姓名,0
11507,10010110,嘉義縣鹿草鄉,男,申請人抽籤決定_從父姓,0
11507,10010110,嘉義縣鹿草鄉,男,申請人抽籤決定_從母姓,0
11507,10010110,嘉義縣鹿草鄉,男,申請人抽籤決定_傳統姓名,0
11507,10010110,嘉義縣鹿草鄉,男,戶政事務所抽籤決定_從父姓,0
11507,10010110,嘉義縣鹿草鄉,男,戶政事務所抽籤決定_從母姓,0
11507,10010110,嘉義縣鹿草鄉,男,戶政事務所抽籤決定_傳統姓名,0
11507,10010110,嘉義縣鹿草鄉,男,監護人決定依監護人之姓,0
11507,10010110,嘉義縣鹿草鄉,女,雙方約定_從父姓,1
11507,10010110,嘉義縣鹿草鄉,女,雙方約定_從母姓,0
11507,10010110,嘉義縣鹿草鄉,女,雙方約定_傳統姓名,0
11507,10010110,嘉義縣鹿草鄉,女,一方約定_從父姓,0
11507,10010110,嘉義縣鹿草鄉,女,一方約定_從母姓,0
11507,10010110,嘉義縣鹿草鄉,女,一方約定_傳統姓名,0
11507,10010110,嘉義縣鹿草鄉,女,申請人抽籤決定_從父姓,0
11507,10010110,嘉義縣鹿草鄉,女,申請人抽籤決定_從母姓,0
11507,10010110,嘉義縣鹿草鄉,女,申請人抽籤決定_傳統姓名,0
11507,10010110,嘉義縣鹿草鄉,女,戶政事務所抽籤決定_從父姓,0
11507,10010110,嘉義縣鹿草鄉,女,戶政事務所抽籤決定_從母姓,0
11507,10010110,嘉義縣鹿草鄉,女,戶政事務所抽籤決定_傳統姓名,0
11507,10010110,嘉義縣鹿草鄉,女,監護人決定依監護人之姓,0
11507,10010120,嘉義縣水上鄉,男,雙方約定_從父姓,3
11507,10010120,嘉義縣水上鄉,男,雙方約定_從母姓,0
11507,10010120,嘉義縣水上鄉,男,雙方約定_傳統姓名,0
11507,10010120,嘉義縣水上鄉,男,一方約定_從父姓,0
11507,10010120,嘉義縣水上鄉,男,一方約定_從母姓,0
11507,10010120,嘉義縣水上鄉,男,一方約定_傳統姓名,0
11507,10010120,嘉義縣水上鄉,男,申請人抽籤決定_從父姓,0
11507,10010120,嘉義縣水上鄉,男,申請人抽籤決定_從母姓,0
11507,10010120,嘉義縣水上鄉,男,申請人抽籤決定_傳統姓名,0
11507,10010120,嘉義縣水上鄉,男,戶政事務所抽籤決定_從父姓,0
11507,10010120,嘉義縣水上鄉,男,戶政事務所抽籤決定_從母姓,0
11507,10010120,嘉義縣水上鄉,男,戶政事務所抽籤決定_傳統姓名,0
11507,10010120,嘉義縣水上鄉,男,監護人決定依監護人之姓,0
11507,10010120,嘉義縣水上鄉,女,雙方約定_從父姓,12
11507,10010120,嘉義縣水上鄉,女,雙方約定_從母姓,0
11507,10010120,嘉義縣水上鄉,女,雙方約定_傳統姓名,0
11507,10010120,嘉義縣水上鄉,女,一方約定_從父姓,0
11507,10010120,嘉義縣水上鄉,女,一方約定_從母姓,0
11507,10010120,嘉義縣水上鄉,女,一方約定_傳統姓名,0
11507,10010120,嘉義縣水上鄉,女,申請人抽籤決定_從父姓,0
11507,10010120,嘉義縣水上鄉,女,申請人抽籤決定_從母姓,0
11507,10010120,嘉義縣水上鄉,女,申請人抽籤決定_傳統姓名,0
11507,10010120,嘉義縣水上鄉,女,戶政事務所抽籤決定_從父姓,0
11507,10010120,嘉義縣水上鄉,女,戶政事務所抽籤決定_從母姓,0
11507,10010120,嘉義縣水上鄉,女,戶政事務所抽籤決定_傳統姓名,0
11507,10010120,嘉義縣水上鄉,女,監護人決定依監護人之姓,0
11507,10010130,嘉義縣中埔鄉,男,雙方約定_從父姓,3
11507,10010130,嘉義縣中埔鄉,男,雙方約定_從母姓,1
11507,10010130,嘉義縣中埔鄉,男,雙方約定_傳統姓名,0
11507,10010130,嘉義縣中埔鄉,男,一方約定_從父姓,0
11507,10010130,嘉義縣中埔鄉,男,一方約定_從母姓,1
11507,10010130,嘉義縣中埔鄉,男,一方約定_傳統姓名,0
11507,10010130,嘉義縣中埔鄉,男,申請人抽籤決定_從父姓,0
11507,10010130,嘉義縣中埔鄉,男,申請人抽籤決定_從母姓,0
11507,10010130,嘉義縣中埔鄉,男,申請人抽籤決定_傳統姓名,0
11507,10010130,嘉義縣中埔鄉,男,戶政事務所抽籤決定_從父姓,0
11507,10010130,嘉義縣中埔鄉,男,戶政事務所抽籤決定_從母姓,0
11507,10010130,嘉義縣中埔鄉,男,戶政事務所抽籤決定_傳統姓名,0
11507,10010130,嘉義縣中埔鄉,男,監護人決定依監護人之姓,0
11507,10010130,嘉義縣中埔鄉,女,雙方約定_從父姓,5
11507,10010130,嘉義縣中埔鄉,女,雙方約定_從母姓,0
11507,10010130,嘉義縣中埔鄉,女,雙方約定_傳統姓名,0
11507,10010130,嘉義縣中埔鄉,女,一方約定_從父姓,0
11507,10010130,嘉義縣中埔鄉,女,一方約定_從母姓,0
11507,10010130,嘉義縣中埔鄉,女,一方約定_傳統姓名,0
11507,10010130,嘉義縣中埔鄉,女,申請人抽籤決定_從父姓,0
11507,10010130,嘉義縣中埔鄉,女,申請人抽籤決定_從母姓,0
11507,10010130,嘉義縣中埔鄉,女,申請人抽籤決定_傳統姓名,0
11507,10010130,嘉義縣中埔鄉,女,戶政事務所抽籤決定_從父姓,0
11507,10010130,嘉義縣中埔鄉,女,戶政事務所抽籤決定_從母姓,0
11507,10010130,嘉義縣中埔鄉,女,戶政事務所抽籤決定_傳統姓名,0
11507,10010130,嘉義縣中埔鄉,女,監護人決定依監護人之姓,0
11507,10010140,嘉義縣竹崎鄉,男,雙方約定_從父姓,8
11507,10010140,嘉義縣竹崎鄉,男,雙方約定_從母姓,0
11507,10010140,嘉義縣竹崎鄉,男,雙方約定_傳統姓名,0
11507,10010140,嘉義縣竹崎鄉,男,一方約定_從父姓,0
11507,10010140,嘉義縣竹崎鄉,男,一方約定_從母姓,0
11507,10010140,嘉義縣竹崎鄉,男,一方約定_傳統姓名,0
11507,10010140,嘉義縣竹崎鄉,男,申請人抽籤決定_從父姓,0
11507,10010140,嘉義縣竹崎鄉,男,申請人抽籤決定_從母姓,0
11507,10010140,嘉義縣竹崎鄉,男,申請人抽籤決定_傳統姓名,0
11507,10010140,嘉義縣竹崎鄉,男,戶政事務所抽籤決定_從父姓,0
11507,10010140,嘉義縣竹崎鄉,男,戶政事務所抽籤決定_從母姓,0
11507,10010140,嘉義縣竹崎鄉,男,戶政事務所抽籤決定_傳統姓名,0
11507,10010140,嘉義縣竹崎鄉,男,監護人決定依監護人之姓,0
11507,10010140,嘉義縣竹崎鄉,女,雙方約定_從父姓,3
11507,10010140,嘉義縣竹崎鄉,女,雙方約定_從母姓,0
11507,10010140,嘉義縣竹崎鄉,女,雙方約定_傳統姓名,0
11507,10010140,嘉義縣竹崎鄉,女,一方約定_從父姓,0
11507,10010140,嘉義縣竹崎鄉,女,一方約定_從母姓,1
11507,10010140,嘉義縣竹崎鄉,女,一方約定_傳統姓名,0
11507,10010140,嘉義縣竹崎鄉,女,申請人抽籤決定_從父姓,0
11507,10010140,嘉義縣竹崎鄉,女,申請人抽籤決定_從母姓,0
11507,10010140,嘉義縣竹崎鄉,女,申請人抽籤決定_傳統姓名,0
11507,10010140,嘉義縣竹崎鄉,女,戶政事務所抽籤決定_從父姓,0
11507,10010140,嘉義縣竹崎鄉,女,戶政事務所抽籤決定_從母姓,0
11507,10010140,嘉義縣竹崎鄉,女,戶政事務所抽籤決定_傳統姓名,0
11507,10010140,嘉義縣竹崎鄉,女,監護人決定依監護人之姓,0
11507,10010150,嘉義縣梅山鄉,男,雙方約定_從父姓,3
11507,10010150,嘉義縣梅山鄉,男,雙方約定_從母姓,0
11507,10010150,嘉義縣梅山鄉,男,雙方約定_傳統姓名,0
11507,10010150,嘉義縣梅山鄉,男,一方約定_從父姓,0
11507,10010150,嘉義縣梅山鄉,男,一方約定_從母姓,0
11507,10010150,嘉義縣梅山鄉,男,一方約定_傳統姓名,0
11507,10010150,嘉義縣梅山鄉,男,申請人抽籤決定_從父姓,0
11507,10010150,嘉義縣梅山鄉,男,申請人抽籤決定_從母姓,0
11507,10010150,嘉義縣梅山鄉,男,申請人抽籤決定_傳統姓名,0
11507,10010150,嘉義縣梅山鄉,男,戶政事務所抽籤決定_從父姓,0
11507,10010150,嘉義縣梅山鄉,男,戶政事務所抽籤決定_從母姓,0
11507,10010150,嘉義縣梅山鄉,男,戶政事務所抽籤決定_傳統姓名,0
11507,10010150,嘉義縣梅山鄉,男,監護人決定依監護人之姓,0
11507,10010150,嘉義縣梅山鄉,女,雙方約定_從父姓,2
11507,10010150,嘉義縣梅山鄉,女,雙方約定_從母姓,0
11507,10010150,嘉義縣梅山鄉,女,雙方約定_傳統姓名,0
11507,10010150,嘉義縣梅山鄉,女,一方約定_從父姓,0
11507,10010150,嘉義縣梅山鄉,女,一方約定_從母姓,0
11507,10010150,嘉義縣梅山鄉,女,一方約定_傳統姓名,0
11507,10010150,嘉義縣梅山鄉,女,申請人抽籤決定_從父姓,0
11507,10010150,嘉義縣梅山鄉,女,申請人抽籤決定_從母姓,0
11507,10010150,嘉義縣梅山鄉,女,申請人抽籤決定_傳統姓名,0
11507,10010150,嘉義縣梅山鄉,女,戶政事務所抽籤決定_從父姓,0
11507,10010150,嘉義縣梅山鄉,女,戶政事務所抽籤決定_從母姓,0
11507,10010150,嘉義縣梅山鄉,女,戶政事務所抽籤決定_傳統姓名,0
11507,10010150,嘉義縣梅山鄉,女,監護人決定依監護人之姓,0
11507,10010160,嘉義縣番路鄉,男,雙方約定_從父姓,3
11507,10010160,嘉義縣番路鄉,男,雙方約定_從母姓,0
11507,10010160,嘉義縣番路鄉,男,雙方約定_傳統姓名,0
11507,10010160,嘉義縣番路鄉,男,一方約定_從父姓,0
11507,10010160,嘉義縣番路鄉,男,一方約定_從母姓,0
11507,10010160,嘉義縣番路鄉,男,一方約定_傳統姓名,0
11507,10010160,嘉義縣番路鄉,男,申請人抽籤決定_從父姓,0
11507,10010160,嘉義縣番路鄉,男,申請人抽籤決定_從母姓,0
11507,10010160,嘉義縣番路鄉,男,申請人抽籤決定_傳統姓名,0
11507,10010160,嘉義縣番路鄉,男,戶政事務所抽籤決定_從父姓,0
11507,10010160,嘉義縣番路鄉,男,戶政事務所抽籤決定_從母姓,0
11507,10010160,嘉義縣番路鄉,男,戶政事務所抽籤決定_傳統姓名,0
11507,10010160,嘉義縣番路鄉,男,監護人決定依監護人之姓,0
11507,10010160,嘉義縣番路鄉,女,雙方約定_從父姓,0
11507,10010160,嘉義縣番路鄉,女,雙方約定_從母姓,0
11507,10010160,嘉義縣番路鄉,女,雙方約定_傳統姓名,0
11507,10010160,嘉義縣番路鄉,女,一方約定_從父姓,0
11507,10010160,嘉義縣番路鄉,女,一方約定_從母姓,1
11507,10010160,嘉義縣番路鄉,女,一方約定_傳統姓名,0
11507,10010160,嘉義縣番路鄉,女,申請人抽籤決定_從父姓,0
11507,10010160,嘉義縣番路鄉,女,申請人抽籤決定_從母姓,0
11507,10010160,嘉義縣番路鄉,女,申請人抽籤決定_傳統姓名,0
11507,10010160,嘉義縣番路鄉,女,戶政事務所抽籤決定_從父姓,0
11507,10010160,嘉義縣番路鄉,女,戶政事務所抽籤決定_從母姓,0
11507,10010160,嘉義縣番路鄉,女,戶政事務所抽籤決定_傳統姓名,0
11507,10010160,嘉義縣番路鄉,女,監護人決定依監護人之姓,0
11507,10010170,嘉義縣大埔鄉,男,雙方約定_從父姓,1
11507,10010170,嘉義縣大埔鄉,男,雙方約定_從母姓,0
11507,10010170,嘉義縣大埔鄉,男,雙方約定_傳統姓名,0
11507,10010170,嘉義縣大埔鄉,男,一方約定_從父姓,0
11507,10010170,嘉義縣大埔鄉,男,一方約定_從母姓,0
11507,10010170,嘉義縣大埔鄉,男,一方約定_傳統姓名,0
11507,10010170,嘉義縣大埔鄉,男,申請人抽籤決定_從父姓,0
11507,10010170,嘉義縣大埔鄉,男,申請人抽籤決定_從母姓,0
11507,10010170,嘉義縣大埔鄉,男,申請人抽籤決定_傳統姓名,0
11507,10010170,嘉義縣大埔鄉,男,戶政事務所抽籤決定_從父姓,0
11507,10010170,嘉義縣大埔鄉,男,戶政事務所抽籤決定_從母姓,0
11507,10010170,嘉義縣大埔鄉,男,戶政事務所抽籤決定_傳統姓名,0
11507,10010170,嘉義縣大埔鄉,男,監護人決定依監護人之姓,0
11507,10010170,嘉義縣大埔鄉,女,雙方約定_從父姓,3
11507,10010170,嘉義縣大埔鄉,女,雙方約定_從母姓,0
11507,10010170,嘉義縣大埔鄉,女,雙方約定_傳統姓名,0
11507,10010170,嘉義縣大埔鄉,女,一方約定_從父姓,0
11507,10010170,嘉義縣大埔鄉,女,一方約定_從母姓,0
11507,10010170,嘉義縣大埔鄉,女,一方約定_傳統姓名,0
11507,10010170,嘉義縣大埔鄉,女,申請人抽籤決定_從父姓,0
11507,10010170,嘉義縣大埔鄉,女,申請人抽籤決定_從母姓,0
11507,10010170,嘉義縣大埔鄉,女,申請人抽籤決定_傳統姓名,0
11507,10010170,嘉義縣大埔鄉,女,戶政事務所抽籤決定_從父姓,0
11507,10010170,嘉義縣大埔鄉,女,戶政事務所抽籤決定_從母姓,0
11507,10010170,嘉義縣大埔鄉,女,戶政事務所抽籤決定_傳統姓名,0
11507,10010170,嘉義縣大埔鄉,女,監護人決定依監護人之姓,0
11507,10010180,嘉義縣阿里山鄉,男,雙方約定_從父姓,1
11507,10010180,嘉義縣阿里山鄉,男,雙方約定_從母姓,0
11507,10010180,嘉義縣阿里山鄉,男,雙方約定_傳統姓名,0
11507,10010180,嘉義縣阿里山鄉,男,一方約定_從父姓,0
11507,10010180,嘉義縣阿里山鄉,男,一方約定_從母姓,0
11507,10010180,嘉義縣阿里山鄉,男,一方約定_傳統姓名,0
11507,10010180,嘉義縣阿里山鄉,男,申請人抽籤決定_從父姓,0
11507,10010180,嘉義縣阿里山鄉,男,申請人抽籤決定_從母姓,0
11507,10010180,嘉義縣阿里山鄉,男,申請人抽籤決定_傳統姓名,0
11507,10010180,嘉義縣阿里山鄉,男,戶政事務所抽籤決定_從父姓,0
11507,10010180,嘉義縣阿里山鄉,男,戶政事務所抽籤決定_從母姓,0
11507,10010180,嘉義縣阿里山鄉,男,戶政事務所抽籤決定_傳統姓名,0
11507,10010180,嘉義縣阿里山鄉,男,監護人決定依監護人之姓,0
11507,10010180,嘉義縣阿里山鄉,女,雙方約定_從父姓,2
11507,10010180,嘉義縣阿里山鄉,女,雙方約定_從母姓,0
11507,10010180,嘉義縣阿里山鄉,女,雙方約定_傳統姓名,0
11507,10010180,嘉義縣阿里山鄉,女,一方約定_從父姓,0
11507,10010180,嘉義縣阿里山鄉,女,一方約定_從母姓,0
11507,10010180,嘉義縣阿里山鄉,女,一方約定_傳統姓名,0
11507,10010180,嘉義縣阿里山鄉,女,申請人抽籤決定_從父姓,0
11507,10010180,嘉義縣阿里山鄉,女,申請人抽籤決定_從母姓,0
11507,10010180,嘉義縣阿里山鄉,女,申請人抽籤決定_傳統姓名,0
11507,10010180,嘉義縣阿里山鄉,女,戶政事務所抽籤決定_從父姓,0
11507,10010180,嘉義縣阿里山鄉,女,戶政事務所抽籤決定_從母姓,0
11507,10010180,嘉義縣阿里山鄉,女,戶政事務所抽籤決定_傳統姓名,0
11507,10010180,嘉義縣阿里山鄉,女,監護人決定依監護人之姓,0
11507,10013010,屏東縣屏東市,男,雙方約定_從父姓,28
11507,10013010,屏東縣屏東市,男,雙方約定_從母姓,1
11507,10013010,屏東縣屏東市,男,雙方約定_傳統姓名,0
11507,10013010,屏東縣屏東市,男,一方約定_從父姓,0
11507,10013010,屏東縣屏東市,男,一方約定_從母姓,3
11507,10013010,屏東縣屏東市,男,一方約定_傳統姓名,0
11507,10013010,屏東縣屏東市,男,申請人抽籤決定_從父姓,0
11507,10013010,屏東縣屏東市,男,申請人抽籤決定_從母姓,0
11507,10013010,屏東縣屏東市,男,申請人抽籤決定_傳統姓名,0
11507,10013010,屏東縣屏東市,男,戶政事務所抽籤決定_從父姓,0
11507,10013010,屏東縣屏東市,男,戶政事務所抽籤決定_從母姓,0
11507,10013010,屏東縣屏東市,男,戶政事務所抽籤決定_傳統姓名,0
11507,10013010,屏東縣屏東市,男,監護人決定依監護人之姓,0
11507,10013010,屏東縣屏東市,女,雙方約定_從父姓,22
11507,10013010,屏東縣屏東市,女,雙方約定_從母姓,0
11507,10013010,屏東縣屏東市,女,雙方約定_傳統姓名,0
11507,10013010,屏東縣屏東市,女,一方約定_從父姓,0
11507,10013010,屏東縣屏東市,女,一方約定_從母姓,1
11507,10013010,屏東縣屏東市,女,一方約定_傳統姓名,0
11507,10013010,屏東縣屏東市,女,申請人抽籤決定_從父姓,0
11507,10013010,屏東縣屏東市,女,申請人抽籤決定_從母姓,0
11507,10013010,屏東縣屏東市,女,申請人抽籤決定_傳統姓名,0
11507,10013010,屏東縣屏東市,女,戶政事務所抽籤決定_從父姓,0
11507,10013010,屏東縣屏東市,女,戶政事務所抽籤決定_從母姓,0
11507,10013010,屏東縣屏東市,女,戶政事務所抽籤決定_傳統姓名,0
11507,10013010,屏東縣屏東市,女,監護人決定依監護人之姓,0
11507,10013020,屏東縣潮州鎮,男,雙方約定_從父姓,7
11507,10013020,屏東縣潮州鎮,男,雙方約定_從母姓,0
11507,10013020,屏東縣潮州鎮,男,雙方約定_傳統姓名,0
11507,10013020,屏東縣潮州鎮,男,一方約定_從父姓,0
11507,10013020,屏東縣潮州鎮,男,一方約定_從母姓,1
11507,10013020,屏東縣潮州鎮,男,一方約定_傳統姓名,0
11507,10013020,屏東縣潮州鎮,男,申請人抽籤決定_從父姓,0
11507,10013020,屏東縣潮州鎮,男,申請人抽籤決定_從母姓,0
11507,10013020,屏東縣潮州鎮,男,申請人抽籤決定_傳統姓名,0
11507,10013020,屏東縣潮州鎮,男,戶政事務所抽籤決定_從父姓,0
11507,10013020,屏東縣潮州鎮,男,戶政事務所抽籤決定_從母姓,0
11507,10013020,屏東縣潮州鎮,男,戶政事務所抽籤決定_傳統姓名,0
11507,10013020,屏東縣潮州鎮,男,監護人決定依監護人之姓,0
11507,10013020,屏東縣潮州鎮,女,雙方約定_從父姓,10
11507,10013020,屏東縣潮州鎮,女,雙方約定_從母姓,0
11507,10013020,屏東縣潮州鎮,女,雙方約定_傳統姓名,0
11507,10013020,屏東縣潮州鎮,女,一方約定_從父姓,0
11507,10013020,屏東縣潮州鎮,女,一方約定_從母姓,0
11507,10013020,屏東縣潮州鎮,女,一方約定_傳統姓名,0
11507,10013020,屏東縣潮州鎮,女,申請人抽籤決定_從父姓,0
11507,10013020,屏東縣潮州鎮,女,申請人抽籤決定_從母姓,0
11507,10013020,屏東縣潮州鎮,女,申請人抽籤決定_傳統姓名,0
11507,10013020,屏東縣潮州鎮,女,戶政事務所抽籤決定_從父姓,0
11507,10013020,屏東縣潮州鎮,女,戶政事務所抽籤決定_從母姓,0
11507,10013020,屏東縣潮州鎮,女,戶政事務所抽籤決定_傳統姓名,0
11507,10013020,屏東縣潮州鎮,女,監護人決定依監護人之姓,0
11507,10013030,屏東縣東港鎮,男,雙方約定_從父姓,2
11507,10013030,屏東縣東港鎮,男,雙方約定_從母姓,4
11507,10013030,屏東縣東港鎮,男,雙方約定_傳統姓名,0
11507,10013030,屏東縣東港鎮,男,一方約定_從父姓,0
11507,10013030,屏東縣東港鎮,男,一方約定_從母姓,0
11507,10013030,屏東縣東港鎮,男,一方約定_傳統姓名,0
11507,10013030,屏東縣東港鎮,男,申請人抽籤決定_從父姓,0
11507,10013030,屏東縣東港鎮,男,申請人抽籤決定_從母姓,0
11507,10013030,屏東縣東港鎮,男,申請人抽籤決定_傳統姓名,0
11507,10013030,屏東縣東港鎮,男,戶政事務所抽籤決定_從父姓,0
11507,10013030,屏東縣東港鎮,男,戶政事務所抽籤決定_從母姓,0
11507,10013030,屏東縣東港鎮,男,戶政事務所抽籤決定_傳統姓名,0
11507,10013030,屏東縣東港鎮,男,監護人決定依監護人之姓,0
11507,10013030,屏東縣東港鎮,女,雙方約定_從父姓,5
11507,10013030,屏東縣東港鎮,女,雙方約定_從母姓,0
11507,10013030,屏東縣東港鎮,女,雙方約定_傳統姓名,0
11507,10013030,屏東縣東港鎮,女,一方約定_從父姓,0
11507,10013030,屏東縣東港鎮,女,一方約定_從母姓,1
11507,10013030,屏東縣東港鎮,女,一方約定_傳統姓名,0
11507,10013030,屏東縣東港鎮,女,申請人抽籤決定_從父姓,0
11507,10013030,屏東縣東港鎮,女,申請人抽籤決定_從母姓,0
11507,10013030,屏東縣東港鎮,女,申請人抽籤決定_傳統姓名,0
11507,10013030,屏東縣東港鎮,女,戶政事務所抽籤決定_從父姓,0
11507,10013030,屏東縣東港鎮,女,戶政事務所抽籤決定_從母姓,0
11507,10013030,屏東縣東港鎮,女,戶政事務所抽籤決定_傳統姓名,0
11507,10013030,屏東縣東港鎮,女,監護人決定依監護人之姓,0
11507,10013040,屏東縣恆春鎮,男,雙方約定_從父姓,7
11507,10013040,屏東縣恆春鎮,男,雙方約定_從母姓,1
11507,10013040,屏東縣恆春鎮,男,雙方約定_傳統姓名,0
11507,10013040,屏東縣恆春鎮,男,一方約定_從父姓,0
11507,10013040,屏東縣恆春鎮,男,一方約定_從母姓,1
11507,10013040,屏東縣恆春鎮,男,一方約定_傳統姓名,0
11507,10013040,屏東縣恆春鎮,男,申請人抽籤決定_從父姓,0
11507,10013040,屏東縣恆春鎮,男,申請人抽籤決定_從母姓,0
11507,10013040,屏東縣恆春鎮,男,申請人抽籤決定_傳統姓名,0
11507,10013040,屏東縣恆春鎮,男,戶政事務所抽籤決定_從父姓,0
11507,10013040,屏東縣恆春鎮,男,戶政事務所抽籤決定_從母姓,0
11507,10013040,屏東縣恆春鎮,男,戶政事務所抽籤決定_傳統姓名,0
11507,10013040,屏東縣恆春鎮,男,監護人決定依監護人之姓,0
11507,10013040,屏東縣恆春鎮,女,雙方約定_從父姓,6
11507,10013040,屏東縣恆春鎮,女,雙方約定_從母姓,1
11507,10013040,屏東縣恆春鎮,女,雙方約定_傳統姓名,0
11507,10013040,屏東縣恆春鎮,女,一方約定_從父姓,0
11507,10013040,屏東縣恆春鎮,女,一方約定_從母姓,2
11507,10013040,屏東縣恆春鎮,女,一方約定_傳統姓名,0
11507,10013040,屏東縣恆春鎮,女,申請人抽籤決定_從父姓,0
11507,10013040,屏東縣恆春鎮,女,申請人抽籤決定_從母姓,0
11507,10013040,屏東縣恆春鎮,女,申請人抽籤決定_傳統姓名,0
11507,10013040,屏東縣恆春鎮,女,戶政事務所抽籤決定_從父姓,0
11507,10013040,屏東縣恆春鎮,女,戶政事務所抽籤決定_從母姓,0
11507,10013040,屏東縣恆春鎮,女,戶政事務所抽籤決定_傳統姓名,0
11507,10013040,屏東縣恆春鎮,女,監護人決定依監護人之姓,0
11507,10013050,屏東縣萬丹鄉,男,雙方約定_從父姓,11
11507,10013050,屏東縣萬丹鄉,男,雙方約定_從母姓,0
11507,10013050,屏東縣萬丹鄉,男,雙方約定_傳統姓名,0
11507,10013050,屏東縣萬丹鄉,男,一方約定_從父姓,0
11507,10013050,屏東縣萬丹鄉,男,一方約定_從母姓,1
11507,10013050,屏東縣萬丹鄉,男,一方約定_傳統姓名,0
11507,10013050,屏東縣萬丹鄉,男,申請人抽籤決定_從父姓,0
11507,10013050,屏東縣萬丹鄉,男,申請人抽籤決定_從母姓,0
11507,10013050,屏東縣萬丹鄉,男,申請人抽籤決定_傳統姓名,0
11507,10013050,屏東縣萬丹鄉,男,戶政事務所抽籤決定_從父姓,0
11507,10013050,屏東縣萬丹鄉,男,戶政事務所抽籤決定_從母姓,0
11507,10013050,屏東縣萬丹鄉,男,戶政事務所抽籤決定_傳統姓名,0
11507,10013050,屏東縣萬丹鄉,男,監護人決定依監護人之姓,0
11507,10013050,屏東縣萬丹鄉,女,雙方約定_從父姓,8
11507,10013050,屏東縣萬丹鄉,女,雙方約定_從母姓,0
11507,10013050,屏東縣萬丹鄉,女,雙方約定_傳統姓名,0
11507,10013050,屏東縣萬丹鄉,女,一方約定_從父姓,0
11507,10013050,屏東縣萬丹鄉,女,一方約定_從母姓,1
11507,10013050,屏東縣萬丹鄉,女,一方約定_傳統姓名,0
11507,10013050,屏東縣萬丹鄉,女,申請人抽籤決定_從父姓,0
11507,10013050,屏東縣萬丹鄉,女,申請人抽籤決定_從母姓,0
11507,10013050,屏東縣萬丹鄉,女,申請人抽籤決定_傳統姓名,0
11507,10013050,屏東縣萬丹鄉,女,戶政事務所抽籤決定_從父姓,0
11507,10013050,屏東縣萬丹鄉,女,戶政事務所抽籤決定_從母姓,0
11507,10013050,屏東縣萬丹鄉,女,戶政事務所抽籤決定_傳統姓名,0
11507,10013050,屏東縣萬丹鄉,女,監護人決定依監護人之姓,0
11507,10013060,屏東縣長治鄉,男,雙方約定_從父姓,4
11507,10013060,屏東縣長治鄉,男,雙方約定_從母姓,0
11507,10013060,屏東縣長治鄉,男,雙方約定_傳統姓名,0
11507,10013060,屏東縣長治鄉,男,一方約定_從父姓,0
11507,10013060,屏東縣長治鄉,男,一方約定_從母姓,0
11507,10013060,屏東縣長治鄉,男,一方約定_傳統姓名,0
11507,10013060,屏東縣長治鄉,男,申請人抽籤決定_從父姓,0
11507,10013060,屏東縣長治鄉,男,申請人抽籤決定_從母姓,0
11507,10013060,屏東縣長治鄉,男,申請人抽籤決定_傳統姓名,0
11507,10013060,屏東縣長治鄉,男,戶政事務所抽籤決定_從父姓,0
11507,10013060,屏東縣長治鄉,男,戶政事務所抽籤決定_從母姓,0
11507,10013060,屏東縣長治鄉,男,戶政事務所抽籤決定_傳統姓名,0
11507,10013060,屏東縣長治鄉,男,監護人決定依監護人之姓,0
11507,10013060,屏東縣長治鄉,女,雙方約定_從父姓,4
11507,10013060,屏東縣長治鄉,女,雙方約定_從母姓,0
11507,10013060,屏東縣長治鄉,女,雙方約定_傳統姓名,0
11507,10013060,屏東縣長治鄉,女,一方約定_從父姓,0
11507,10013060,屏東縣長治鄉,女,一方約定_從母姓,0
11507,10013060,屏東縣長治鄉,女,一方約定_傳統姓名,0
11507,10013060,屏東縣長治鄉,女,申請人抽籤決定_從父姓,0
11507,10013060,屏東縣長治鄉,女,申請人抽籤決定_從母姓,0
11507,10013060,屏東縣長治鄉,女,申請人抽籤決定_傳統姓名,0
11507,10013060,屏東縣長治鄉,女,戶政事務所抽籤決定_從父姓,0
11507,10013060,屏東縣長治鄉,女,戶政事務所抽籤決定_從母姓,0
11507,10013060,屏東縣長治鄉,女,戶政事務所抽籤決定_傳統姓名,0
11507,10013060,屏東縣長治鄉,女,監護人決定依監護人之姓,0
11507,10013070,屏東縣麟洛鄉,男,雙方約定_從父姓,2
11507,10013070,屏東縣麟洛鄉,男,雙方約定_從母姓,0
11507,10013070,屏東縣麟洛鄉,男,雙方約定_傳統姓名,0
11507,10013070,屏東縣麟洛鄉,男,一方約定_從父姓,0
11507,10013070,屏東縣麟洛鄉,男,一方約定_從母姓,0
11507,10013070,屏東縣麟洛鄉,男,一方約定_傳統姓名,0
11507,10013070,屏東縣麟洛鄉,男,申請人抽籤決定_從父姓,0
11507,10013070,屏東縣麟洛鄉,男,申請人抽籤決定_從母姓,0
11507,10013070,屏東縣麟洛鄉,男,申請人抽籤決定_傳統姓名,0
11507,10013070,屏東縣麟洛鄉,男,戶政事務所抽籤決定_從父姓,0
11507,10013070,屏東縣麟洛鄉,男,戶政事務所抽籤決定_從母姓,0
11507,10013070,屏東縣麟洛鄉,男,戶政事務所抽籤決定_傳統姓名,0
11507,10013070,屏東縣麟洛鄉,男,監護人決定依監護人之姓,0
11507,10013070,屏東縣麟洛鄉,女,雙方約定_從父姓,1
11507,10013070,屏東縣麟洛鄉,女,雙方約定_從母姓,0
11507,10013070,屏東縣麟洛鄉,女,雙方約定_傳統姓名,0
11507,10013070,屏東縣麟洛鄉,女,一方約定_從父姓,0
11507,10013070,屏東縣麟洛鄉,女,一方約定_從母姓,0
11507,10013070,屏東縣麟洛鄉,女,一方約定_傳統姓名,0
11507,10013070,屏東縣麟洛鄉,女,申請人抽籤決定_從父姓,0
11507,10013070,屏東縣麟洛鄉,女,申請人抽籤決定_從母姓,0
11507,10013070,屏東縣麟洛鄉,女,申請人抽籤決定_傳統姓名,0
11507,10013070,屏東縣麟洛鄉,女,戶政事務所抽籤決定_從父姓,0
11507,10013070,屏東縣麟洛鄉,女,戶政事務所抽籤決定_從母姓,0
11507,10013070,屏東縣麟洛鄉,女,戶政事務所抽籤決定_傳統姓名,0
11507,10013070,屏東縣麟洛鄉,女,監護人決定依監護人之姓,0
11507,10013080,屏東縣九如鄉,男,雙方約定_從父姓,1
11507,10013080,屏東縣九如鄉,男,雙方約定_從母姓,0
11507,10013080,屏東縣九如鄉,男,雙方約定_傳統姓名,0
11507,10013080,屏東縣九如鄉,男,一方約定_從父姓,0
11507,10013080,屏東縣九如鄉,男,一方約定_從母姓,0
11507,10013080,屏東縣九如鄉,男,一方約定_傳統姓名,0
11507,10013080,屏東縣九如鄉,男,申請人抽籤決定_從父姓,0
11507,10013080,屏東縣九如鄉,男,申請人抽籤決定_從母姓,0
11507,10013080,屏東縣九如鄉,男,申請人抽籤決定_傳統姓名,0
11507,10013080,屏東縣九如鄉,男,戶政事務所抽籤決定_從父姓,0
11507,10013080,屏東縣九如鄉,男,戶政事務所抽籤決定_從母姓,0
11507,10013080,屏東縣九如鄉,男,戶政事務所抽籤決定_傳統姓名,0
11507,10013080,屏東縣九如鄉,男,監護人決定依監護人之姓,0
11507,10013080,屏東縣九如鄉,女,雙方約定_從父姓,5
11507,10013080,屏東縣九如鄉,女,雙方約定_從母姓,0
11507,10013080,屏東縣九如鄉,女,雙方約定_傳統姓名,0
11507,10013080,屏東縣九如鄉,女,一方約定_從父姓,0
11507,10013080,屏東縣九如鄉,女,一方約定_從母姓,0
11507,10013080,屏東縣九如鄉,女,一方約定_傳統姓名,0
11507,10013080,屏東縣九如鄉,女,申請人抽籤決定_從父姓,0
11507,10013080,屏東縣九如鄉,女,申請人抽籤決定_從母姓,0
11507,10013080,屏東縣九如鄉,女,申請人抽籤決定_傳統姓名,0
11507,10013080,屏東縣九如鄉,女,戶政事務所抽籤決定_從父姓,0
11507,10013080,屏東縣九如鄉,女,戶政事務所抽籤決定_從母姓,0
11507,10013080,屏東縣九如鄉,女,戶政事務所抽籤決定_傳統姓名,0
11507,10013080,屏東縣九如鄉,女,監護人決定依監護人之姓,0
11507,10013090,屏東縣里港鄉,男,雙方約定_從父姓,5
11507,10013090,屏東縣里港鄉,男,雙方約定_從母姓,0
11507,10013090,屏東縣里港鄉,男,雙方約定_傳統姓名,0
11507,10013090,屏東縣里港鄉,男,一方約定_從父姓,0
11507,10013090,屏東縣里港鄉,男,一方約定_從母姓,0
11507,10013090,屏東縣里港鄉,男,一方約定_傳統姓名,0
11507,10013090,屏東縣里港鄉,男,申請人抽籤決定_從父姓,0
11507,10013090,屏東縣里港鄉,男,申請人抽籤決定_從母姓,0
11507,10013090,屏東縣里港鄉,男,申請人抽籤決定_傳統姓名,0
11507,10013090,屏東縣里港鄉,男,戶政事務所抽籤決定_從父姓,0
11507,10013090,屏東縣里港鄉,男,戶政事務所抽籤決定_從母姓,0
11507,10013090,屏東縣里港鄉,男,戶政事務所抽籤決定_傳統姓名,0
11507,10013090,屏東縣里港鄉,男,監護人決定依監護人之姓,0
11507,10013090,屏東縣里港鄉,女,雙方約定_從父姓,4
11507,10013090,屏東縣里港鄉,女,雙方約定_從母姓,0
11507,10013090,屏東縣里港鄉,女,雙方約定_傳統姓名,0
11507,10013090,屏東縣里港鄉,女,一方約定_從父姓,0
11507,10013090,屏東縣里港鄉,女,一方約定_從母姓,0
11507,10013090,屏東縣里港鄉,女,一方約定_傳統姓名,0
11507,10013090,屏東縣里港鄉,女,申請人抽籤決定_從父姓,0
11507,10013090,屏東縣里港鄉,女,申請人抽籤決定_從母姓,0
11507,10013090,屏東縣里港鄉,女,申請人抽籤決定_傳統姓名,0
11507,10013090,屏東縣里港鄉,女,戶政事務所抽籤決定_從父姓,0
11507,10013090,屏東縣里港鄉,女,戶政事務所抽籤決定_從母姓,0
11507,10013090,屏東縣里港鄉,女,戶政事務所抽籤決定_傳統姓名,0
11507,10013090,屏東縣里港鄉,女,監護人決定依監護人之姓,0
11507,10013100,屏東縣鹽埔鄉,男,雙方約定_從父姓,4
11507,10013100,屏東縣鹽埔鄉,男,雙方約定_從母姓,0
11507,10013100,屏東縣鹽埔鄉,男,雙方約定_傳統姓名,0
11507,10013100,屏東縣鹽埔鄉,男,一方約定_從父姓,0
11507,10013100,屏東縣鹽埔鄉,男,一方約定_從母姓,0
11507,10013100,屏東縣鹽埔鄉,男,一方約定_傳統姓名,0
11507,10013100,屏東縣鹽埔鄉,男,申請人抽籤決定_從父姓,0
11507,10013100,屏東縣鹽埔鄉,男,申請人抽籤決定_從母姓,0
11507,10013100,屏東縣鹽埔鄉,男,申請人抽籤決定_傳統姓名,0
11507,10013100,屏東縣鹽埔鄉,男,戶政事務所抽籤決定_從父姓,0
11507,10013100,屏東縣鹽埔鄉,男,戶政事務所抽籤決定_從母姓,0
11507,10013100,屏東縣鹽埔鄉,男,戶政事務所抽籤決定_傳統姓名,0
11507,10013100,屏東縣鹽埔鄉,男,監護人決定依監護人之姓,0
11507,10013100,屏東縣鹽埔鄉,女,雙方約定_從父姓,1
11507,10013100,屏東縣鹽埔鄉,女,雙方約定_從母姓,0
11507,10013100,屏東縣鹽埔鄉,女,雙方約定_傳統姓名,0
11507,10013100,屏東縣鹽埔鄉,女,一方約定_從父姓,0
11507,10013100,屏東縣鹽埔鄉,女,一方約定_從母姓,0
11507,10013100,屏東縣鹽埔鄉,女,一方約定_傳統姓名,0
11507,10013100,屏東縣鹽埔鄉,女,申請人抽籤決定_從父姓,0
11507,10013100,屏東縣鹽埔鄉,女,申請人抽籤決定_從母姓,0
11507,10013100,屏東縣鹽埔鄉,女,申請人抽籤決定_傳統姓名,0
11507,10013100,屏東縣鹽埔鄉,女,戶政事務所抽籤決定_從父姓,0
11507,10013100,屏東縣鹽埔鄉,女,戶政事務所抽籤決定_從母姓,0
11507,10013100,屏東縣鹽埔鄉,女,戶政事務所抽籤決定_傳統姓名,0
11507,10013100,屏東縣鹽埔鄉,女,監護人決定依監護人之姓,0
11507,10013110,屏東縣高樹鄉,男,雙方約定_從父姓,6
11507,10013110,屏東縣高樹鄉,男,雙方約定_從母姓,0
11507,10013110,屏東縣高樹鄉,男,雙方約定_傳統姓名,0
11507,10013110,屏東縣高樹鄉,男,一方約定_從父姓,0
11507,10013110,屏東縣高樹鄉,男,一方約定_從母姓,0
11507,10013110,屏東縣高樹鄉,男,一方約定_傳統姓名,0
11507,10013110,屏東縣高樹鄉,男,申請人抽籤決定_從父姓,0
11507,10013110,屏東縣高樹鄉,男,申請人抽籤決定_從母姓,0
11507,10013110,屏東縣高樹鄉,男,申請人抽籤決定_傳統姓名,0
11507,10013110,屏東縣高樹鄉,男,戶政事務所抽籤決定_從父姓,0
11507,10013110,屏東縣高樹鄉,男,戶政事務所抽籤決定_從母姓,0
11507,10013110,屏東縣高樹鄉,男,戶政事務所抽籤決定_傳統姓名,0
11507,10013110,屏東縣高樹鄉,男,監護人決定依監護人之姓,0
11507,10013110,屏東縣高樹鄉,女,雙方約定_從父姓,6
11507,10013110,屏東縣高樹鄉,女,雙方約定_從母姓,0
11507,10013110,屏東縣高樹鄉,女,雙方約定_傳統姓名,0
11507,10013110,屏東縣高樹鄉,女,一方約定_從父姓,0
11507,10013110,屏東縣高樹鄉,女,一方約定_從母姓,0
11507,10013110,屏東縣高樹鄉,女,一方約定_傳統姓名,0
11507,10013110,屏東縣高樹鄉,女,申請人抽籤決定_從父姓,0
11507,10013110,屏東縣高樹鄉,女,申請人抽籤決定_從母姓,0
11507,10013110,屏東縣高樹鄉,女,申請人抽籤決定_傳統姓名,0
11507,10013110,屏東縣高樹鄉,女,戶政事務所抽籤決定_從父姓,0
11507,10013110,屏東縣高樹鄉,女,戶政事務所抽籤決定_從母姓,0
11507,10013110,屏東縣高樹鄉,女,戶政事務所抽籤決定_傳統姓名,0
11507,10013110,屏東縣高樹鄉,女,監護人決定依監護人之姓,0
11507,10013120,屏東縣萬巒鄉,男,雙方約定_從父姓,2
11507,10013120,屏東縣萬巒鄉,男,雙方約定_從母姓,0
11507,10013120,屏東縣萬巒鄉,男,雙方約定_傳統姓名,0
11507,10013120,屏東縣萬巒鄉,男,一方約定_從父姓,0
11507,10013120,屏東縣萬巒鄉,男,一方約定_從母姓,0
11507,10013120,屏東縣萬巒鄉,男,一方約定_傳統姓名,0
11507,10013120,屏東縣萬巒鄉,男,申請人抽籤決定_從父姓,0
11507,10013120,屏東縣萬巒鄉,男,申請人抽籤決定_從母姓,0
11507,10013120,屏東縣萬巒鄉,男,申請人抽籤決定_傳統姓名,0
11507,10013120,屏東縣萬巒鄉,男,戶政事務所抽籤決定_從父姓,0
11507,10013120,屏東縣萬巒鄉,男,戶政事務所抽籤決定_從母姓,0
11507,10013120,屏東縣萬巒鄉,男,戶政事務所抽籤決定_傳統姓名,0
11507,10013120,屏東縣萬巒鄉,男,監護人決定依監護人之姓,0
11507,10013120,屏東縣萬巒鄉,女,雙方約定_從父姓,3
11507,10013120,屏東縣萬巒鄉,女,雙方約定_從母姓,0
11507,10013120,屏東縣萬巒鄉,女,雙方約定_傳統姓名,0
11507,10013120,屏東縣萬巒鄉,女,一方約定_從父姓,0
11507,10013120,屏東縣萬巒鄉,女,一方約定_從母姓,0
11507,10013120,屏東縣萬巒鄉,女,一方約定_傳統姓名,0
11507,10013120,屏東縣萬巒鄉,女,申請人抽籤決定_從父姓,0
11507,10013120,屏東縣萬巒鄉,女,申請人抽籤決定_從母姓,0
11507,10013120,屏東縣萬巒鄉,女,申請人抽籤決定_傳統姓名,0
11507,10013120,屏東縣萬巒鄉,女,戶政事務所抽籤決定_從父姓,0
11507,10013120,屏東縣萬巒鄉,女,戶政事務所抽籤決定_從母姓,0
11507,10013120,屏東縣萬巒鄉,女,戶政事務所抽籤決定_傳統姓名,0
11507,10013120,屏東縣萬巒鄉,女,監護人決定依監護人之姓,0
11507,10013130,屏東縣內埔鄉,男,雙方約定_從父姓,16
11507,10013130,屏東縣內埔鄉,男,雙方約定_從母姓,1
11507,10013130,屏東縣內埔鄉,男,雙方約定_傳統姓名,0
11507,10013130,屏東縣內埔鄉,男,一方約定_從父姓,0
11507,10013130,屏東縣內埔鄉,男,一方約定_從母姓,0
11507,10013130,屏東縣內埔鄉,男,一方約定_傳統姓名,0
11507,10013130,屏東縣內埔鄉,男,申請人抽籤決定_從父姓,0
11507,10013130,屏東縣內埔鄉,男,申請人抽籤決定_從母姓,0
11507,10013130,屏東縣內埔鄉,男,申請人抽籤決定_傳統姓名,0
11507,10013130,屏東縣內埔鄉,男,戶政事務所抽籤決定_從父姓,0
11507,10013130,屏東縣內埔鄉,男,戶政事務所抽籤決定_從母姓,0
11507,10013130,屏東縣內埔鄉,男,戶政事務所抽籤決定_傳統姓名,0
11507,10013130,屏東縣內埔鄉,男,監護人決定依監護人之姓,0
11507,10013130,屏東縣內埔鄉,女,雙方約定_從父姓,12
11507,10013130,屏東縣內埔鄉,女,雙方約定_從母姓,0
11507,10013130,屏東縣內埔鄉,女,雙方約定_傳統姓名,0
11507,10013130,屏東縣內埔鄉,女,一方約定_從父姓,0
11507,10013130,屏東縣內埔鄉,女,一方約定_從母姓,1
11507,10013130,屏東縣內埔鄉,女,一方約定_傳統姓名,0
11507,10013130,屏東縣內埔鄉,女,申請人抽籤決定_從父姓,0
11507,10013130,屏東縣內埔鄉,女,申請人抽籤決定_從母姓,0
11507,10013130,屏東縣內埔鄉,女,申請人抽籤決定_傳統姓名,0
11507,10013130,屏東縣內埔鄉,女,戶政事務所抽籤決定_從父姓,0
11507,10013130,屏東縣內埔鄉,女,戶政事務所抽籤決定_從母姓,0
11507,10013130,屏東縣內埔鄉,女,戶政事務所抽籤決定_傳統姓名,0
11507,10013130,屏東縣內埔鄉,女,監護人決定依監護人之姓,0
11507,10013140,屏東縣竹田鄉,男,雙方約定_從父姓,2
11507,10013140,屏東縣竹田鄉,男,雙方約定_從母姓,0
11507,10013140,屏東縣竹田鄉,男,雙方約定_傳統姓名,0
11507,10013140,屏東縣竹田鄉,男,一方約定_從父姓,0
11507,10013140,屏東縣竹田鄉,男,一方約定_從母姓,0
11507,10013140,屏東縣竹田鄉,男,一方約定_傳統姓名,0
11507,10013140,屏東縣竹田鄉,男,申請人抽籤決定_從父姓,0
11507,10013140,屏東縣竹田鄉,男,申請人抽籤決定_從母姓,0
11507,10013140,屏東縣竹田鄉,男,申請人抽籤決定_傳統姓名,0
11507,10013140,屏東縣竹田鄉,男,戶政事務所抽籤決定_從父姓,0
11507,10013140,屏東縣竹田鄉,男,戶政事務所抽籤決定_從母姓,0
11507,10013140,屏東縣竹田鄉,男,戶政事務所抽籤決定_傳統姓名,0
11507,10013140,屏東縣竹田鄉,男,監護人決定依監護人之姓,0
11507,10013140,屏東縣竹田鄉,女,雙方約定_從父姓,1
11507,10013140,屏東縣竹田鄉,女,雙方約定_從母姓,0
11507,10013140,屏東縣竹田鄉,女,雙方約定_傳統姓名,0
11507,10013140,屏東縣竹田鄉,女,一方約定_從父姓,0
11507,10013140,屏東縣竹田鄉,女,一方約定_從母姓,0
11507,10013140,屏東縣竹田鄉,女,一方約定_傳統姓名,0
11507,10013140,屏東縣竹田鄉,女,申請人抽籤決定_從父姓,0
11507,10013140,屏東縣竹田鄉,女,申請人抽籤決定_從母姓,0
11507,10013140,屏東縣竹田鄉,女,申請人抽籤決定_傳統姓名,0
11507,10013140,屏東縣竹田鄉,女,戶政事務所抽籤決定_從父姓,0
11507,10013140,屏東縣竹田鄉,女,戶政事務所抽籤決定_從母姓,0
11507,10013140,屏東縣竹田鄉,女,戶政事務所抽籤決定_傳統姓名,0
11507,10013140,屏東縣竹田鄉,女,監護人決定依監護人之姓,0
11507,10013150,屏東縣新埤鄉,男,雙方約定_從父姓,0
11507,10013150,屏東縣新埤鄉,男,雙方約定_從母姓,1
11507,10013150,屏東縣新埤鄉,男,雙方約定_傳統姓名,0
11507,10013150,屏東縣新埤鄉,男,一方約定_從父姓,0
11507,10013150,屏東縣新埤鄉,男,一方約定_從母姓,0
11507,10013150,屏東縣新埤鄉,男,一方約定_傳統姓名,0
11507,10013150,屏東縣新埤鄉,男,申請人抽籤決定_從父姓,0
11507,10013150,屏東縣新埤鄉,男,申請人抽籤決定_從母姓,0
11507,10013150,屏東縣新埤鄉,男,申請人抽籤決定_傳統姓名,0
11507,10013150,屏東縣新埤鄉,男,戶政事務所抽籤決定_從父姓,0
11507,10013150,屏東縣新埤鄉,男,戶政事務所抽籤決定_從母姓,0
11507,10013150,屏東縣新埤鄉,男,戶政事務所抽籤決定_傳統姓名,0
11507,10013150,屏東縣新埤鄉,男,監護人決定依監護人之姓,0
11507,10013150,屏東縣新埤鄉,女,雙方約定_從父姓,1
11507,10013150,屏東縣新埤鄉,女,雙方約定_從母姓,0
11507,10013150,屏東縣新埤鄉,女,雙方約定_傳統姓名,0
11507,10013150,屏東縣新埤鄉,女,一方約定_從父姓,0
11507,10013150,屏東縣新埤鄉,女,一方約定_從母姓,0
11507,10013150,屏東縣新埤鄉,女,一方約定_傳統姓名,0
11507,10013150,屏東縣新埤鄉,女,申請人抽籤決定_從父姓,0
11507,10013150,屏東縣新埤鄉,女,申請人抽籤決定_從母姓,0
11507,10013150,屏東縣新埤鄉,女,申請人抽籤決定_傳統姓名,0
11507,10013150,屏東縣新埤鄉,女,戶政事務所抽籤決定_從父姓,0
11507,10013150,屏東縣新埤鄉,女,戶政事務所抽籤決定_從母姓,0
11507,10013150,屏東縣新埤鄉,女,戶政事務所抽籤決定_傳統姓名,0
11507,10013150,屏東縣新埤鄉,女,監護人決定依監護人之姓,0
11507,10013160,屏東縣枋寮鄉,男,雙方約定_從父姓,5
11507,10013160,屏東縣枋寮鄉,男,雙方約定_從母姓,1
11507,10013160,屏東縣枋寮鄉,男,雙方約定_傳統姓名,0
11507,10013160,屏東縣枋寮鄉,男,一方約定_從父姓,0
11507,10013160,屏東縣枋寮鄉,男,一方約定_從母姓,0
11507,10013160,屏東縣枋寮鄉,男,一方約定_傳統姓名,0
11507,10013160,屏東縣枋寮鄉,男,申請人抽籤決定_從父姓,0
11507,10013160,屏東縣枋寮鄉,男,申請人抽籤決定_從母姓,0
11507,10013160,屏東縣枋寮鄉,男,申請人抽籤決定_傳統姓名,0
11507,10013160,屏東縣枋寮鄉,男,戶政事務所抽籤決定_從父姓,0
11507,10013160,屏東縣枋寮鄉,男,戶政事務所抽籤決定_從母姓,0
11507,10013160,屏東縣枋寮鄉,男,戶政事務所抽籤決定_傳統姓名,0
11507,10013160,屏東縣枋寮鄉,男,監護人決定依監護人之姓,0
11507,10013160,屏東縣枋寮鄉,女,雙方約定_從父姓,6
11507,10013160,屏東縣枋寮鄉,女,雙方約定_從母姓,0
11507,10013160,屏東縣枋寮鄉,女,雙方約定_傳統姓名,0
11507,10013160,屏東縣枋寮鄉,女,一方約定_從父姓,0
11507,10013160,屏東縣枋寮鄉,女,一方約定_從母姓,0
11507,10013160,屏東縣枋寮鄉,女,一方約定_傳統姓名,0
11507,10013160,屏東縣枋寮鄉,女,申請人抽籤決定_從父姓,0
11507,10013160,屏東縣枋寮鄉,女,申請人抽籤決定_從母姓,0
11507,10013160,屏東縣枋寮鄉,女,申請人抽籤決定_傳統姓名,0
11507,10013160,屏東縣枋寮鄉,女,戶政事務所抽籤決定_從父姓,0
11507,10013160,屏東縣枋寮鄉,女,戶政事務所抽籤決定_從母姓,0
11507,10013160,屏東縣枋寮鄉,女,戶政事務所抽籤決定_傳統姓名,0
11507,10013160,屏東縣枋寮鄉,女,監護人決定依監護人之姓,0
11507,10013170,屏東縣新園鄉,男,雙方約定_從父姓,2
11507,10013170,屏東縣新園鄉,男,雙方約定_從母姓,0
11507,10013170,屏東縣新園鄉,男,雙方約定_傳統姓名,0
11507,10013170,屏東縣新園鄉,男,一方約定_從父姓,0
11507,10013170,屏東縣新園鄉,男,一方約定_從母姓,1
11507,10013170,屏東縣新園鄉,男,一方約定_傳統姓名,0
11507,10013170,屏東縣新園鄉,男,申請人抽籤決定_從父姓,0
11507,10013170,屏東縣新園鄉,男,申請人抽籤決定_從母姓,0
11507,10013170,屏東縣新園鄉,男,申請人抽籤決定_傳統姓名,0
11507,10013170,屏東縣新園鄉,男,戶政事務所抽籤決定_從父姓,0
11507,10013170,屏東縣新園鄉,男,戶政事務所抽籤決定_從母姓,0
11507,10013170,屏東縣新園鄉,男,戶政事務所抽籤決定_傳統姓名,0
11507,10013170,屏東縣新園鄉,男,監護人決定依監護人之姓,0
11507,10013170,屏東縣新園鄉,女,雙方約定_從父姓,6
11507,10013170,屏東縣新園鄉,女,雙方約定_從母姓,0
11507,10013170,屏東縣新園鄉,女,雙方約定_傳統姓名,0
11507,10013170,屏東縣新園鄉,女,一方約定_從父姓,0
11507,10013170,屏東縣新園鄉,女,一方約定_從母姓,0
11507,10013170,屏東縣新園鄉,女,一方約定_傳統姓名,0
11507,10013170,屏東縣新園鄉,女,申請人抽籤決定_從父姓,0
11507,10013170,屏東縣新園鄉,女,申請人抽籤決定_從母姓,0
11507,10013170,屏東縣新園鄉,女,申請人抽籤決定_傳統姓名,0
11507,10013170,屏東縣新園鄉,女,戶政事務所抽籤決定_從父姓,0
11507,10013170,屏東縣新園鄉,女,戶政事務所抽籤決定_從母姓,0
11507,10013170,屏東縣新園鄉,女,戶政事務所抽籤決定_傳統姓名,0
11507,10013170,屏東縣新園鄉,女,監護人決定依監護人之姓,0
11507,10013180,屏東縣崁頂鄉,男,雙方約定_從父姓,1
11507,10013180,屏東縣崁頂鄉,男,雙方約定_從母姓,0
11507,10013180,屏東縣崁頂鄉,男,雙方約定_傳統姓名,0
11507,10013180,屏東縣崁頂鄉,男,一方約定_從父姓,0
11507,10013180,屏東縣崁頂鄉,男,一方約定_從母姓,0
11507,10013180,屏東縣崁頂鄉,男,一方約定_傳統姓名,0
11507,10013180,屏東縣崁頂鄉,男,申請人抽籤決定_從父姓,0
11507,10013180,屏東縣崁頂鄉,男,申請人抽籤決定_從母姓,0
11507,10013180,屏東縣崁頂鄉,男,申請人抽籤決定_傳統姓名,0
11507,10013180,屏東縣崁頂鄉,男,戶政事務所抽籤決定_從父姓,0
11507,10013180,屏東縣崁頂鄉,男,戶政事務所抽籤決定_從母姓,0
11507,10013180,屏東縣崁頂鄉,男,戶政事務所抽籤決定_傳統姓名,0
11507,10013180,屏東縣崁頂鄉,男,監護人決定依監護人之姓,0
11507,10013180,屏東縣崁頂鄉,女,雙方約定_從父姓,2
11507,10013180,屏東縣崁頂鄉,女,雙方約定_從母姓,0
11507,10013180,屏東縣崁頂鄉,女,雙方約定_傳統姓名,0
11507,10013180,屏東縣崁頂鄉,女,一方約定_從父姓,0
11507,10013180,屏東縣崁頂鄉,女,一方約定_從母姓,0
11507,10013180,屏東縣崁頂鄉,女,一方約定_傳統姓名,0
11507,10013180,屏東縣崁頂鄉,女,申請人抽籤決定_從父姓,0
11507,10013180,屏東縣崁頂鄉,女,申請人抽籤決定_從母姓,0
11507,10013180,屏東縣崁頂鄉,女,申請人抽籤決定_傳統姓名,0
11507,10013180,屏東縣崁頂鄉,女,戶政事務所抽籤決定_從父姓,0
11507,10013180,屏東縣崁頂鄉,女,戶政事務所抽籤決定_從母姓,0
11507,10013180,屏東縣崁頂鄉,女,戶政事務所抽籤決定_傳統姓名,0
11507,10013180,屏東縣崁頂鄉,女,監護人決定依監護人之姓,0
11507,10013190,屏東縣林邊鄉,男,雙方約定_從父姓,3
11507,10013190,屏東縣林邊鄉,男,雙方約定_從母姓,1
11507,10013190,屏東縣林邊鄉,男,雙方約定_傳統姓名,0
11507,10013190,屏東縣林邊鄉,男,一方約定_從父姓,0
11507,10013190,屏東縣林邊鄉,男,一方約定_從母姓,0
11507,10013190,屏東縣林邊鄉,男,一方約定_傳統姓名,0
11507,10013190,屏東縣林邊鄉,男,申請人抽籤決定_從父姓,0
11507,10013190,屏東縣林邊鄉,男,申請人抽籤決定_從母姓,0
11507,10013190,屏東縣林邊鄉,男,申請人抽籤決定_傳統姓名,0
11507,10013190,屏東縣林邊鄉,男,戶政事務所抽籤決定_從父姓,0
11507,10013190,屏東縣林邊鄉,男,戶政事務所抽籤決定_從母姓,0
11507,10013190,屏東縣林邊鄉,男,戶政事務所抽籤決定_傳統姓名,0
11507,10013190,屏東縣林邊鄉,男,監護人決定依監護人之姓,0
11507,10013190,屏東縣林邊鄉,女,雙方約定_從父姓,2
11507,10013190,屏東縣林邊鄉,女,雙方約定_從母姓,0
11507,10013190,屏東縣林邊鄉,女,雙方約定_傳統姓名,0
11507,10013190,屏東縣林邊鄉,女,一方約定_從父姓,0
11507,10013190,屏東縣林邊鄉,女,一方約定_從母姓,0
11507,10013190,屏東縣林邊鄉,女,一方約定_傳統姓名,0
11507,10013190,屏東縣林邊鄉,女,申請人抽籤決定_從父姓,0
11507,10013190,屏東縣林邊鄉,女,申請人抽籤決定_從母姓,0
11507,10013190,屏東縣林邊鄉,女,申請人抽籤決定_傳統姓名,0
11507,10013190,屏東縣林邊鄉,女,戶政事務所抽籤決定_從父姓,0
11507,10013190,屏東縣林邊鄉,女,戶政事務所抽籤決定_從母姓,0
11507,10013190,屏東縣林邊鄉,女,戶政事務所抽籤決定_傳統姓名,0
11507,10013190,屏東縣林邊鄉,女,監護人決定依監護人之姓,0
11507,10013200,屏東縣南州鄉,男,雙方約定_從父姓,2
11507,10013200,屏東縣南州鄉,男,雙方約定_從母姓,0
11507,10013200,屏東縣南州鄉,男,雙方約定_傳統姓名,0
11507,10013200,屏東縣南州鄉,男,一方約定_從父姓,0
11507,10013200,屏東縣南州鄉,男,一方約定_從母姓,0
11507,10013200,屏東縣南州鄉,男,一方約定_傳統姓名,0
11507,10013200,屏東縣南州鄉,男,申請人抽籤決定_從父姓,0
11507,10013200,屏東縣南州鄉,男,申請人抽籤決定_從母姓,0
11507,10013200,屏東縣南州鄉,男,申請人抽籤決定_傳統姓名,0
11507,10013200,屏東縣南州鄉,男,戶政事務所抽籤決定_從父姓,0
11507,10013200,屏東縣南州鄉,男,戶政事務所抽籤決定_從母姓,0
11507,10013200,屏東縣南州鄉,男,戶政事務所抽籤決定_傳統姓名,0
11507,10013200,屏東縣南州鄉,男,監護人決定依監護人之姓,0
11507,10013200,屏東縣南州鄉,女,雙方約定_從父姓,1
11507,10013200,屏東縣南州鄉,女,雙方約定_從母姓,0
11507,10013200,屏東縣南州鄉,女,雙方約定_傳統姓名,0
11507,10013200,屏東縣南州鄉,女,一方約定_從父姓,0
11507,10013200,屏東縣南州鄉,女,一方約定_從母姓,0
11507,10013200,屏東縣南州鄉,女,一方約定_傳統姓名,0
11507,10013200,屏東縣南州鄉,女,申請人抽籤決定_從父姓,0
11507,10013200,屏東縣南州鄉,女,申請人抽籤決定_從母姓,0
11507,10013200,屏東縣南州鄉,女,申請人抽籤決定_傳統姓名,0
11507,10013200,屏東縣南州鄉,女,戶政事務所抽籤決定_從父姓,0
11507,10013200,屏東縣南州鄉,女,戶政事務所抽籤決定_從母姓,0
11507,10013200,屏東縣南州鄉,女,戶政事務所抽籤決定_傳統姓名,0
11507,10013200,屏東縣南州鄉,女,監護人決定依監護人之姓,0
11507,10013210,屏東縣佳冬鄉,男,雙方約定_從父姓,5
11507,10013210,屏東縣佳冬鄉,男,雙方約定_從母姓,0
11507,10013210,屏東縣佳冬鄉,男,雙方約定_傳統姓名,0
11507,10013210,屏東縣佳冬鄉,男,一方約定_從父姓,0
11507,10013210,屏東縣佳冬鄉,男,一方約定_從母姓,0
11507,10013210,屏東縣佳冬鄉,男,一方約定_傳統姓名,0
11507,10013210,屏東縣佳冬鄉,男,申請人抽籤決定_從父姓,0
11507,10013210,屏東縣佳冬鄉,男,申請人抽籤決定_從母姓,0
11507,10013210,屏東縣佳冬鄉,男,申請人抽籤決定_傳統姓名,0
11507,10013210,屏東縣佳冬鄉,男,戶政事務所抽籤決定_從父姓,0
11507,10013210,屏東縣佳冬鄉,男,戶政事務所抽籤決定_從母姓,0
11507,10013210,屏東縣佳冬鄉,男,戶政事務所抽籤決定_傳統姓名,0
11507,10013210,屏東縣佳冬鄉,男,監護人決定依監護人之姓,0
11507,10013210,屏東縣佳冬鄉,女,雙方約定_從父姓,3
11507,10013210,屏東縣佳冬鄉,女,雙方約定_從母姓,0
11507,10013210,屏東縣佳冬鄉,女,雙方約定_傳統姓名,0
11507,10013210,屏東縣佳冬鄉,女,一方約定_從父姓,0
11507,10013210,屏東縣佳冬鄉,女,一方約定_從母姓,0
11507,10013210,屏東縣佳冬鄉,女,一方約定_傳統姓名,0
11507,10013210,屏東縣佳冬鄉,女,申請人抽籤決定_從父姓,0
11507,10013210,屏東縣佳冬鄉,女,申請人抽籤決定_從母姓,0
11507,10013210,屏東縣佳冬鄉,女,申請人抽籤決定_傳統姓名,0
11507,10013210,屏東縣佳冬鄉,女,戶政事務所抽籤決定_從父姓,0
11507,10013210,屏東縣佳冬鄉,女,戶政事務所抽籤決定_從母姓,0
11507,10013210,屏東縣佳冬鄉,女,戶政事務所抽籤決定_傳統姓名,0
11507,10013210,屏東縣佳冬鄉,女,監護人決定依監護人之姓,0
11507,10013220,屏東縣琉球鄉,男,雙方約定_從父姓,4
11507,10013220,屏東縣琉球鄉,男,雙方約定_從母姓,0
11507,10013220,屏東縣琉球鄉,男,雙方約定_傳統姓名,0
11507,10013220,屏東縣琉球鄉,男,一方約定_從父姓,0
11507,10013220,屏東縣琉球鄉,男,一方約定_從母姓,0
11507,10013220,屏東縣琉球鄉,男,一方約定_傳統姓名,0
11507,10013220,屏東縣琉球鄉,男,申請人抽籤決定_從父姓,0
11507,10013220,屏東縣琉球鄉,男,申請人抽籤決定_從母姓,0
11507,10013220,屏東縣琉球鄉,男,申請人抽籤決定_傳統姓名,0
11507,10013220,屏東縣琉球鄉,男,戶政事務所抽籤決定_從父姓,0
11507,10013220,屏東縣琉球鄉,男,戶政事務所抽籤決定_從母姓,0
11507,10013220,屏東縣琉球鄉,男,戶政事務所抽籤決定_傳統姓名,0
11507,10013220,屏東縣琉球鄉,男,監護人決定依監護人之姓,0
11507,10013220,屏東縣琉球鄉,女,雙方約定_從父姓,2
11507,10013220,屏東縣琉球鄉,女,雙方約定_從母姓,0
11507,10013220,屏東縣琉球鄉,女,雙方約定_傳統姓名,0
11507,10013220,屏東縣琉球鄉,女,一方約定_從父姓,0
11507,10013220,屏東縣琉球鄉,女,一方約定_從母姓,0
11507,10013220,屏東縣琉球鄉,女,一方約定_傳統姓名,0
11507,10013220,屏東縣琉球鄉,女,申請人抽籤決定_從父姓,0
11507,10013220,屏東縣琉球鄉,女,申請人抽籤決定_從母姓,0
11507,10013220,屏東縣琉球鄉,女,申請人抽籤決定_傳統姓名,0
11507,10013220,屏東縣琉球鄉,女,戶政事務所抽籤決定_從父姓,0
11507,10013220,屏東縣琉球鄉,女,戶政事務所抽籤決定_從母姓,0
11507,10013220,屏東縣琉球鄉,女,戶政事務所抽籤決定_傳統姓名,0
11507,10013220,屏東縣琉球鄉,女,監護人決定依監護人之姓,0
11507,10013230,屏東縣車城鄉,男,雙方約定_從父姓,0
11507,10013230,屏東縣車城鄉,男,雙方約定_從母姓,1
11507,10013230,屏東縣車城鄉,男,雙方約定_傳統姓名,0
11507,10013230,屏東縣車城鄉,男,一方約定_從父姓,0
11507,10013230,屏東縣車城鄉,男,一方約定_從母姓,0
11507,10013230,屏東縣車城鄉,男,一方約定_傳統姓名,0
11507,10013230,屏東縣車城鄉,男,申請人抽籤決定_從父姓,0
11507,10013230,屏東縣車城鄉,男,申請人抽籤決定_從母姓,0
11507,10013230,屏東縣車城鄉,男,申請人抽籤決定_傳統姓名,0
11507,10013230,屏東縣車城鄉,男,戶政事務所抽籤決定_從父姓,0
11507,10013230,屏東縣車城鄉,男,戶政事務所抽籤決定_從母姓,0
11507,10013230,屏東縣車城鄉,男,戶政事務所抽籤決定_傳統姓名,0
11507,10013230,屏東縣車城鄉,男,監護人決定依監護人之姓,0
11507,10013230,屏東縣車城鄉,女,雙方約定_從父姓,2
11507,10013230,屏東縣車城鄉,女,雙方約定_從母姓,0
11507,10013230,屏東縣車城鄉,女,雙方約定_傳統姓名,0
11507,10013230,屏東縣車城鄉,女,一方約定_從父姓,0
11507,10013230,屏東縣車城鄉,女,一方約定_從母姓,1
11507,10013230,屏東縣車城鄉,女,一方約定_傳統姓名,0
11507,10013230,屏東縣車城鄉,女,申請人抽籤決定_從父姓,0
11507,10013230,屏東縣車城鄉,女,申請人抽籤決定_從母姓,0
11507,10013230,屏東縣車城鄉,女,申請人抽籤決定_傳統姓名,0
11507,10013230,屏東縣車城鄉,女,戶政事務所抽籤決定_從父姓,0
11507,10013230,屏東縣車城鄉,女,戶政事務所抽籤決定_從母姓,0
11507,10013230,屏東縣車城鄉,女,戶政事務所抽籤決定_傳統姓名,0
11507,10013230,屏東縣車城鄉,女,監護人決定依監護人之姓,0
11507,10013240,屏東縣滿州鄉,男,雙方約定_從父姓,1
11507,10013240,屏東縣滿州鄉,男,雙方約定_從母姓,0
11507,10013240,屏東縣滿州鄉,男,雙方約定_傳統姓名,0
11507,10013240,屏東縣滿州鄉,男,一方約定_從父姓,0
11507,10013240,屏東縣滿州鄉,男,一方約定_從母姓,0
11507,10013240,屏東縣滿州鄉,男,一方約定_傳統姓名,0
11507,10013240,屏東縣滿州鄉,男,申請人抽籤決定_從父姓,0
11507,10013240,屏東縣滿州鄉,男,申請人抽籤決定_從母姓,0
11507,10013240,屏東縣滿州鄉,男,申請人抽籤決定_傳統姓名,0
11507,10013240,屏東縣滿州鄉,男,戶政事務所抽籤決定_從父姓,0
11507,10013240,屏東縣滿州鄉,男,戶政事務所抽籤決定_從母姓,0
11507,10013240,屏東縣滿州鄉,男,戶政事務所抽籤決定_傳統姓名,0
11507,10013240,屏東縣滿州鄉,男,監護人決定依監護人之姓,0
11507,10013240,屏東縣滿州鄉,女,雙方約定_從父姓,1
11507,10013240,屏東縣滿州鄉,女,雙方約定_從母姓,0
11507,10013240,屏東縣滿州鄉,女,雙方約定_傳統姓名,0
11507,10013240,屏東縣滿州鄉,女,一方約定_從父姓,0
11507,10013240,屏東縣滿州鄉,女,一方約定_從母姓,0
11507,10013240,屏東縣滿州鄉,女,一方約定_傳統姓名,0
11507,10013240,屏東縣滿州鄉,女,申請人抽籤決定_從父姓,0
11507,10013240,屏東縣滿州鄉,女,申請人抽籤決定_從母姓,0
11507,10013240,屏東縣滿州鄉,女,申請人抽籤決定_傳統姓名,0
11507,10013240,屏東縣滿州鄉,女,戶政事務所抽籤決定_從父姓,0
11507,10013240,屏東縣滿州鄉,女,戶政事務所抽籤決定_從母姓,0
11507,10013240,屏東縣滿州鄉,女,戶政事務所抽籤決定_傳統姓名,0
11507,10013240,屏東縣滿州鄉,女,監護人決定依監護人之姓,0
11507,10013250,屏東縣枋山鄉,男,雙方約定_從父姓,1
11507,10013250,屏東縣枋山鄉,男,雙方約定_從母姓,0
11507,10013250,屏東縣枋山鄉,男,雙方約定_傳統姓名,0
11507,10013250,屏東縣枋山鄉,男,一方約定_從父姓,0
11507,10013250,屏東縣枋山鄉,男,一方約定_從母姓,0
11507,10013250,屏東縣枋山鄉,男,一方約定_傳統姓名,0
11507,10013250,屏東縣枋山鄉,男,申請人抽籤決定_從父姓,0
11507,10013250,屏東縣枋山鄉,男,申請人抽籤決定_從母姓,0
11507,10013250,屏東縣枋山鄉,男,申請人抽籤決定_傳統姓名,0
11507,10013250,屏東縣枋山鄉,男,戶政事務所抽籤決定_從父姓,0
11507,10013250,屏東縣枋山鄉,男,戶政事務所抽籤決定_從母姓,0
11507,10013250,屏東縣枋山鄉,男,戶政事務所抽籤決定_傳統姓名,0
11507,10013250,屏東縣枋山鄉,男,監護人決定依監護人之姓,0
11507,10013250,屏東縣枋山鄉,女,雙方約定_從父姓,1
11507,10013250,屏東縣枋山鄉,女,雙方約定_從母姓,0
11507,10013250,屏東縣枋山鄉,女,雙方約定_傳統姓名,0
11507,10013250,屏東縣枋山鄉,女,一方約定_從父姓,0
11507,10013250,屏東縣枋山鄉,女,一方約定_從母姓,0
11507,10013250,屏東縣枋山鄉,女,一方約定_傳統姓名,0
11507,10013250,屏東縣枋山鄉,女,申請人抽籤決定_從父姓,0
11507,10013250,屏東縣枋山鄉,女,申請人抽籤決定_從母姓,0
11507,10013250,屏東縣枋山鄉,女,申請人抽籤決定_傳統姓名,0
11507,10013250,屏東縣枋山鄉,女,戶政事務所抽籤決定_從父姓,0
11507,10013250,屏東縣枋山鄉,女,戶政事務所抽籤決定_從母姓,0
11507,10013250,屏東縣枋山鄉,女,戶政事務所抽籤決定_傳統姓名,0
11507,10013250,屏東縣枋山鄉,女,監護人決定依監護人之姓,0
11507,10013260,屏東縣三地門鄉,男,雙方約定_從父姓,3
11507,10013260,屏東縣三地門鄉,男,雙方約定_從母姓,1
11507,10013260,屏東縣三地門鄉,男,雙方約定_傳統姓名,0
11507,10013260,屏東縣三地門鄉,男,一方約定_從父姓,0
11507,10013260,屏東縣三地門鄉,男,一方約定_從母姓,0
11507,10013260,屏東縣三地門鄉,男,一方約定_傳統姓名,0
11507,10013260,屏東縣三地門鄉,男,申請人抽籤決定_從父姓,0
11507,10013260,屏東縣三地門鄉,男,申請人抽籤決定_從母姓,0
11507,10013260,屏東縣三地門鄉,男,申請人抽籤決定_傳統姓名,0
11507,10013260,屏東縣三地門鄉,男,戶政事務所抽籤決定_從父姓,0
11507,10013260,屏東縣三地門鄉,男,戶政事務所抽籤決定_從母姓,0
11507,10013260,屏東縣三地門鄉,男,戶政事務所抽籤決定_傳統姓名,0
11507,10013260,屏東縣三地門鄉,男,監護人決定依監護人之姓,0
11507,10013260,屏東縣三地門鄉,女,雙方約定_從父姓,0
11507,10013260,屏東縣三地門鄉,女,雙方約定_從母姓,0
11507,10013260,屏東縣三地門鄉,女,雙方約定_傳統姓名,0
11507,10013260,屏東縣三地門鄉,女,一方約定_從父姓,0
11507,10013260,屏東縣三地門鄉,女,一方約定_從母姓,0
11507,10013260,屏東縣三地門鄉,女,一方約定_傳統姓名,0
11507,10013260,屏東縣三地門鄉,女,申請人抽籤決定_從父姓,0
11507,10013260,屏東縣三地門鄉,女,申請人抽籤決定_從母姓,0
11507,10013260,屏東縣三地門鄉,女,申請人抽籤決定_傳統姓名,0
11507,10013260,屏東縣三地門鄉,女,戶政事務所抽籤決定_從父姓,0
11507,10013260,屏東縣三地門鄉,女,戶政事務所抽籤決定_從母姓,0
11507,10013260,屏東縣三地門鄉,女,戶政事務所抽籤決定_傳統姓名,0
11507,10013260,屏東縣三地門鄉,女,監護人決定依監護人之姓,0
11507,10013270,屏東縣霧臺鄉,男,雙方約定_從父姓,1
11507,10013270,屏東縣霧臺鄉,男,雙方約定_從母姓,0
11507,10013270,屏東縣霧臺鄉,男,雙方約定_傳統姓名,0
11507,10013270,屏東縣霧臺鄉,男,一方約定_從父姓,0
11507,10013270,屏東縣霧臺鄉,男,一方約定_從母姓,0
11507,10013270,屏東縣霧臺鄉,男,一方約定_傳統姓名,0
11507,10013270,屏東縣霧臺鄉,男,申請人抽籤決定_從父姓,0
11507,10013270,屏東縣霧臺鄉,男,申請人抽籤決定_從母姓,0
11507,10013270,屏東縣霧臺鄉,男,申請人抽籤決定_傳統姓名,0
11507,10013270,屏東縣霧臺鄉,男,戶政事務所抽籤決定_從父姓,0
11507,10013270,屏東縣霧臺鄉,男,戶政事務所抽籤決定_從母姓,0
11507,10013270,屏東縣霧臺鄉,男,戶政事務所抽籤決定_傳統姓名,0
11507,10013270,屏東縣霧臺鄉,男,監護人決定依監護人之姓,0
11507,10013270,屏東縣霧臺鄉,女,雙方約定_從父姓,0
11507,10013270,屏東縣霧臺鄉,女,雙方約定_從母姓,0
11507,10013270,屏東縣霧臺鄉,女,雙方約定_傳統姓名,0
11507,10013270,屏東縣霧臺鄉,女,一方約定_從父姓,0
11507,10013270,屏東縣霧臺鄉,女,一方約定_從母姓,0
11507,10013270,屏東縣霧臺鄉,女,一方約定_傳統姓名,0
11507,10013270,屏東縣霧臺鄉,女,申請人抽籤決定_從父姓,0
11507,10013270,屏東縣霧臺鄉,女,申請人抽籤決定_從母姓,0
11507,10013270,屏東縣霧臺鄉,女,申請人抽籤決定_傳統姓名,0
11507,10013270,屏東縣霧臺鄉,女,戶政事務所抽籤決定_從父姓,0
11507,10013270,屏東縣霧臺鄉,女,戶政事務所抽籤決定_從母姓,0
11507,10013270,屏東縣霧臺鄉,女,戶政事務所抽籤決定_傳統姓名,0
11507,10013270,屏東縣霧臺鄉,女,監護人決定依監護人之姓,0
11507,10013280,屏東縣瑪家鄉,男,雙方約定_從父姓,2
11507,10013280,屏東縣瑪家鄉,男,雙方約定_從母姓,0
11507,10013280,屏東縣瑪家鄉,男,雙方約定_傳統姓名,0
11507,10013280,屏東縣瑪家鄉,男,一方約定_從父姓,0
11507,10013280,屏東縣瑪家鄉,男,一方約定_從母姓,0
11507,10013280,屏東縣瑪家鄉,男,一方約定_傳統姓名,0
11507,10013280,屏東縣瑪家鄉,男,申請人抽籤決定_從父姓,0
11507,10013280,屏東縣瑪家鄉,男,申請人抽籤決定_從母姓,0
11507,10013280,屏東縣瑪家鄉,男,申請人抽籤決定_傳統姓名,0
11507,10013280,屏東縣瑪家鄉,男,戶政事務所抽籤決定_從父姓,0
11507,10013280,屏東縣瑪家鄉,男,戶政事務所抽籤決定_從母姓,0
11507,10013280,屏東縣瑪家鄉,男,戶政事務所抽籤決定_傳統姓名,0
11507,10013280,屏東縣瑪家鄉,男,監護人決定依監護人之姓,0
11507,10013280,屏東縣瑪家鄉,女,雙方約定_從父姓,3
11507,10013280,屏東縣瑪家鄉,女,雙方約定_從母姓,0
11507,10013280,屏東縣瑪家鄉,女,雙方約定_傳統姓名,0
11507,10013280,屏東縣瑪家鄉,女,一方約定_從父姓,0
11507,10013280,屏東縣瑪家鄉,女,一方約定_從母姓,1
11507,10013280,屏東縣瑪家鄉,女,一方約定_傳統姓名,0
11507,10013280,屏東縣瑪家鄉,女,申請人抽籤決定_從父姓,0
11507,10013280,屏東縣瑪家鄉,女,申請人抽籤決定_從母姓,0
11507,10013280,屏東縣瑪家鄉,女,申請人抽籤決定_傳統姓名,0
11507,10013280,屏東縣瑪家鄉,女,戶政事務所抽籤決定_從父姓,0
11507,10013280,屏東縣瑪家鄉,女,戶政事務所抽籤決定_從母姓,0
11507,10013280,屏東縣瑪家鄉,女,戶政事務所抽籤決定_傳統姓名,0
11507,10013280,屏東縣瑪家鄉,女,監護人決定依監護人之姓,0
11507,10013290,屏東縣泰武鄉,男,雙方約定_從父姓,0
11507,10013290,屏東縣泰武鄉,男,雙方約定_從母姓,0
11507,10013290,屏東縣泰武鄉,男,雙方約定_傳統姓名,0
11507,10013290,屏東縣泰武鄉,男,一方約定_從父姓,0
11507,10013290,屏東縣泰武鄉,男,一方約定_從母姓,1
11507,10013290,屏東縣泰武鄉,男,一方約定_傳統姓名,0
11507,10013290,屏東縣泰武鄉,男,申請人抽籤決定_從父姓,0
11507,10013290,屏東縣泰武鄉,男,申請人抽籤決定_從母姓,0
11507,10013290,屏東縣泰武鄉,男,申請人抽籤決定_傳統姓名,0
11507,10013290,屏東縣泰武鄉,男,戶政事務所抽籤決定_從父姓,0
11507,10013290,屏東縣泰武鄉,男,戶政事務所抽籤決定_從母姓,0
11507,10013290,屏東縣泰武鄉,男,戶政事務所抽籤決定_傳統姓名,0
11507,10013290,屏東縣泰武鄉,男,監護人決定依監護人之姓,0
11507,10013290,屏東縣泰武鄉,女,雙方約定_從父姓,0
11507,10013290,屏東縣泰武鄉,女,雙方約定_從母姓,1
11507,10013290,屏東縣泰武鄉,女,雙方約定_傳統姓名,0
11507,10013290,屏東縣泰武鄉,女,一方約定_從父姓,0
11507,10013290,屏東縣泰武鄉,女,一方約定_從母姓,0
11507,10013290,屏東縣泰武鄉,女,一方約定_傳統姓名,0
11507,10013290,屏東縣泰武鄉,女,申請人抽籤決定_從父姓,0
11507,10013290,屏東縣泰武鄉,女,申請人抽籤決定_從母姓,0
11507,10013290,屏東縣泰武鄉,女,申請人抽籤決定_傳統姓名,0
11507,10013290,屏東縣泰武鄉,女,戶政事務所抽籤決定_從父姓,0
11507,10013290,屏東縣泰武鄉,女,戶政事務所抽籤決定_從母姓,0
11507,10013290,屏東縣泰武鄉,女,戶政事務所抽籤決定_傳統姓名,0
11507,10013290,屏東縣泰武鄉,女,監護人決定依監護人之姓,0
11507,10013300,屏東縣來義鄉,男,雙方約定_從父姓,3
11507,10013300,屏東縣來義鄉,男,雙方約定_從母姓,0
11507,10013300,屏東縣來義鄉,男,雙方約定_傳統姓名,0
11507,10013300,屏東縣來義鄉,男,一方約定_從父姓,0
11507,10013300,屏東縣來義鄉,男,一方約定_從母姓,0
11507,10013300,屏東縣來義鄉,男,一方約定_傳統姓名,0
11507,10013300,屏東縣來義鄉,男,申請人抽籤決定_從父姓,0
11507,10013300,屏東縣來義鄉,男,申請人抽籤決定_從母姓,0
11507,10013300,屏東縣來義鄉,男,申請人抽籤決定_傳統姓名,0
11507,10013300,屏東縣來義鄉,男,戶政事務所抽籤決定_從父姓,0
11507,10013300,屏東縣來義鄉,男,戶政事務所抽籤決定_從母姓,0
11507,10013300,屏東縣來義鄉,男,戶政事務所抽籤決定_傳統姓名,0
11507,10013300,屏東縣來義鄉,男,監護人決定依監護人之姓,0
11507,10013300,屏東縣來義鄉,女,雙方約定_從父姓,1
11507,10013300,屏東縣來義鄉,女,雙方約定_從母姓,0
11507,10013300,屏東縣來義鄉,女,雙方約定_傳統姓名,0
11507,10013300,屏東縣來義鄉,女,一方約定_從父姓,0
11507,10013300,屏東縣來義鄉,女,一方約定_從母姓,0
11507,10013300,屏東縣來義鄉,女,一方約定_傳統姓名,0
11507,10013300,屏東縣來義鄉,女,申請人抽籤決定_從父姓,0
11507,10013300,屏東縣來義鄉,女,申請人抽籤決定_從母姓,0
11507,10013300,屏東縣來義鄉,女,申請人抽籤決定_傳統姓名,0
11507,10013300,屏東縣來義鄉,女,戶政事務所抽籤決定_從父姓,0
11507,10013300,屏東縣來義鄉,女,戶政事務所抽籤決定_從母姓,0
11507,10013300,屏東縣來義鄉,女,戶政事務所抽籤決定_傳統姓名,0
11507,10013300,屏東縣來義鄉,女,監護人決定依監護人之姓,0
11507,10013310,屏東縣春日鄉,男,雙方約定_從父姓,3
11507,10013310,屏東縣春日鄉,男,雙方約定_從母姓,3
11507,10013310,屏東縣春日鄉,男,雙方約定_傳統姓名,0
11507,10013310,屏東縣春日鄉,男,一方約定_從父姓,0
11507,10013310,屏東縣春日鄉,男,一方約定_從母姓,0
11507,10013310,屏東縣春日鄉,男,一方約定_傳統姓名,0
11507,10013310,屏東縣春日鄉,男,申請人抽籤決定_從父姓,0
11507,10013310,屏東縣春日鄉,男,申請人抽籤決定_從母姓,0
11507,10013310,屏東縣春日鄉,男,申請人抽籤決定_傳統姓名,0
11507,10013310,屏東縣春日鄉,男,戶政事務所抽籤決定_從父姓,0
11507,10013310,屏東縣春日鄉,男,戶政事務所抽籤決定_從母姓,0
11507,10013310,屏東縣春日鄉,男,戶政事務所抽籤決定_傳統姓名,0
11507,10013310,屏東縣春日鄉,男,監護人決定依監護人之姓,0
11507,10013310,屏東縣春日鄉,女,雙方約定_從父姓,1
11507,10013310,屏東縣春日鄉,女,雙方約定_從母姓,0
11507,10013310,屏東縣春日鄉,女,雙方約定_傳統姓名,0
11507,10013310,屏東縣春日鄉,女,一方約定_從父姓,0
11507,10013310,屏東縣春日鄉,女,一方約定_從母姓,0
11507,10013310,屏東縣春日鄉,女,一方約定_傳統姓名,0
11507,10013310,屏東縣春日鄉,女,申請人抽籤決定_從父姓,0
11507,10013310,屏東縣春日鄉,女,申請人抽籤決定_從母姓,0
11507,10013310,屏東縣春日鄉,女,申請人抽籤決定_傳統姓名,0
11507,10013310,屏東縣春日鄉,女,戶政事務所抽籤決定_從父姓,0
11507,10013310,屏東縣春日鄉,女,戶政事務所抽籤決定_從母姓,0
11507,10013310,屏東縣春日鄉,女,戶政事務所抽籤決定_傳統姓名,0
11507,10013310,屏東縣春日鄉,女,監護人決定依監護人之姓,0
11507,10013320,屏東縣獅子鄉,男,雙方約定_從父姓,1
11507,10013320,屏東縣獅子鄉,男,雙方約定_從母姓,1
11507,10013320,屏東縣獅子鄉,男,雙方約定_傳統姓名,0
11507,10013320,屏東縣獅子鄉,男,一方約定_從父姓,0
11507,10013320,屏東縣獅子鄉,男,一方約定_從母姓,0
11507,10013320,屏東縣獅子鄉,男,一方約定_傳統姓名,0
11507,10013320,屏東縣獅子鄉,男,申請人抽籤決定_從父姓,0
11507,10013320,屏東縣獅子鄉,男,申請人抽籤決定_從母姓,0
11507,10013320,屏東縣獅子鄉,男,申請人抽籤決定_傳統姓名,0
11507,10013320,屏東縣獅子鄉,男,戶政事務所抽籤決定_從父姓,0
11507,10013320,屏東縣獅子鄉,男,戶政事務所抽籤決定_從母姓,0
11507,10013320,屏東縣獅子鄉,男,戶政事務所抽籤決定_傳統姓名,0
11507,10013320,屏東縣獅子鄉,男,監護人決定依監護人之姓,0
11507,10013320,屏東縣獅子鄉,女,雙方約定_從父姓,0
11507,10013320,屏東縣獅子鄉,女,雙方約定_從母姓,0
11507,10013320,屏東縣獅子鄉,女,雙方約定_傳統姓名,0
11507,10013320,屏東縣獅子鄉,女,一方約定_從父姓,0
11507,10013320,屏東縣獅子鄉,女,一方約定_從母姓,0
11507,10013320,屏東縣獅子鄉,女,一方約定_傳統姓名,0
11507,10013320,屏東縣獅子鄉,女,申請人抽籤決定_從父姓,0
11507,10013320,屏東縣獅子鄉,女,申請人抽籤決定_從母姓,0
11507,10013320,屏東縣獅子鄉,女,申請人抽籤決定_傳統姓名,0
11507,10013320,屏東縣獅子鄉,女,戶政事務所抽籤決定_從父姓,0
11507,10013320,屏東縣獅子鄉,女,戶政事務所抽籤決定_從母姓,0
11507,10013320,屏東縣獅子鄉,女,戶政事務所抽籤決定_傳統姓名,0
11507,10013320,屏東縣獅子鄉,女,監護人決定依監護人之姓,0
11507,10013330,屏東縣牡丹鄉,男,雙方約定_從父姓,1
11507,10013330,屏東縣牡丹鄉,男,雙方約定_從母姓,1
11507,10013330,屏東縣牡丹鄉,男,雙方約定_傳統姓名,0
11507,10013330,屏東縣牡丹鄉,男,一方約定_從父姓,0
11507,10013330,屏東縣牡丹鄉,男,一方約定_從母姓,0
11507,10013330,屏東縣牡丹鄉,男,一方約定_傳統姓名,0
11507,10013330,屏東縣牡丹鄉,男,申請人抽籤決定_從父姓,0
11507,10013330,屏東縣牡丹鄉,男,申請人抽籤決定_從母姓,0
11507,10013330,屏東縣牡丹鄉,男,申請人抽籤決定_傳統姓名,0
11507,10013330,屏東縣牡丹鄉,男,戶政事務所抽籤決定_從父姓,0
11507,10013330,屏東縣牡丹鄉,男,戶政事務所抽籤決定_從母姓,0
11507,10013330,屏東縣牡丹鄉,男,戶政事務所抽籤決定_傳統姓名,0
11507,10013330,屏東縣牡丹鄉,男,監護人決定依監護人之姓,0
11507,10013330,屏東縣牡丹鄉,女,雙方約定_從父姓,0
11507,10013330,屏東縣牡丹鄉,女,雙方約定_從母姓,0
11507,10013330,屏東縣牡丹鄉,女,雙方約定_傳統姓名,0
11507,10013330,屏東縣牡丹鄉,女,一方約定_從父姓,0
11507,10013330,屏東縣牡丹鄉,女,一方約定_從母姓,0
11507,10013330,屏東縣牡丹鄉,女,一方約定_傳統姓名,0
11507,10013330,屏東縣牡丹鄉,女,申請人抽籤決定_從父姓,0
11507,10013330,屏東縣牡丹鄉,女,申請人抽籤決定_從母姓,0
11507,10013330,屏東縣牡丹鄉,女,申請人抽籤決定_傳統姓名,0
11507,10013330,屏東縣牡丹鄉,女,戶政事務所抽籤決定_從父姓,0
11507,10013330,屏東縣牡丹鄉,女,戶政事務所抽籤決定_從母姓,0
11507,10013330,屏東縣牡丹鄉,女,戶政事務所抽籤決定_傳統姓名,0
11507,10013330,屏東縣牡丹鄉,女,監護人決定依監護人之姓,0
11507,10014010,臺東縣臺東市,男,雙方約定_從父姓,20
11507,10014010,臺東縣臺東市,男,雙方約定_從母姓,2
11507,10014010,臺東縣臺東市,男,雙方約定_傳統姓名,0
11507,10014010,臺東縣臺東市,男,一方約定_從父姓,0
11507,10014010,臺東縣臺東市,男,一方約定_從母姓,4
11507,10014010,臺東縣臺東市,男,一方約定_傳統姓名,0
11507,10014010,臺東縣臺東市,男,申請人抽籤決定_從父姓,0
11507,10014010,臺東縣臺東市,男,申請人抽籤決定_從母姓,0
11507,10014010,臺東縣臺東市,男,申請人抽籤決定_傳統姓名,0
11507,10014010,臺東縣臺東市,男,戶政事務所抽籤決定_從父姓,0
11507,10014010,臺東縣臺東市,男,戶政事務所抽籤決定_從母姓,0
11507,10014010,臺東縣臺東市,男,戶政事務所抽籤決定_傳統姓名,0
11507,10014010,臺東縣臺東市,男,監護人決定依監護人之姓,0
11507,10014010,臺東縣臺東市,女,雙方約定_從父姓,28
11507,10014010,臺東縣臺東市,女,雙方約定_從母姓,2
11507,10014010,臺東縣臺東市,女,雙方約定_傳統姓名,0
11507,10014010,臺東縣臺東市,女,一方約定_從父姓,0
11507,10014010,臺東縣臺東市,女,一方約定_從母姓,0
11507,10014010,臺東縣臺東市,女,一方約定_傳統姓名,0
11507,10014010,臺東縣臺東市,女,申請人抽籤決定_從父姓,0
11507,10014010,臺東縣臺東市,女,申請人抽籤決定_從母姓,0
11507,10014010,臺東縣臺東市,女,申請人抽籤決定_傳統姓名,0
11507,10014010,臺東縣臺東市,女,戶政事務所抽籤決定_從父姓,0
11507,10014010,臺東縣臺東市,女,戶政事務所抽籤決定_從母姓,0
11507,10014010,臺東縣臺東市,女,戶政事務所抽籤決定_傳統姓名,0
11507,10014010,臺東縣臺東市,女,監護人決定依監護人之姓,0
11507,10014020,臺東縣成功鎮,男,雙方約定_從父姓,3
11507,10014020,臺東縣成功鎮,男,雙方約定_從母姓,0
11507,10014020,臺東縣成功鎮,男,雙方約定_傳統姓名,0
11507,10014020,臺東縣成功鎮,男,一方約定_從父姓,0
11507,10014020,臺東縣成功鎮,男,一方約定_從母姓,0
11507,10014020,臺東縣成功鎮,男,一方約定_傳統姓名,0
11507,10014020,臺東縣成功鎮,男,申請人抽籤決定_從父姓,0
11507,10014020,臺東縣成功鎮,男,申請人抽籤決定_從母姓,0
11507,10014020,臺東縣成功鎮,男,申請人抽籤決定_傳統姓名,0
11507,10014020,臺東縣成功鎮,男,戶政事務所抽籤決定_從父姓,0
11507,10014020,臺東縣成功鎮,男,戶政事務所抽籤決定_從母姓,0
11507,10014020,臺東縣成功鎮,男,戶政事務所抽籤決定_傳統姓名,0
11507,10014020,臺東縣成功鎮,男,監護人決定依監護人之姓,0
11507,10014020,臺東縣成功鎮,女,雙方約定_從父姓,2
11507,10014020,臺東縣成功鎮,女,雙方約定_從母姓,3
11507,10014020,臺東縣成功鎮,女,雙方約定_傳統姓名,0
11507,10014020,臺東縣成功鎮,女,一方約定_從父姓,0
11507,10014020,臺東縣成功鎮,女,一方約定_從母姓,0
11507,10014020,臺東縣成功鎮,女,一方約定_傳統姓名,0
11507,10014020,臺東縣成功鎮,女,申請人抽籤決定_從父姓,0
11507,10014020,臺東縣成功鎮,女,申請人抽籤決定_從母姓,0
11507,10014020,臺東縣成功鎮,女,申請人抽籤決定_傳統姓名,0
11507,10014020,臺東縣成功鎮,女,戶政事務所抽籤決定_從父姓,0
11507,10014020,臺東縣成功鎮,女,戶政事務所抽籤決定_從母姓,0
11507,10014020,臺東縣成功鎮,女,戶政事務所抽籤決定_傳統姓名,0
11507,10014020,臺東縣成功鎮,女,監護人決定依監護人之姓,0
11507,10014030,臺東縣關山鎮,男,雙方約定_從父姓,1
11507,10014030,臺東縣關山鎮,男,雙方約定_從母姓,0
11507,10014030,臺東縣關山鎮,男,雙方約定_傳統姓名,0
11507,10014030,臺東縣關山鎮,男,一方約定_從父姓,0
11507,10014030,臺東縣關山鎮,男,一方約定_從母姓,0
11507,10014030,臺東縣關山鎮,男,一方約定_傳統姓名,0
11507,10014030,臺東縣關山鎮,男,申請人抽籤決定_從父姓,0
11507,10014030,臺東縣關山鎮,男,申請人抽籤決定_從母姓,0
11507,10014030,臺東縣關山鎮,男,申請人抽籤決定_傳統姓名,0
11507,10014030,臺東縣關山鎮,男,戶政事務所抽籤決定_從父姓,0
11507,10014030,臺東縣關山鎮,男,戶政事務所抽籤決定_從母姓,0
11507,10014030,臺東縣關山鎮,男,戶政事務所抽籤決定_傳統姓名,0
11507,10014030,臺東縣關山鎮,男,監護人決定依監護人之姓,0
11507,10014030,臺東縣關山鎮,女,雙方約定_從父姓,2
11507,10014030,臺東縣關山鎮,女,雙方約定_從母姓,0
11507,10014030,臺東縣關山鎮,女,雙方約定_傳統姓名,0
11507,10014030,臺東縣關山鎮,女,一方約定_從父姓,0
11507,10014030,臺東縣關山鎮,女,一方約定_從母姓,0
11507,10014030,臺東縣關山鎮,女,一方約定_傳統姓名,0
11507,10014030,臺東縣關山鎮,女,申請人抽籤決定_從父姓,0
11507,10014030,臺東縣關山鎮,女,申請人抽籤決定_從母姓,0
11507,10014030,臺東縣關山鎮,女,申請人抽籤決定_傳統姓名,0
11507,10014030,臺東縣關山鎮,女,戶政事務所抽籤決定_從父姓,0
11507,10014030,臺東縣關山鎮,女,戶政事務所抽籤決定_從母姓,0
11507,10014030,臺東縣關山鎮,女,戶政事務所抽籤決定_傳統姓名,0
11507,10014030,臺東縣關山鎮,女,監護人決定依監護人之姓,0
11507,10014040,臺東縣卑南鄉,男,雙方約定_從父姓,3
11507,10014040,臺東縣卑南鄉,男,雙方約定_從母姓,0
11507,10014040,臺東縣卑南鄉,男,雙方約定_傳統姓名,0
11507,10014040,臺東縣卑南鄉,男,一方約定_從父姓,0
11507,10014040,臺東縣卑南鄉,男,一方約定_從母姓,0
11507,10014040,臺東縣卑南鄉,男,一方約定_傳統姓名,0
11507,10014040,臺東縣卑南鄉,男,申請人抽籤決定_從父姓,0
11507,10014040,臺東縣卑南鄉,男,申請人抽籤決定_從母姓,0
11507,10014040,臺東縣卑南鄉,男,申請人抽籤決定_傳統姓名,0
11507,10014040,臺東縣卑南鄉,男,戶政事務所抽籤決定_從父姓,0
11507,10014040,臺東縣卑南鄉,男,戶政事務所抽籤決定_從母姓,0
11507,10014040,臺東縣卑南鄉,男,戶政事務所抽籤決定_傳統姓名,0
11507,10014040,臺東縣卑南鄉,男,監護人決定依監護人之姓,0
11507,10014040,臺東縣卑南鄉,女,雙方約定_從父姓,0
11507,10014040,臺東縣卑南鄉,女,雙方約定_從母姓,1
11507,10014040,臺東縣卑南鄉,女,雙方約定_傳統姓名,0
11507,10014040,臺東縣卑南鄉,女,一方約定_從父姓,0
11507,10014040,臺東縣卑南鄉,女,一方約定_從母姓,0
11507,10014040,臺東縣卑南鄉,女,一方約定_傳統姓名,0
11507,10014040,臺東縣卑南鄉,女,申請人抽籤決定_從父姓,0
11507,10014040,臺東縣卑南鄉,女,申請人抽籤決定_從母姓,0
11507,10014040,臺東縣卑南鄉,女,申請人抽籤決定_傳統姓名,0
11507,10014040,臺東縣卑南鄉,女,戶政事務所抽籤決定_從父姓,0
11507,10014040,臺東縣卑南鄉,女,戶政事務所抽籤決定_從母姓,0
11507,10014040,臺東縣卑南鄉,女,戶政事務所抽籤決定_傳統姓名,0
11507,10014040,臺東縣卑南鄉,女,監護人決定依監護人之姓,0
11507,10014100,臺東縣大武鄉,男,雙方約定_從父姓,2
11507,10014100,臺東縣大武鄉,男,雙方約定_從母姓,0
11507,10014100,臺東縣大武鄉,男,雙方約定_傳統姓名,0
11507,10014100,臺東縣大武鄉,男,一方約定_從父姓,0
11507,10014100,臺東縣大武鄉,男,一方約定_從母姓,0
11507,10014100,臺東縣大武鄉,男,一方約定_傳統姓名,0
11507,10014100,臺東縣大武鄉,男,申請人抽籤決定_從父姓,0
11507,10014100,臺東縣大武鄉,男,申請人抽籤決定_從母姓,0
11507,10014100,臺東縣大武鄉,男,申請人抽籤決定_傳統姓名,0
11507,10014100,臺東縣大武鄉,男,戶政事務所抽籤決定_從父姓,0
11507,10014100,臺東縣大武鄉,男,戶政事務所抽籤決定_從母姓,0
11507,10014100,臺東縣大武鄉,男,戶政事務所抽籤決定_傳統姓名,0
11507,10014100,臺東縣大武鄉,男,監護人決定依監護人之姓,0
11507,10014100,臺東縣大武鄉,女,雙方約定_從父姓,1
11507,10014100,臺東縣大武鄉,女,雙方約定_從母姓,0
11507,10014100,臺東縣大武鄉,女,雙方約定_傳統姓名,0
11507,10014100,臺東縣大武鄉,女,一方約定_從父姓,0
11507,10014100,臺東縣大武鄉,女,一方約定_從母姓,0
11507,10014100,臺東縣大武鄉,女,一方約定_傳統姓名,0
11507,10014100,臺東縣大武鄉,女,申請人抽籤決定_從父姓,0
11507,10014100,臺東縣大武鄉,女,申請人抽籤決定_從母姓,0
11507,10014100,臺東縣大武鄉,女,申請人抽籤決定_傳統姓名,0
11507,10014100,臺東縣大武鄉,女,戶政事務所抽籤決定_從父姓,0
11507,10014100,臺東縣大武鄉,女,戶政事務所抽籤決定_從母姓,0
11507,10014100,臺東縣大武鄉,女,戶政事務所抽籤決定_傳統姓名,0
11507,10014100,臺東縣大武鄉,女,監護人決定依監護人之姓,0
11507,10014090,臺東縣太麻里鄉,男,雙方約定_從父姓,4
11507,10014090,臺東縣太麻里鄉,男,雙方約定_從母姓,0
11507,10014090,臺東縣太麻里鄉,男,雙方約定_傳統姓名,0
11507,10014090,臺東縣太麻里鄉,男,一方約定_從父姓,0
11507,10014090,臺東縣太麻里鄉,男,一方約定_從母姓,0
11507,10014090,臺東縣太麻里鄉,男,一方約定_傳統姓名,0
11507,10014090,臺東縣太麻里鄉,男,申請人抽籤決定_從父姓,0
11507,10014090,臺東縣太麻里鄉,男,申請人抽籤決定_從母姓,0
11507,10014090,臺東縣太麻里鄉,男,申請人抽籤決定_傳統姓名,0
11507,10014090,臺東縣太麻里鄉,男,戶政事務所抽籤決定_從父姓,0
11507,10014090,臺東縣太麻里鄉,男,戶政事務所抽籤決定_從母姓,0
11507,10014090,臺東縣太麻里鄉,男,戶政事務所抽籤決定_傳統姓名,0
11507,10014090,臺東縣太麻里鄉,男,監護人決定依監護人之姓,0
11507,10014090,臺東縣太麻里鄉,女,雙方約定_從父姓,1
11507,10014090,臺東縣太麻里鄉,女,雙方約定_從母姓,0
11507,10014090,臺東縣太麻里鄉,女,雙方約定_傳統姓名,0
11507,10014090,臺東縣太麻里鄉,女,一方約定_從父姓,0
11507,10014090,臺東縣太麻里鄉,女,一方約定_從母姓,1
11507,10014090,臺東縣太麻里鄉,女,一方約定_傳統姓名,0
11507,10014090,臺東縣太麻里鄉,女,申請人抽籤決定_從父姓,0
11507,10014090,臺東縣太麻里鄉,女,申請人抽籤決定_從母姓,0
11507,10014090,臺東縣太麻里鄉,女,申請人抽籤決定_傳統姓名,0
11507,10014090,臺東縣太麻里鄉,女,戶政事務所抽籤決定_從父姓,0
11507,10014090,臺東縣太麻里鄉,女,戶政事務所抽籤決定_從母姓,0
11507,10014090,臺東縣太麻里鄉,女,戶政事務所抽籤決定_傳統姓名,0
11507,10014090,臺東縣太麻里鄉,女,監護人決定依監護人之姓,0
11507,10014070,臺東縣東河鄉,男,雙方約定_從父姓,0
11507,10014070,臺東縣東河鄉,男,雙方約定_從母姓,0
11507,10014070,臺東縣東河鄉,男,雙方約定_傳統姓名,0
11507,10014070,臺東縣東河鄉,男,一方約定_從父姓,0
11507,10014070,臺東縣東河鄉,男,一方約定_從母姓,0
11507,10014070,臺東縣東河鄉,男,一方約定_傳統姓名,0
11507,10014070,臺東縣東河鄉,男,申請人抽籤決定_從父姓,0
11507,10014070,臺東縣東河鄉,男,申請人抽籤決定_從母姓,0
11507,10014070,臺東縣東河鄉,男,申請人抽籤決定_傳統姓名,0
11507,10014070,臺東縣東河鄉,男,戶政事務所抽籤決定_從父姓,0
11507,10014070,臺東縣東河鄉,男,戶政事務所抽籤決定_從母姓,0
11507,10014070,臺東縣東河鄉,男,戶政事務所抽籤決定_傳統姓名,0
11507,10014070,臺東縣東河鄉,男,監護人決定依監護人之姓,0
11507,10014070,臺東縣東河鄉,女,雙方約定_從父姓,0
11507,10014070,臺東縣東河鄉,女,雙方約定_從母姓,0
11507,10014070,臺東縣東河鄉,女,雙方約定_傳統姓名,0
11507,10014070,臺東縣東河鄉,女,一方約定_從父姓,0
11507,10014070,臺東縣東河鄉,女,一方約定_從母姓,0
11507,10014070,臺東縣東河鄉,女,一方約定_傳統姓名,0
11507,10014070,臺東縣東河鄉,女,申請人抽籤決定_從父姓,0
11507,10014070,臺東縣東河鄉,女,申請人抽籤決定_從母姓,0
11507,10014070,臺東縣東河鄉,女,申請人抽籤決定_傳統姓名,0
11507,10014070,臺東縣東河鄉,女,戶政事務所抽籤決定_從父姓,0
11507,10014070,臺東縣東河鄉,女,戶政事務所抽籤決定_從母姓,0
11507,10014070,臺東縣東河鄉,女,戶政事務所抽籤決定_傳統姓名,0
11507,10014070,臺東縣東河鄉,女,監護人決定依監護人之姓,0
11507,10014080,臺東縣長濱鄉,男,雙方約定_從父姓,0
11507,10014080,臺東縣長濱鄉,男,雙方約定_從母姓,0
11507,10014080,臺東縣長濱鄉,男,雙方約定_傳統姓名,0
11507,10014080,臺東縣長濱鄉,男,一方約定_從父姓,0
11507,10014080,臺東縣長濱鄉,男,一方約定_從母姓,0
11507,10014080,臺東縣長濱鄉,男,一方約定_傳統姓名,0
11507,10014080,臺東縣長濱鄉,男,申請人抽籤決定_從父姓,0
11507,10014080,臺東縣長濱鄉,男,申請人抽籤決定_從母姓,0
11507,10014080,臺東縣長濱鄉,男,申請人抽籤決定_傳統姓名,0
11507,10014080,臺東縣長濱鄉,男,戶政事務所抽籤決定_從父姓,0
11507,10014080,臺東縣長濱鄉,男,戶政事務所抽籤決定_從母姓,0
11507,10014080,臺東縣長濱鄉,男,戶政事務所抽籤決定_傳統姓名,0
11507,10014080,臺東縣長濱鄉,男,監護人決定依監護人之姓,0
11507,10014080,臺東縣長濱鄉,女,雙方約定_從父姓,0
11507,10014080,臺東縣長濱鄉,女,雙方約定_從母姓,0
11507,10014080,臺東縣長濱鄉,女,雙方約定_傳統姓名,0
11507,10014080,臺東縣長濱鄉,女,一方約定_從父姓,0
11507,10014080,臺東縣長濱鄉,女,一方約定_從母姓,0
11507,10014080,臺東縣長濱鄉,女,一方約定_傳統姓名,0
11507,10014080,臺東縣長濱鄉,女,申請人抽籤決定_從父姓,0
11507,10014080,臺東縣長濱鄉,女,申請人抽籤決定_從母姓,0
11507,10014080,臺東縣長濱鄉,女,申請人抽籤決定_傳統姓名,0
11507,10014080,臺東縣長濱鄉,女,戶政事務所抽籤決定_從父姓,0
11507,10014080,臺東縣長濱鄉,女,戶政事務所抽籤決定_從母姓,0
11507,10014080,臺東縣長濱鄉,女,戶政事務所抽籤決定_傳統姓名,0
11507,10014080,臺東縣長濱鄉,女,監護人決定依監護人之姓,0
11507,10014050,臺東縣鹿野鄉,男,雙方約定_從父姓,1
11507,10014050,臺東縣鹿野鄉,男,雙方約定_從母姓,0
11507,10014050,臺東縣鹿野鄉,男,雙方約定_傳統姓名,0
11507,10014050,臺東縣鹿野鄉,男,一方約定_從父姓,0
11507,10014050,臺東縣鹿野鄉,男,一方約定_從母姓,1
11507,10014050,臺東縣鹿野鄉,男,一方約定_傳統姓名,0
11507,10014050,臺東縣鹿野鄉,男,申請人抽籤決定_從父姓,0
11507,10014050,臺東縣鹿野鄉,男,申請人抽籤決定_從母姓,0
11507,10014050,臺東縣鹿野鄉,男,申請人抽籤決定_傳統姓名,0
11507,10014050,臺東縣鹿野鄉,男,戶政事務所抽籤決定_從父姓,0
11507,10014050,臺東縣鹿野鄉,男,戶政事務所抽籤決定_從母姓,0
11507,10014050,臺東縣鹿野鄉,男,戶政事務所抽籤決定_傳統姓名,0
11507,10014050,臺東縣鹿野鄉,男,監護人決定依監護人之姓,0
11507,10014050,臺東縣鹿野鄉,女,雙方約定_從父姓,4
11507,10014050,臺東縣鹿野鄉,女,雙方約定_從母姓,0
11507,10014050,臺東縣鹿野鄉,女,雙方約定_傳統姓名,0
11507,10014050,臺東縣鹿野鄉,女,一方約定_從父姓,0
11507,10014050,臺東縣鹿野鄉,女,一方約定_從母姓,0
11507,10014050,臺東縣鹿野鄉,女,一方約定_傳統姓名,0
11507,10014050,臺東縣鹿野鄉,女,申請人抽籤決定_從父姓,0
11507,10014050,臺東縣鹿野鄉,女,申請人抽籤決定_從母姓,0
11507,10014050,臺東縣鹿野鄉,女,申請人抽籤決定_傳統姓名,0
11507,10014050,臺東縣鹿野鄉,女,戶政事務所抽籤決定_從父姓,0
11507,10014050,臺東縣鹿野鄉,女,戶政事務所抽籤決定_從母姓,0
11507,10014050,臺東縣鹿野鄉,女,戶政事務所抽籤決定_傳統姓名,0
11507,10014050,臺東縣鹿野鄉,女,監護人決定依監護人之姓,0
11507,10014060,臺東縣池上鄉,男,雙方約定_從父姓,0
11507,10014060,臺東縣池上鄉,男,雙方約定_從母姓,0
11507,10014060,臺東縣池上鄉,男,雙方約定_傳統姓名,0
11507,10014060,臺東縣池上鄉,男,一方約定_從父姓,0
11507,10014060,臺東縣池上鄉,男,一方約定_從母姓,0
11507,10014060,臺東縣池上鄉,男,一方約定_傳統姓名,0
11507,10014060,臺東縣池上鄉,男,申請人抽籤決定_從父姓,0
11507,10014060,臺東縣池上鄉,男,申請人抽籤決定_從母姓,0
11507,10014060,臺東縣池上鄉,男,申請人抽籤決定_傳統姓名,0
11507,10014060,臺東縣池上鄉,男,戶政事務所抽籤決定_從父姓,0
11507,10014060,臺東縣池上鄉,男,戶政事務所抽籤決定_從母姓,0
11507,10014060,臺東縣池上鄉,男,戶政事務所抽籤決定_傳統姓名,0
11507,10014060,臺東縣池上鄉,男,監護人決定依監護人之姓,0
11507,10014060,臺東縣池上鄉,女,雙方約定_從父姓,3
11507,10014060,臺東縣池上鄉,女,雙方約定_從母姓,0
11507,10014060,臺東縣池上鄉,女,雙方約定_傳統姓名,0
11507,10014060,臺東縣池上鄉,女,一方約定_從父姓,0
11507,10014060,臺東縣池上鄉,女,一方約定_從母姓,0
11507,10014060,臺東縣池上鄉,女,一方約定_傳統姓名,0
11507,10014060,臺東縣池上鄉,女,申請人抽籤決定_從父姓,0
11507,10014060,臺東縣池上鄉,女,申請人抽籤決定_從母姓,0
11507,10014060,臺東縣池上鄉,女,申請人抽籤決定_傳統姓名,0
11507,10014060,臺東縣池上鄉,女,戶政事務所抽籤決定_從父姓,0
11507,10014060,臺東縣池上鄉,女,戶政事務所抽籤決定_從母姓,0
11507,10014060,臺東縣池上鄉,女,戶政事務所抽籤決定_傳統姓名,0
11507,10014060,臺東縣池上鄉,女,監護人決定依監護人之姓,0
11507,10014110,臺東縣綠島鄉,男,雙方約定_從父姓,0
11507,10014110,臺東縣綠島鄉,男,雙方約定_從母姓,0
11507,10014110,臺東縣綠島鄉,男,雙方約定_傳統姓名,0
11507,10014110,臺東縣綠島鄉,男,一方約定_從父姓,0
11507,10014110,臺東縣綠島鄉,男,一方約定_從母姓,0
11507,10014110,臺東縣綠島鄉,男,一方約定_傳統姓名,0
11507,10014110,臺東縣綠島鄉,男,申請人抽籤決定_從父姓,0
11507,10014110,臺東縣綠島鄉,男,申請人抽籤決定_從母姓,0
11507,10014110,臺東縣綠島鄉,男,申請人抽籤決定_傳統姓名,0
11507,10014110,臺東縣綠島鄉,男,戶政事務所抽籤決定_從父姓,0
11507,10014110,臺東縣綠島鄉,男,戶政事務所抽籤決定_從母姓,0
11507,10014110,臺東縣綠島鄉,男,戶政事務所抽籤決定_傳統姓名,0
11507,10014110,臺東縣綠島鄉,男,監護人決定依監護人之姓,0
11507,10014110,臺東縣綠島鄉,女,雙方約定_從父姓,1
11507,10014110,臺東縣綠島鄉,女,雙方約定_從母姓,0
11507,10014110,臺東縣綠島鄉,女,雙方約定_傳統姓名,0
11507,10014110,臺東縣綠島鄉,女,一方約定_從父姓,0
11507,10014110,臺東縣綠島鄉,女,一方約定_從母姓,0
11507,10014110,臺東縣綠島鄉,女,一方約定_傳統姓名,0
11507,10014110,臺東縣綠島鄉,女,申請人抽籤決定_從父姓,0
11507,10014110,臺東縣綠島鄉,女,申請人抽籤決定_從母姓,0
11507,10014110,臺東縣綠島鄉,女,申請人抽籤決定_傳統姓名,0
11507,10014110,臺東縣綠島鄉,女,戶政事務所抽籤決定_從父姓,0
11507,10014110,臺東縣綠島鄉,女,戶政事務所抽籤決定_從母姓,0
11507,10014110,臺東縣綠島鄉,女,戶政事務所抽籤決定_傳統姓名,0
11507,10014110,臺東縣綠島鄉,女,監護人決定依監護人之姓,0
11507,10014130,臺東縣延平鄉,男,雙方約定_從父姓,3
11507,10014130,臺東縣延平鄉,男,雙方約定_從母姓,0
11507,10014130,臺東縣延平鄉,男,雙方約定_傳統姓名,0
11507,10014130,臺東縣延平鄉,男,一方約定_從父姓,0
11507,10014130,臺東縣延平鄉,男,一方約定_從母姓,0
11507,10014130,臺東縣延平鄉,男,一方約定_傳統姓名,0
11507,10014130,臺東縣延平鄉,男,申請人抽籤決定_從父姓,0
11507,10014130,臺東縣延平鄉,男,申請人抽籤決定_從母姓,0
11507,10014130,臺東縣延平鄉,男,申請人抽籤決定_傳統姓名,0
11507,10014130,臺東縣延平鄉,男,戶政事務所抽籤決定_從父姓,0
11507,10014130,臺東縣延平鄉,男,戶政事務所抽籤決定_從母姓,0
11507,10014130,臺東縣延平鄉,男,戶政事務所抽籤決定_傳統姓名,0
11507,10014130,臺東縣延平鄉,男,監護人決定依監護人之姓,0
11507,10014130,臺東縣延平鄉,女,雙方約定_從父姓,1
11507,10014130,臺東縣延平鄉,女,雙方約定_從母姓,0
11507,10014130,臺東縣延平鄉,女,雙方約定_傳統姓名,0
11507,10014130,臺東縣延平鄉,女,一方約定_從父姓,0
11507,10014130,臺東縣延平鄉,女,一方約定_從母姓,0
11507,10014130,臺東縣延平鄉,女,一方約定_傳統姓名,0
11507,10014130,臺東縣延平鄉,女,申請人抽籤決定_從父姓,0
11507,10014130,臺東縣延平鄉,女,申請人抽籤決定_從母姓,0
11507,10014130,臺東縣延平鄉,女,申請人抽籤決定_傳統姓名,0
11507,10014130,臺東縣延平鄉,女,戶政事務所抽籤決定_從父姓,0
11507,10014130,臺東縣延平鄉,女,戶政事務所抽籤決定_從母姓,0
11507,10014130,臺東縣延平鄉,女,戶政事務所抽籤決定_傳統姓名,0
11507,10014130,臺東縣延平鄉,女,監護人決定依監護人之姓,0
11507,10014120,臺東縣海端鄉,男,雙方約定_從父姓,1
11507,10014120,臺東縣海端鄉,男,雙方約定_從母姓,1
11507,10014120,臺東縣海端鄉,男,雙方約定_傳統姓名,0
11507,10014120,臺東縣海端鄉,男,一方約定_從父姓,0
11507,10014120,臺東縣海端鄉,男,一方約定_從母姓,0
11507,10014120,臺東縣海端鄉,男,一方約定_傳統姓名,0
11507,10014120,臺東縣海端鄉,男,申請人抽籤決定_從父姓,0
11507,10014120,臺東縣海端鄉,男,申請人抽籤決定_從母姓,0
11507,10014120,臺東縣海端鄉,男,申請人抽籤決定_傳統姓名,0
11507,10014120,臺東縣海端鄉,男,戶政事務所抽籤決定_從父姓,0
11507,10014120,臺東縣海端鄉,男,戶政事務所抽籤決定_從母姓,0
11507,10014120,臺東縣海端鄉,男,戶政事務所抽籤決定_傳統姓名,0
11507,10014120,臺東縣海端鄉,男,監護人決定依監護人之姓,0
11507,10014120,臺東縣海端鄉,女,雙方約定_從父姓,2
11507,10014120,臺東縣海端鄉,女,雙方約定_從母姓,1
11507,10014120,臺東縣海端鄉,女,雙方約定_傳統姓名,0
11507,10014120,臺東縣海端鄉,女,一方約定_從父姓,0
11507,10014120,臺東縣海端鄉,女,一方約定_從母姓,0
11507,10014120,臺東縣海端鄉,女,一方約定_傳統姓名,0
11507,10014120,臺東縣海端鄉,女,申請人抽籤決定_從父姓,0
11507,10014120,臺東縣海端鄉,女,申請人抽籤決定_從母姓,0
11507,10014120,臺東縣海端鄉,女,申請人抽籤決定_傳統姓名,0
11507,10014120,臺東縣海端鄉,女,戶政事務所抽籤決定_從父姓,0
11507,10014120,臺東縣海端鄉,女,戶政事務所抽籤決定_從母姓,0
11507,10014120,臺東縣海端鄉,女,戶政事務所抽籤決定_傳統姓名,0
11507,10014120,臺東縣海端鄉,女,監護人決定依監護人之姓,0
11507,10014150,臺東縣達仁鄉,男,雙方約定_從父姓,3
11507,10014150,臺東縣達仁鄉,男,雙方約定_從母姓,0
11507,10014150,臺東縣達仁鄉,男,雙方約定_傳統姓名,0
11507,10014150,臺東縣達仁鄉,男,一方約定_從父姓,0
11507,10014150,臺東縣達仁鄉,男,一方約定_從母姓,0
11507,10014150,臺東縣達仁鄉,男,一方約定_傳統姓名,0
11507,10014150,臺東縣達仁鄉,男,申請人抽籤決定_從父姓,0
11507,10014150,臺東縣達仁鄉,男,申請人抽籤決定_從母姓,0
11507,10014150,臺東縣達仁鄉,男,申請人抽籤決定_傳統姓名,0
11507,10014150,臺東縣達仁鄉,男,戶政事務所抽籤決定_從父姓,0
11507,10014150,臺東縣達仁鄉,男,戶政事務所抽籤決定_從母姓,0
11507,10014150,臺東縣達仁鄉,男,戶政事務所抽籤決定_傳統姓名,0
11507,10014150,臺東縣達仁鄉,男,監護人決定依監護人之姓,0
11507,10014150,臺東縣達仁鄉,女,雙方約定_從父姓,1
11507,10014150,臺東縣達仁鄉,女,雙方約定_從母姓,0
11507,10014150,臺東縣達仁鄉,女,雙方約定_傳統姓名,0
11507,10014150,臺東縣達仁鄉,女,一方約定_從父姓,0
11507,10014150,臺東縣達仁鄉,女,一方約定_從母姓,0
11507,10014150,臺東縣達仁鄉,女,一方約定_傳統姓名,0
11507,10014150,臺東縣達仁鄉,女,申請人抽籤決定_從父姓,0
11507,10014150,臺東縣達仁鄉,女,申請人抽籤決定_從母姓,0
11507,10014150,臺東縣達仁鄉,女,申請人抽籤決定_傳統姓名,0
11507,10014150,臺東縣達仁鄉,女,戶政事務所抽籤決定_從父姓,0
11507,10014150,臺東縣達仁鄉,女,戶政事務所抽籤決定_從母姓,0
11507,10014150,臺東縣達仁鄉,女,戶政事務所抽籤決定_傳統姓名,0
11507,10014150,臺東縣達仁鄉,女,監護人決定依監護人之姓,0
11507,10014140,臺東縣金峰鄉,男,雙方約定_從父姓,0
11507,10014140,臺東縣金峰鄉,男,雙方約定_從母姓,0
11507,10014140,臺東縣金峰鄉,男,雙方約定_傳統姓名,0
11507,10014140,臺東縣金峰鄉,男,一方約定_從父姓,0
11507,10014140,臺東縣金峰鄉,男,一方約定_從母姓,0
11507,10014140,臺東縣金峰鄉,男,一方約定_傳統姓名,0
11507,10014140,臺東縣金峰鄉,男,申請人抽籤決定_從父姓,0
11507,10014140,臺東縣金峰鄉,男,申請人抽籤決定_從母姓,0
11507,10014140,臺東縣金峰鄉,男,申請人抽籤決定_傳統姓名,0
11507,10014140,臺東縣金峰鄉,男,戶政事務所抽籤決定_從父姓,0
11507,10014140,臺東縣金峰鄉,男,戶政事務所抽籤決定_從母姓,0
11507,10014140,臺東縣金峰鄉,男,戶政事務所抽籤決定_傳統姓名,0
11507,10014140,臺東縣金峰鄉,男,監護人決定依監護人之姓,0
11507,10014140,臺東縣金峰鄉,女,雙方約定_從父姓,2
11507,10014140,臺東縣金峰鄉,女,雙方約定_從母姓,0
11507,10014140,臺東縣金峰鄉,女,雙方約定_傳統姓名,0
11507,10014140,臺東縣金峰鄉,女,一方約定_從父姓,0
11507,10014140,臺東縣金峰鄉,女,一方約定_從母姓,0
11507,10014140,臺東縣金峰鄉,女,一方約定_傳統姓名,0
11507,10014140,臺東縣金峰鄉,女,申請人抽籤決定_從父姓,0
11507,10014140,臺東縣金峰鄉,女,申請人抽籤決定_從母姓,0
11507,10014140,臺東縣金峰鄉,女,申請人抽籤決定_傳統姓名,0
11507,10014140,臺東縣金峰鄉,女,戶政事務所抽籤決定_從父姓,0
11507,10014140,臺東縣金峰鄉,女,戶政事務所抽籤決定_從母姓,0
11507,10014140,臺東縣金峰鄉,女,戶政事務所抽籤決定_傳統姓名,0
11507,10014140,臺東縣金峰鄉,女,監護人決定依監護人之姓,0
11507,10014160,臺東縣蘭嶼鄉,男,雙方約定_從父姓,0
11507,10014160,臺東縣蘭嶼鄉,男,雙方約定_從母姓,0
11507,10014160,臺東縣蘭嶼鄉,男,雙方約定_傳統姓名,1
11507,10014160,臺東縣蘭嶼鄉,男,一方約定_從父姓,0
11507,10014160,臺東縣蘭嶼鄉,男,一方約定_從母姓,0
11507,10014160,臺東縣蘭嶼鄉,男,一方約定_傳統姓名,0
11507,10014160,臺東縣蘭嶼鄉,男,申請人抽籤決定_從父姓,0
11507,10014160,臺東縣蘭嶼鄉,男,申請人抽籤決定_從母姓,0
11507,10014160,臺東縣蘭嶼鄉,男,申請人抽籤決定_傳統姓名,0
11507,10014160,臺東縣蘭嶼鄉,男,戶政事務所抽籤決定_從父姓,0
11507,10014160,臺東縣蘭嶼鄉,男,戶政事務所抽籤決定_從母姓,0
11507,10014160,臺東縣蘭嶼鄉,男,戶政事務所抽籤決定_傳統姓名,0
11507,10014160,臺東縣蘭嶼鄉,男,監護人決定依監護人之姓,0
11507,10014160,臺東縣蘭嶼鄉,女,雙方約定_從父姓,1
11507,10014160,臺東縣蘭嶼鄉,女,雙方約定_從母姓,0
11507,10014160,臺東縣蘭嶼鄉,女,雙方約定_傳統姓名,0
11507,10014160,臺東縣蘭嶼鄉,女,一方約定_從父姓,0
11507,10014160,臺東縣蘭嶼鄉,女,一方約定_從母姓,0
11507,10014160,臺東縣蘭嶼鄉,女,一方約定_傳統姓名,0
11507,10014160,臺東縣蘭嶼鄉,女,申請人抽籤決定_從父姓,0
11507,10014160,臺東縣蘭嶼鄉,女,申請人抽籤決定_從母姓,0
11507,10014160,臺東縣蘭嶼鄉,女,申請人抽籤決定_傳統姓名,0
11507,10014160,臺東縣蘭嶼鄉,女,戶政事務所抽籤決定_從父姓,0
11507,10014160,臺東縣蘭嶼鄉,女,戶政事務所抽籤決定_從母姓,0
11507,10014160,臺東縣蘭嶼鄉,女,戶政事務所抽籤決定_傳統姓名,0
11507,10014160,臺東縣蘭嶼鄉,女,監護人決定依監護人之姓,0
11507,10015010,花蓮縣花蓮市,男,雙方約定_從父姓,5
11507,10015010,花蓮縣花蓮市,男,雙方約定_從母姓,2
11507,10015010,花蓮縣花蓮市,男,雙方約定_傳統姓名,1
11507,10015010,花蓮縣花蓮市,男,一方約定_從父姓,0
11507,10015010,花蓮縣花蓮市,男,一方約定_從母姓,0
11507,10015010,花蓮縣花蓮市,男,一方約定_傳統姓名,0
11507,10015010,花蓮縣花蓮市,男,申請人抽籤決定_從父姓,0
11507,10015010,花蓮縣花蓮市,男,申請人抽籤決定_從母姓,0
11507,10015010,花蓮縣花蓮市,男,申請人抽籤決定_傳統姓名,0
11507,10015010,花蓮縣花蓮市,男,戶政事務所抽籤決定_從父姓,0
11507,10015010,花蓮縣花蓮市,男,戶政事務所抽籤決定_從母姓,0
11507,10015010,花蓮縣花蓮市,男,戶政事務所抽籤決定_傳統姓名,0
11507,10015010,花蓮縣花蓮市,男,監護人決定依監護人之姓,0
11507,10015010,花蓮縣花蓮市,女,雙方約定_從父姓,14
11507,10015010,花蓮縣花蓮市,女,雙方約定_從母姓,1
11507,10015010,花蓮縣花蓮市,女,雙方約定_傳統姓名,0
11507,10015010,花蓮縣花蓮市,女,一方約定_從父姓,0
11507,10015010,花蓮縣花蓮市,女,一方約定_從母姓,1
11507,10015010,花蓮縣花蓮市,女,一方約定_傳統姓名,0
11507,10015010,花蓮縣花蓮市,女,申請人抽籤決定_從父姓,0
11507,10015010,花蓮縣花蓮市,女,申請人抽籤決定_從母姓,0
11507,10015010,花蓮縣花蓮市,女,申請人抽籤決定_傳統姓名,0
11507,10015010,花蓮縣花蓮市,女,戶政事務所抽籤決定_從父姓,0
11507,10015010,花蓮縣花蓮市,女,戶政事務所抽籤決定_從母姓,0
11507,10015010,花蓮縣花蓮市,女,戶政事務所抽籤決定_傳統姓名,0
11507,10015010,花蓮縣花蓮市,女,監護人決定依監護人之姓,0
11507,10015020,花蓮縣鳳林鎮,男,雙方約定_從父姓,1
11507,10015020,花蓮縣鳳林鎮,男,雙方約定_從母姓,0
11507,10015020,花蓮縣鳳林鎮,男,雙方約定_傳統姓名,0
11507,10015020,花蓮縣鳳林鎮,男,一方約定_從父姓,0
11507,10015020,花蓮縣鳳林鎮,男,一方約定_從母姓,0
11507,10015020,花蓮縣鳳林鎮,男,一方約定_傳統姓名,0
11507,10015020,花蓮縣鳳林鎮,男,申請人抽籤決定_從父姓,0
11507,10015020,花蓮縣鳳林鎮,男,申請人抽籤決定_從母姓,0
11507,10015020,花蓮縣鳳林鎮,男,申請人抽籤決定_傳統姓名,0
11507,10015020,花蓮縣鳳林鎮,男,戶政事務所抽籤決定_從父姓,0
11507,10015020,花蓮縣鳳林鎮,男,戶政事務所抽籤決定_從母姓,0
11507,10015020,花蓮縣鳳林鎮,男,戶政事務所抽籤決定_傳統姓名,0
11507,10015020,花蓮縣鳳林鎮,男,監護人決定依監護人之姓,0
11507,10015020,花蓮縣鳳林鎮,女,雙方約定_從父姓,0
11507,10015020,花蓮縣鳳林鎮,女,雙方約定_從母姓,0
11507,10015020,花蓮縣鳳林鎮,女,雙方約定_傳統姓名,0
11507,10015020,花蓮縣鳳林鎮,女,一方約定_從父姓,0
11507,10015020,花蓮縣鳳林鎮,女,一方約定_從母姓,0
11507,10015020,花蓮縣鳳林鎮,女,一方約定_傳統姓名,0
11507,10015020,花蓮縣鳳林鎮,女,申請人抽籤決定_從父姓,0
11507,10015020,花蓮縣鳳林鎮,女,申請人抽籤決定_從母姓,0
11507,10015020,花蓮縣鳳林鎮,女,申請人抽籤決定_傳統姓名,0
11507,10015020,花蓮縣鳳林鎮,女,戶政事務所抽籤決定_從父姓,0
11507,10015020,花蓮縣鳳林鎮,女,戶政事務所抽籤決定_從母姓,0
11507,10015020,花蓮縣鳳林鎮,女,戶政事務所抽籤決定_傳統姓名,0
11507,10015020,花蓮縣鳳林鎮,女,監護人決定依監護人之姓,0
11507,10015030,花蓮縣玉里鎮,男,雙方約定_從父姓,2
11507,10015030,花蓮縣玉里鎮,男,雙方約定_從母姓,0
11507,10015030,花蓮縣玉里鎮,男,雙方約定_傳統姓名,0
11507,10015030,花蓮縣玉里鎮,男,一方約定_從父姓,0
11507,10015030,花蓮縣玉里鎮,男,一方約定_從母姓,0
11507,10015030,花蓮縣玉里鎮,男,一方約定_傳統姓名,0
11507,10015030,花蓮縣玉里鎮,男,申請人抽籤決定_從父姓,0
11507,10015030,花蓮縣玉里鎮,男,申請人抽籤決定_從母姓,0
11507,10015030,花蓮縣玉里鎮,男,申請人抽籤決定_傳統姓名,0
11507,10015030,花蓮縣玉里鎮,男,戶政事務所抽籤決定_從父姓,0
11507,10015030,花蓮縣玉里鎮,男,戶政事務所抽籤決定_從母姓,0
11507,10015030,花蓮縣玉里鎮,男,戶政事務所抽籤決定_傳統姓名,0
11507,10015030,花蓮縣玉里鎮,男,監護人決定依監護人之姓,0
11507,10015030,花蓮縣玉里鎮,女,雙方約定_從父姓,0
11507,10015030,花蓮縣玉里鎮,女,雙方約定_從母姓,0
11507,10015030,花蓮縣玉里鎮,女,雙方約定_傳統姓名,0
11507,10015030,花蓮縣玉里鎮,女,一方約定_從父姓,0
11507,10015030,花蓮縣玉里鎮,女,一方約定_從母姓,1
11507,10015030,花蓮縣玉里鎮,女,一方約定_傳統姓名,0
11507,10015030,花蓮縣玉里鎮,女,申請人抽籤決定_從父姓,0
11507,10015030,花蓮縣玉里鎮,女,申請人抽籤決定_從母姓,0
11507,10015030,花蓮縣玉里鎮,女,申請人抽籤決定_傳統姓名,0
11507,10015030,花蓮縣玉里鎮,女,戶政事務所抽籤決定_從父姓,0
11507,10015030,花蓮縣玉里鎮,女,戶政事務所抽籤決定_從母姓,0
11507,10015030,花蓮縣玉里鎮,女,戶政事務所抽籤決定_傳統姓名,0
11507,10015030,花蓮縣玉里鎮,女,監護人決定依監護人之姓,0
11507,10015040,花蓮縣新城鄉,男,雙方約定_從父姓,1
11507,10015040,花蓮縣新城鄉,男,雙方約定_從母姓,0
11507,10015040,花蓮縣新城鄉,男,雙方約定_傳統姓名,0
11507,10015040,花蓮縣新城鄉,男,一方約定_從父姓,0
11507,10015040,花蓮縣新城鄉,男,一方約定_從母姓,1
11507,10015040,花蓮縣新城鄉,男,一方約定_傳統姓名,0
11507,10015040,花蓮縣新城鄉,男,申請人抽籤決定_從父姓,0
11507,10015040,花蓮縣新城鄉,男,申請人抽籤決定_從母姓,0
11507,10015040,花蓮縣新城鄉,男,申請人抽籤決定_傳統姓名,0
11507,10015040,花蓮縣新城鄉,男,戶政事務所抽籤決定_從父姓,0
11507,10015040,花蓮縣新城鄉,男,戶政事務所抽籤決定_從母姓,0
11507,10015040,花蓮縣新城鄉,男,戶政事務所抽籤決定_傳統姓名,0
11507,10015040,花蓮縣新城鄉,男,監護人決定依監護人之姓,0
11507,10015040,花蓮縣新城鄉,女,雙方約定_從父姓,4
11507,10015040,花蓮縣新城鄉,女,雙方約定_從母姓,0
11507,10015040,花蓮縣新城鄉,女,雙方約定_傳統姓名,0
11507,10015040,花蓮縣新城鄉,女,一方約定_從父姓,0
11507,10015040,花蓮縣新城鄉,女,一方約定_從母姓,0
11507,10015040,花蓮縣新城鄉,女,一方約定_傳統姓名,0
11507,10015040,花蓮縣新城鄉,女,申請人抽籤決定_從父姓,0
11507,10015040,花蓮縣新城鄉,女,申請人抽籤決定_從母姓,0
11507,10015040,花蓮縣新城鄉,女,申請人抽籤決定_傳統姓名,0
11507,10015040,花蓮縣新城鄉,女,戶政事務所抽籤決定_從父姓,0
11507,10015040,花蓮縣新城鄉,女,戶政事務所抽籤決定_從母姓,0
11507,10015040,花蓮縣新城鄉,女,戶政事務所抽籤決定_傳統姓名,0
11507,10015040,花蓮縣新城鄉,女,監護人決定依監護人之姓,0
11507,10015050,花蓮縣吉安鄉,男,雙方約定_從父姓,14
11507,10015050,花蓮縣吉安鄉,男,雙方約定_從母姓,0
11507,10015050,花蓮縣吉安鄉,男,雙方約定_傳統姓名,0
11507,10015050,花蓮縣吉安鄉,男,一方約定_從父姓,0
11507,10015050,花蓮縣吉安鄉,男,一方約定_從母姓,0
11507,10015050,花蓮縣吉安鄉,男,一方約定_傳統姓名,0
11507,10015050,花蓮縣吉安鄉,男,申請人抽籤決定_從父姓,0
11507,10015050,花蓮縣吉安鄉,男,申請人抽籤決定_從母姓,0
11507,10015050,花蓮縣吉安鄉,男,申請人抽籤決定_傳統姓名,0
11507,10015050,花蓮縣吉安鄉,男,戶政事務所抽籤決定_從父姓,0
11507,10015050,花蓮縣吉安鄉,男,戶政事務所抽籤決定_從母姓,0
11507,10015050,花蓮縣吉安鄉,男,戶政事務所抽籤決定_傳統姓名,0
11507,10015050,花蓮縣吉安鄉,男,監護人決定依監護人之姓,0
11507,10015050,花蓮縣吉安鄉,女,雙方約定_從父姓,9
11507,10015050,花蓮縣吉安鄉,女,雙方約定_從母姓,1
11507,10015050,花蓮縣吉安鄉,女,雙方約定_傳統姓名,0
11507,10015050,花蓮縣吉安鄉,女,一方約定_從父姓,0
11507,10015050,花蓮縣吉安鄉,女,一方約定_從母姓,0
11507,10015050,花蓮縣吉安鄉,女,一方約定_傳統姓名,0
11507,10015050,花蓮縣吉安鄉,女,申請人抽籤決定_從父姓,0
11507,10015050,花蓮縣吉安鄉,女,申請人抽籤決定_從母姓,0
11507,10015050,花蓮縣吉安鄉,女,申請人抽籤決定_傳統姓名,0
11507,10015050,花蓮縣吉安鄉,女,戶政事務所抽籤決定_從父姓,0
11507,10015050,花蓮縣吉安鄉,女,戶政事務所抽籤決定_從母姓,0
11507,10015050,花蓮縣吉安鄉,女,戶政事務所抽籤決定_傳統姓名,0
11507,10015050,花蓮縣吉安鄉,女,監護人決定依監護人之姓,0
11507,10015060,花蓮縣壽豐鄉,男,雙方約定_從父姓,2
11507,10015060,花蓮縣壽豐鄉,男,雙方約定_從母姓,0
11507,10015060,花蓮縣壽豐鄉,男,雙方約定_傳統姓名,0
11507,10015060,花蓮縣壽豐鄉,男,一方約定_從父姓,0
11507,10015060,花蓮縣壽豐鄉,男,一方約定_從母姓,1
11507,10015060,花蓮縣壽豐鄉,男,一方約定_傳統姓名,0
11507,10015060,花蓮縣壽豐鄉,男,申請人抽籤決定_從父姓,0
11507,10015060,花蓮縣壽豐鄉,男,申請人抽籤決定_從母姓,0
11507,10015060,花蓮縣壽豐鄉,男,申請人抽籤決定_傳統姓名,0
11507,10015060,花蓮縣壽豐鄉,男,戶政事務所抽籤決定_從父姓,0
11507,10015060,花蓮縣壽豐鄉,男,戶政事務所抽籤決定_從母姓,0
11507,10015060,花蓮縣壽豐鄉,男,戶政事務所抽籤決定_傳統姓名,0
11507,10015060,花蓮縣壽豐鄉,男,監護人決定依監護人之姓,0
11507,10015060,花蓮縣壽豐鄉,女,雙方約定_從父姓,2
11507,10015060,花蓮縣壽豐鄉,女,雙方約定_從母姓,0
11507,10015060,花蓮縣壽豐鄉,女,雙方約定_傳統姓名,0
11507,10015060,花蓮縣壽豐鄉,女,一方約定_從父姓,0
11507,10015060,花蓮縣壽豐鄉,女,一方約定_從母姓,0
11507,10015060,花蓮縣壽豐鄉,女,一方約定_傳統姓名,0
11507,10015060,花蓮縣壽豐鄉,女,申請人抽籤決定_從父姓,0
11507,10015060,花蓮縣壽豐鄉,女,申請人抽籤決定_從母姓,0
11507,10015060,花蓮縣壽豐鄉,女,申請人抽籤決定_傳統姓名,0
11507,10015060,花蓮縣壽豐鄉,女,戶政事務所抽籤決定_從父姓,0
11507,10015060,花蓮縣壽豐鄉,女,戶政事務所抽籤決定_從母姓,0
11507,10015060,花蓮縣壽豐鄉,女,戶政事務所抽籤決定_傳統姓名,0
11507,10015060,花蓮縣壽豐鄉,女,監護人決定依監護人之姓,0
11507,10015070,花蓮縣光復鄉,男,雙方約定_從父姓,0
11507,10015070,花蓮縣光復鄉,男,雙方約定_從母姓,0
11507,10015070,花蓮縣光復鄉,男,雙方約定_傳統姓名,0
11507,10015070,花蓮縣光復鄉,男,一方約定_從父姓,0
11507,10015070,花蓮縣光復鄉,男,一方約定_從母姓,0
11507,10015070,花蓮縣光復鄉,男,一方約定_傳統姓名,0
11507,10015070,花蓮縣光復鄉,男,申請人抽籤決定_從父姓,0
11507,10015070,花蓮縣光復鄉,男,申請人抽籤決定_從母姓,0
11507,10015070,花蓮縣光復鄉,男,申請人抽籤決定_傳統姓名,0
11507,10015070,花蓮縣光復鄉,男,戶政事務所抽籤決定_從父姓,0
11507,10015070,花蓮縣光復鄉,男,戶政事務所抽籤決定_從母姓,0
11507,10015070,花蓮縣光復鄉,男,戶政事務所抽籤決定_傳統姓名,0
11507,10015070,花蓮縣光復鄉,男,監護人決定依監護人之姓,0
11507,10015070,花蓮縣光復鄉,女,雙方約定_從父姓,1
11507,10015070,花蓮縣光復鄉,女,雙方約定_從母姓,0
11507,10015070,花蓮縣光復鄉,女,雙方約定_傳統姓名,0
11507,10015070,花蓮縣光復鄉,女,一方約定_從父姓,0
11507,10015070,花蓮縣光復鄉,女,一方約定_從母姓,1
11507,10015070,花蓮縣光復鄉,女,一方約定_傳統姓名,0
11507,10015070,花蓮縣光復鄉,女,申請人抽籤決定_從父姓,0
11507,10015070,花蓮縣光復鄉,女,申請人抽籤決定_從母姓,0
11507,10015070,花蓮縣光復鄉,女,申請人抽籤決定_傳統姓名,0
11507,10015070,花蓮縣光復鄉,女,戶政事務所抽籤決定_從父姓,0
11507,10015070,花蓮縣光復鄉,女,戶政事務所抽籤決定_從母姓,0
11507,10015070,花蓮縣光復鄉,女,戶政事務所抽籤決定_傳統姓名,0
11507,10015070,花蓮縣光復鄉,女,監護人決定依監護人之姓,0
11507,10015080,花蓮縣豐濱鄉,男,雙方約定_從父姓,1
11507,10015080,花蓮縣豐濱鄉,男,雙方約定_從母姓,0
11507,10015080,花蓮縣豐濱鄉,男,雙方約定_傳統姓名,0
11507,10015080,花蓮縣豐濱鄉,男,一方約定_從父姓,0
11507,10015080,花蓮縣豐濱鄉,男,一方約定_從母姓,0
11507,10015080,花蓮縣豐濱鄉,男,一方約定_傳統姓名,0
11507,10015080,花蓮縣豐濱鄉,男,申請人抽籤決定_從父姓,0
11507,10015080,花蓮縣豐濱鄉,男,申請人抽籤決定_從母姓,0
11507,10015080,花蓮縣豐濱鄉,男,申請人抽籤決定_傳統姓名,0
11507,10015080,花蓮縣豐濱鄉,男,戶政事務所抽籤決定_從父姓,0
11507,10015080,花蓮縣豐濱鄉,男,戶政事務所抽籤決定_從母姓,0
11507,10015080,花蓮縣豐濱鄉,男,戶政事務所抽籤決定_傳統姓名,0
11507,10015080,花蓮縣豐濱鄉,男,監護人決定依監護人之姓,0
11507,10015080,花蓮縣豐濱鄉,女,雙方約定_從父姓,0
11507,10015080,花蓮縣豐濱鄉,女,雙方約定_從母姓,0
11507,10015080,花蓮縣豐濱鄉,女,雙方約定_傳統姓名,0
11507,10015080,花蓮縣豐濱鄉,女,一方約定_從父姓,0
11507,10015080,花蓮縣豐濱鄉,女,一方約定_從母姓,0
11507,10015080,花蓮縣豐濱鄉,女,一方約定_傳統姓名,0
11507,10015080,花蓮縣豐濱鄉,女,申請人抽籤決定_從父姓,0
11507,10015080,花蓮縣豐濱鄉,女,申請人抽籤決定_從母姓,0
11507,10015080,花蓮縣豐濱鄉,女,申請人抽籤決定_傳統姓名,0
11507,10015080,花蓮縣豐濱鄉,女,戶政事務所抽籤決定_從父姓,0
11507,10015080,花蓮縣豐濱鄉,女,戶政事務所抽籤決定_從母姓,0
11507,10015080,花蓮縣豐濱鄉,女,戶政事務所抽籤決定_傳統姓名,0
11507,10015080,花蓮縣豐濱鄉,女,監護人決定依監護人之姓,0
11507,10015090,花蓮縣瑞穗鄉,男,雙方約定_從父姓,0
11507,10015090,花蓮縣瑞穗鄉,男,雙方約定_從母姓,0
11507,10015090,花蓮縣瑞穗鄉,男,雙方約定_傳統姓名,0
11507,10015090,花蓮縣瑞穗鄉,男,一方約定_從父姓,0
11507,10015090,花蓮縣瑞穗鄉,男,一方約定_從母姓,0
11507,10015090,花蓮縣瑞穗鄉,男,一方約定_傳統姓名,0
11507,10015090,花蓮縣瑞穗鄉,男,申請人抽籤決定_從父姓,0
11507,10015090,花蓮縣瑞穗鄉,男,申請人抽籤決定_從母姓,0
11507,10015090,花蓮縣瑞穗鄉,男,申請人抽籤決定_傳統姓名,0
11507,10015090,花蓮縣瑞穗鄉,男,戶政事務所抽籤決定_從父姓,0
11507,10015090,花蓮縣瑞穗鄉,男,戶政事務所抽籤決定_從母姓,0
11507,10015090,花蓮縣瑞穗鄉,男,戶政事務所抽籤決定_傳統姓名,0
11507,10015090,花蓮縣瑞穗鄉,男,監護人決定依監護人之姓,0
11507,10015090,花蓮縣瑞穗鄉,女,雙方約定_從父姓,3
11507,10015090,花蓮縣瑞穗鄉,女,雙方約定_從母姓,0
11507,10015090,花蓮縣瑞穗鄉,女,雙方約定_傳統姓名,0
11507,10015090,花蓮縣瑞穗鄉,女,一方約定_從父姓,0
11507,10015090,花蓮縣瑞穗鄉,女,一方約定_從母姓,2
11507,10015090,花蓮縣瑞穗鄉,女,一方約定_傳統姓名,0
11507,10015090,花蓮縣瑞穗鄉,女,申請人抽籤決定_從父姓,0
11507,10015090,花蓮縣瑞穗鄉,女,申請人抽籤決定_從母姓,0
11507,10015090,花蓮縣瑞穗鄉,女,申請人抽籤決定_傳統姓名,0
11507,10015090,花蓮縣瑞穗鄉,女,戶政事務所抽籤決定_從父姓,0
11507,10015090,花蓮縣瑞穗鄉,女,戶政事務所抽籤決定_從母姓,0
11507,10015090,花蓮縣瑞穗鄉,女,戶政事務所抽籤決定_傳統姓名,0
11507,10015090,花蓮縣瑞穗鄉,女,監護人決定依監護人之姓,0
11507,10015100,花蓮縣富里鄉,男,雙方約定_從父姓,1
11507,10015100,花蓮縣富里鄉,男,雙方約定_從母姓,0
11507,10015100,花蓮縣富里鄉,男,雙方約定_傳統姓名,0
11507,10015100,花蓮縣富里鄉,男,一方約定_從父姓,0
11507,10015100,花蓮縣富里鄉,男,一方約定_從母姓,0
11507,10015100,花蓮縣富里鄉,男,一方約定_傳統姓名,0
11507,10015100,花蓮縣富里鄉,男,申請人抽籤決定_從父姓,0
11507,10015100,花蓮縣富里鄉,男,申請人抽籤決定_從母姓,0
11507,10015100,花蓮縣富里鄉,男,申請人抽籤決定_傳統姓名,0
11507,10015100,花蓮縣富里鄉,男,戶政事務所抽籤決定_從父姓,0
11507,10015100,花蓮縣富里鄉,男,戶政事務所抽籤決定_從母姓,0
11507,10015100,花蓮縣富里鄉,男,戶政事務所抽籤決定_傳統姓名,0
11507,10015100,花蓮縣富里鄉,男,監護人決定依監護人之姓,0
11507,10015100,花蓮縣富里鄉,女,雙方約定_從父姓,4
11507,10015100,花蓮縣富里鄉,女,雙方約定_從母姓,1
11507,10015100,花蓮縣富里鄉,女,雙方約定_傳統姓名,0
11507,10015100,花蓮縣富里鄉,女,一方約定_從父姓,0
11507,10015100,花蓮縣富里鄉,女,一方約定_從母姓,0
11507,10015100,花蓮縣富里鄉,女,一方約定_傳統姓名,0
11507,10015100,花蓮縣富里鄉,女,申請人抽籤決定_從父姓,0
11507,10015100,花蓮縣富里鄉,女,申請人抽籤決定_從母姓,0
11507,10015100,花蓮縣富里鄉,女,申請人抽籤決定_傳統姓名,0
11507,10015100,花蓮縣富里鄉,女,戶政事務所抽籤決定_從父姓,0
11507,10015100,花蓮縣富里鄉,女,戶政事務所抽籤決定_從母姓,0
11507,10015100,花蓮縣富里鄉,女,戶政事務所抽籤決定_傳統姓名,0
11507,10015100,花蓮縣富里鄉,女,監護人決定依監護人之姓,0
11507,10015110,花蓮縣秀林鄉,男,雙方約定_從父姓,6
11507,10015110,花蓮縣秀林鄉,男,雙方約定_從母姓,0
11507,10015110,花蓮縣秀林鄉,男,雙方約定_傳統姓名,1
11507,10015110,花蓮縣秀林鄉,男,一方約定_從父姓,0
11507,10015110,花蓮縣秀林鄉,男,一方約定_從母姓,2
11507,10015110,花蓮縣秀林鄉,男,一方約定_傳統姓名,0
11507,10015110,花蓮縣秀林鄉,男,申請人抽籤決定_從父姓,0
11507,10015110,花蓮縣秀林鄉,男,申請人抽籤決定_從母姓,0
11507,10015110,花蓮縣秀林鄉,男,申請人抽籤決定_傳統姓名,0
11507,10015110,花蓮縣秀林鄉,男,戶政事務所抽籤決定_從父姓,0
11507,10015110,花蓮縣秀林鄉,男,戶政事務所抽籤決定_從母姓,0
11507,10015110,花蓮縣秀林鄉,男,戶政事務所抽籤決定_傳統姓名,0
11507,10015110,花蓮縣秀林鄉,男,監護人決定依監護人之姓,0
11507,10015110,花蓮縣秀林鄉,女,雙方約定_從父姓,9
11507,10015110,花蓮縣秀林鄉,女,雙方約定_從母姓,0
11507,10015110,花蓮縣秀林鄉,女,雙方約定_傳統姓名,0
11507,10015110,花蓮縣秀林鄉,女,一方約定_從父姓,0
11507,10015110,花蓮縣秀林鄉,女,一方約定_從母姓,1
11507,10015110,花蓮縣秀林鄉,女,一方約定_傳統姓名,0
11507,10015110,花蓮縣秀林鄉,女,申請人抽籤決定_從父姓,0
11507,10015110,花蓮縣秀林鄉,女,申請人抽籤決定_從母姓,0
11507,10015110,花蓮縣秀林鄉,女,申請人抽籤決定_傳統姓名,0
11507,10015110,花蓮縣秀林鄉,女,戶政事務所抽籤決定_從父姓,0
11507,10015110,花蓮縣秀林鄉,女,戶政事務所抽籤決定_從母姓,0
11507,10015110,花蓮縣秀林鄉,女,戶政事務所抽籤決定_傳統姓名,0
11507,10015110,花蓮縣秀林鄉,女,監護人決定依監護人之姓,0
11507,10015120,花蓮縣萬榮鄉,男,雙方約定_從父姓,0
11507,10015120,花蓮縣萬榮鄉,男,雙方約定_從母姓,1
11507,10015120,花蓮縣萬榮鄉,男,雙方約定_傳統姓名,0
11507,10015120,花蓮縣萬榮鄉,男,一方約定_從父姓,0
11507,10015120,花蓮縣萬榮鄉,男,一方約定_從母姓,0
11507,10015120,花蓮縣萬榮鄉,男,一方約定_傳統姓名,0
11507,10015120,花蓮縣萬榮鄉,男,申請人抽籤決定_從父姓,0
11507,10015120,花蓮縣萬榮鄉,男,申請人抽籤決定_從母姓,0
11507,10015120,花蓮縣萬榮鄉,男,申請人抽籤決定_傳統姓名,0
11507,10015120,花蓮縣萬榮鄉,男,戶政事務所抽籤決定_從父姓,0
11507,10015120,花蓮縣萬榮鄉,男,戶政事務所抽籤決定_從母姓,0
11507,10015120,花蓮縣萬榮鄉,男,戶政事務所抽籤決定_傳統姓名,0
11507,10015120,花蓮縣萬榮鄉,男,監護人決定依監護人之姓,0
11507,10015120,花蓮縣萬榮鄉,女,雙方約定_從父姓,0
11507,10015120,花蓮縣萬榮鄉,女,雙方約定_從母姓,0
11507,10015120,花蓮縣萬榮鄉,女,雙方約定_傳統姓名,0
11507,10015120,花蓮縣萬榮鄉,女,一方約定_從父姓,0
11507,10015120,花蓮縣萬榮鄉,女,一方約定_從母姓,0
11507,10015120,花蓮縣萬榮鄉,女,一方約定_傳統姓名,0
11507,10015120,花蓮縣萬榮鄉,女,申請人抽籤決定_從父姓,0
11507,10015120,花蓮縣萬榮鄉,女,申請人抽籤決定_從母姓,0
11507,10015120,花蓮縣萬榮鄉,女,申請人抽籤決定_傳統姓名,0
11507,10015120,花蓮縣萬榮鄉,女,戶政事務所抽籤決定_從父姓,0
11507,10015120,花蓮縣萬榮鄉,女,戶政事務所抽籤決定_從母姓,0
11507,10015120,花蓮縣萬榮鄉,女,戶政事務所抽籤決定_傳統姓名,0
11507,10015120,花蓮縣萬榮鄉,女,監護人決定依監護人之姓,0
11507,10015130,花蓮縣卓溪鄉,男,雙方約定_從父姓,0
11507,10015130,花蓮縣卓溪鄉,男,雙方約定_從母姓,0
11507,10015130,花蓮縣卓溪鄉,男,雙方約定_傳統姓名,0
11507,10015130,花蓮縣卓溪鄉,男,一方約定_從父姓,0
11507,10015130,花蓮縣卓溪鄉,男,一方約定_從母姓,0
11507,10015130,花蓮縣卓溪鄉,男,一方約定_傳統姓名,0
11507,10015130,花蓮縣卓溪鄉,男,申請人抽籤決定_從父姓,0
11507,10015130,花蓮縣卓溪鄉,男,申請人抽籤決定_從母姓,0
11507,10015130,花蓮縣卓溪鄉,男,申請人抽籤決定_傳統姓名,0
11507,10015130,花蓮縣卓溪鄉,男,戶政事務所抽籤決定_從父姓,0
11507,10015130,花蓮縣卓溪鄉,男,戶政事務所抽籤決定_從母姓,0
11507,10015130,花蓮縣卓溪鄉,男,戶政事務所抽籤決定_傳統姓名,0
11507,10015130,花蓮縣卓溪鄉,男,監護人決定依監護人之姓,0
11507,10015130,花蓮縣卓溪鄉,女,雙方約定_從父姓,1
11507,10015130,花蓮縣卓溪鄉,女,雙方約定_從母姓,0
11507,10015130,花蓮縣卓溪鄉,女,雙方約定_傳統姓名,0
11507,10015130,花蓮縣卓溪鄉,女,一方約定_從父姓,0
11507,10015130,花蓮縣卓溪鄉,女,一方約定_從母姓,0
11507,10015130,花蓮縣卓溪鄉,女,一方約定_傳統姓名,0
11507,10015130,花蓮縣卓溪鄉,女,申請人抽籤決定_從父姓,0
11507,10015130,花蓮縣卓溪鄉,女,申請人抽籤決定_從母姓,0
11507,10015130,花蓮縣卓溪鄉,女,申請人抽籤決定_傳統姓名,0
11507,10015130,花蓮縣卓溪鄉,女,戶政事務所抽籤決定_從父姓,0
11507,10015130,花蓮縣卓溪鄉,女,戶政事務所抽籤決定_從母姓,0
11507,10015130,花蓮縣卓溪鄉,女,戶政事務所抽籤決定_傳統姓名,0
11507,10015130,花蓮縣卓溪鄉,女,監護人決定依監護人之姓,0
11507,10016010,澎湖縣馬公市,男,雙方約定_從父姓,8
11507,10016010,澎湖縣馬公市,男,雙方約定_從母姓,0
11507,10016010,澎湖縣馬公市,男,雙方約定_傳統姓名,0
11507,10016010,澎湖縣馬公市,男,一方約定_從父姓,0
11507,10016010,澎湖縣馬公市,男,一方約定_從母姓,0
11507,10016010,澎湖縣馬公市,男,一方約定_傳統姓名,0
11507,10016010,澎湖縣馬公市,男,申請人抽籤決定_從父姓,0
11507,10016010,澎湖縣馬公市,男,申請人抽籤決定_從母姓,0
11507,10016010,澎湖縣馬公市,男,申請人抽籤決定_傳統姓名,0
11507,10016010,澎湖縣馬公市,男,戶政事務所抽籤決定_從父姓,0
11507,10016010,澎湖縣馬公市,男,戶政事務所抽籤決定_從母姓,0
11507,10016010,澎湖縣馬公市,男,戶政事務所抽籤決定_傳統姓名,0
11507,10016010,澎湖縣馬公市,男,監護人決定依監護人之姓,0
11507,10016010,澎湖縣馬公市,女,雙方約定_從父姓,20
11507,10016010,澎湖縣馬公市,女,雙方約定_從母姓,1
11507,10016010,澎湖縣馬公市,女,雙方約定_傳統姓名,0
11507,10016010,澎湖縣馬公市,女,一方約定_從父姓,0
11507,10016010,澎湖縣馬公市,女,一方約定_從母姓,0
11507,10016010,澎湖縣馬公市,女,一方約定_傳統姓名,0
11507,10016010,澎湖縣馬公市,女,申請人抽籤決定_從父姓,0
11507,10016010,澎湖縣馬公市,女,申請人抽籤決定_從母姓,0
11507,10016010,澎湖縣馬公市,女,申請人抽籤決定_傳統姓名,0
11507,10016010,澎湖縣馬公市,女,戶政事務所抽籤決定_從父姓,0
11507,10016010,澎湖縣馬公市,女,戶政事務所抽籤決定_從母姓,0
11507,10016010,澎湖縣馬公市,女,戶政事務所抽籤決定_傳統姓名,0
11507,10016010,澎湖縣馬公市,女,監護人決定依監護人之姓,0
11507,10016020,澎湖縣湖西鄉,男,雙方約定_從父姓,3
11507,10016020,澎湖縣湖西鄉,男,雙方約定_從母姓,0
11507,10016020,澎湖縣湖西鄉,男,雙方約定_傳統姓名,0
11507,10016020,澎湖縣湖西鄉,男,一方約定_從父姓,0
11507,10016020,澎湖縣湖西鄉,男,一方約定_從母姓,0
11507,10016020,澎湖縣湖西鄉,男,一方約定_傳統姓名,0
11507,10016020,澎湖縣湖西鄉,男,申請人抽籤決定_從父姓,0
11507,10016020,澎湖縣湖西鄉,男,申請人抽籤決定_從母姓,0
11507,10016020,澎湖縣湖西鄉,男,申請人抽籤決定_傳統姓名,0
11507,10016020,澎湖縣湖西鄉,男,戶政事務所抽籤決定_從父姓,0
11507,10016020,澎湖縣湖西鄉,男,戶政事務所抽籤決定_從母姓,0
11507,10016020,澎湖縣湖西鄉,男,戶政事務所抽籤決定_傳統姓名,0
11507,10016020,澎湖縣湖西鄉,男,監護人決定依監護人之姓,0
11507,10016020,澎湖縣湖西鄉,女,雙方約定_從父姓,3
11507,10016020,澎湖縣湖西鄉,女,雙方約定_從母姓,0
11507,10016020,澎湖縣湖西鄉,女,雙方約定_傳統姓名,0
11507,10016020,澎湖縣湖西鄉,女,一方約定_從父姓,0
11507,10016020,澎湖縣湖西鄉,女,一方約定_從母姓,0
11507,10016020,澎湖縣湖西鄉,女,一方約定_傳統姓名,0
11507,10016020,澎湖縣湖西鄉,女,申請人抽籤決定_從父姓,0
11507,10016020,澎湖縣湖西鄉,女,申請人抽籤決定_從母姓,0
11507,10016020,澎湖縣湖西鄉,女,申請人抽籤決定_傳統姓名,0
11507,10016020,澎湖縣湖西鄉,女,戶政事務所抽籤決定_從父姓,0
11507,10016020,澎湖縣湖西鄉,女,戶政事務所抽籤決定_從母姓,0
11507,10016020,澎湖縣湖西鄉,女,戶政事務所抽籤決定_傳統姓名,0
11507,10016020,澎湖縣湖西鄉,女,監護人決定依監護人之姓,0
11507,10016030,澎湖縣白沙鄉,男,雙方約定_從父姓,3
11507,10016030,澎湖縣白沙鄉,男,雙方約定_從母姓,0
11507,10016030,澎湖縣白沙鄉,男,雙方約定_傳統姓名,0
11507,10016030,澎湖縣白沙鄉,男,一方約定_從父姓,0
11507,10016030,澎湖縣白沙鄉,男,一方約定_從母姓,0
11507,10016030,澎湖縣白沙鄉,男,一方約定_傳統姓名,0
11507,10016030,澎湖縣白沙鄉,男,申請人抽籤決定_從父姓,0
11507,10016030,澎湖縣白沙鄉,男,申請人抽籤決定_從母姓,0
11507,10016030,澎湖縣白沙鄉,男,申請人抽籤決定_傳統姓名,0
11507,10016030,澎湖縣白沙鄉,男,戶政事務所抽籤決定_從父姓,0
11507,10016030,澎湖縣白沙鄉,男,戶政事務所抽籤決定_從母姓,0
11507,10016030,澎湖縣白沙鄉,男,戶政事務所抽籤決定_傳統姓名,0
11507,10016030,澎湖縣白沙鄉,男,監護人決定依監護人之姓,0
11507,10016030,澎湖縣白沙鄉,女,雙方約定_從父姓,0
11507,10016030,澎湖縣白沙鄉,女,雙方約定_從母姓,0
11507,10016030,澎湖縣白沙鄉,女,雙方約定_傳統姓名,0
11507,10016030,澎湖縣白沙鄉,女,一方約定_從父姓,0
11507,10016030,澎湖縣白沙鄉,女,一方約定_從母姓,0
11507,10016030,澎湖縣白沙鄉,女,一方約定_傳統姓名,0
11507,10016030,澎湖縣白沙鄉,女,申請人抽籤決定_從父姓,0
11507,10016030,澎湖縣白沙鄉,女,申請人抽籤決定_從母姓,0
11507,10016030,澎湖縣白沙鄉,女,申請人抽籤決定_傳統姓名,0
11507,10016030,澎湖縣白沙鄉,女,戶政事務所抽籤決定_從父姓,0
11507,10016030,澎湖縣白沙鄉,女,戶政事務所抽籤決定_從母姓,0
11507,10016030,澎湖縣白沙鄉,女,戶政事務所抽籤決定_傳統姓名,0
11507,10016030,澎湖縣白沙鄉,女,監護人決定依監護人之姓,0
11507,10016040,澎湖縣西嶼鄉,男,雙方約定_從父姓,2
11507,10016040,澎湖縣西嶼鄉,男,雙方約定_從母姓,0
11507,10016040,澎湖縣西嶼鄉,男,雙方約定_傳統姓名,0
11507,10016040,澎湖縣西嶼鄉,男,一方約定_從父姓,0
11507,10016040,澎湖縣西嶼鄉,男,一方約定_從母姓,0
11507,10016040,澎湖縣西嶼鄉,男,一方約定_傳統姓名,0
11507,10016040,澎湖縣西嶼鄉,男,申請人抽籤決定_從父姓,0
11507,10016040,澎湖縣西嶼鄉,男,申請人抽籤決定_從母姓,0
11507,10016040,澎湖縣西嶼鄉,男,申請人抽籤決定_傳統姓名,0
11507,10016040,澎湖縣西嶼鄉,男,戶政事務所抽籤決定_從父姓,0
11507,10016040,澎湖縣西嶼鄉,男,戶政事務所抽籤決定_從母姓,0
11507,10016040,澎湖縣西嶼鄉,男,戶政事務所抽籤決定_傳統姓名,0
11507,10016040,澎湖縣西嶼鄉,男,監護人決定依監護人之姓,0
11507,10016040,澎湖縣西嶼鄉,女,雙方約定_從父姓,0
11507,10016040,澎湖縣西嶼鄉,女,雙方約定_從母姓,0
11507,10016040,澎湖縣西嶼鄉,女,雙方約定_傳統姓名,0
11507,10016040,澎湖縣西嶼鄉,女,一方約定_從父姓,0
11507,10016040,澎湖縣西嶼鄉,女,一方約定_從母姓,0
11507,10016040,澎湖縣西嶼鄉,女,一方約定_傳統姓名,0
11507,10016040,澎湖縣西嶼鄉,女,申請人抽籤決定_從父姓,0
11507,10016040,澎湖縣西嶼鄉,女,申請人抽籤決定_從母姓,0
11507,10016040,澎湖縣西嶼鄉,女,申請人抽籤決定_傳統姓名,0
11507,10016040,澎湖縣西嶼鄉,女,戶政事務所抽籤決定_從父姓,0
11507,10016040,澎湖縣西嶼鄉,女,戶政事務所抽籤決定_從母姓,0
11507,10016040,澎湖縣西嶼鄉,女,戶政事務所抽籤決定_傳統姓名,0
11507,10016040,澎湖縣西嶼鄉,女,監護人決定依監護人之姓,0
11507,10016050,澎湖縣望安鄉,男,雙方約定_從父姓,1
11507,10016050,澎湖縣望安鄉,男,雙方約定_從母姓,0
11507,10016050,澎湖縣望安鄉,男,雙方約定_傳統姓名,0
11507,10016050,澎湖縣望安鄉,男,一方約定_從父姓,0
11507,10016050,澎湖縣望安鄉,男,一方約定_從母姓,0
11507,10016050,澎湖縣望安鄉,男,一方約定_傳統姓名,0
11507,10016050,澎湖縣望安鄉,男,申請人抽籤決定_從父姓,0
11507,10016050,澎湖縣望安鄉,男,申請人抽籤決定_從母姓,0
11507,10016050,澎湖縣望安鄉,男,申請人抽籤決定_傳統姓名,0
11507,10016050,澎湖縣望安鄉,男,戶政事務所抽籤決定_從父姓,0
11507,10016050,澎湖縣望安鄉,男,戶政事務所抽籤決定_從母姓,0
11507,10016050,澎湖縣望安鄉,男,戶政事務所抽籤決定_傳統姓名,0
11507,10016050,澎湖縣望安鄉,男,監護人決定依監護人之姓,0
11507,10016050,澎湖縣望安鄉,女,雙方約定_從父姓,0
11507,10016050,澎湖縣望安鄉,女,雙方約定_從母姓,0
11507,10016050,澎湖縣望安鄉,女,雙方約定_傳統姓名,0
11507,10016050,澎湖縣望安鄉,女,一方約定_從父姓,0
11507,10016050,澎湖縣望安鄉,女,一方約定_從母姓,0
11507,10016050,澎湖縣望安鄉,女,一方約定_傳統姓名,0
11507,10016050,澎湖縣望安鄉,女,申請人抽籤決定_從父姓,0
11507,10016050,澎湖縣望安鄉,女,申請人抽籤決定_從母姓,0
11507,10016050,澎湖縣望安鄉,女,申請人抽籤決定_傳統姓名,0
11507,10016050,澎湖縣望安鄉,女,戶政事務所抽籤決定_從父姓,0
11507,10016050,澎湖縣望安鄉,女,戶政事務所抽籤決定_從母姓,0
11507,10016050,澎湖縣望安鄉,女,戶政事務所抽籤決定_傳統姓名,0
11507,10016050,澎湖縣望安鄉,女,監護人決定依監護人之姓,0
11507,10016060,澎湖縣七美鄉,男,雙方約定_從父姓,3
11507,10016060,澎湖縣七美鄉,男,雙方約定_從母姓,0
11507,10016060,澎湖縣七美鄉,男,雙方約定_傳統姓名,0
11507,10016060,澎湖縣七美鄉,男,一方約定_從父姓,0
11507,10016060,澎湖縣七美鄉,男,一方約定_從母姓,0
11507,10016060,澎湖縣七美鄉,男,一方約定_傳統姓名,0
11507,10016060,澎湖縣七美鄉,男,申請人抽籤決定_從父姓,0
11507,10016060,澎湖縣七美鄉,男,申請人抽籤決定_從母姓,0
11507,10016060,澎湖縣七美鄉,男,申請人抽籤決定_傳統姓名,0
11507,10016060,澎湖縣七美鄉,男,戶政事務所抽籤決定_從父姓,0
11507,10016060,澎湖縣七美鄉,男,戶政事務所抽籤決定_從母姓,0
11507,10016060,澎湖縣七美鄉,男,戶政事務所抽籤決定_傳統姓名,0
11507,10016060,澎湖縣七美鄉,男,監護人決定依監護人之姓,0
11507,10016060,澎湖縣七美鄉,女,雙方約定_從父姓,1
11507,10016060,澎湖縣七美鄉,女,雙方約定_從母姓,0
11507,10016060,澎湖縣七美鄉,女,雙方約定_傳統姓名,0
11507,10016060,澎湖縣七美鄉,女,一方約定_從父姓,0
11507,10016060,澎湖縣七美鄉,女,一方約定_從母姓,0
11507,10016060,澎湖縣七美鄉,女,一方約定_傳統姓名,0
11507,10016060,澎湖縣七美鄉,女,申請人抽籤決定_從父姓,0
11507,10016060,澎湖縣七美鄉,女,申請人抽籤決定_從母姓,0
11507,10016060,澎湖縣七美鄉,女,申請人抽籤決定_傳統姓名,0
11507,10016060,澎湖縣七美鄉,女,戶政事務所抽籤決定_從父姓,0
11507,10016060,澎湖縣七美鄉,女,戶政事務所抽籤決定_從母姓,0
11507,10016060,澎湖縣七美鄉,女,戶政事務所抽籤決定_傳統姓名,0
11507,10016060,澎湖縣七美鄉,女,監護人決定依監護人之姓,0
11507,10017010,基隆市中正區,男,雙方約定_從父姓,6
11507,10017010,基隆市中正區,男,雙方約定_從母姓,0
11507,10017010,基隆市中正區,男,雙方約定_傳統姓名,0
11507,10017010,基隆市中正區,男,一方約定_從父姓,0
11507,10017010,基隆市中正區,男,一方約定_從母姓,1
11507,10017010,基隆市中正區,男,一方約定_傳統姓名,0
11507,10017010,基隆市中正區,男,申請人抽籤決定_從父姓,0
11507,10017010,基隆市中正區,男,申請人抽籤決定_從母姓,0
11507,10017010,基隆市中正區,男,申請人抽籤決定_傳統姓名,0
11507,10017010,基隆市中正區,男,戶政事務所抽籤決定_從父姓,0
11507,10017010,基隆市中正區,男,戶政事務所抽籤決定_從母姓,0
11507,10017010,基隆市中正區,男,戶政事務所抽籤決定_傳統姓名,0
11507,10017010,基隆市中正區,男,監護人決定依監護人之姓,0
11507,10017010,基隆市中正區,女,雙方約定_從父姓,4
11507,10017010,基隆市中正區,女,雙方約定_從母姓,0
11507,10017010,基隆市中正區,女,雙方約定_傳統姓名,0
11507,10017010,基隆市中正區,女,一方約定_從父姓,0
11507,10017010,基隆市中正區,女,一方約定_從母姓,1
11507,10017010,基隆市中正區,女,一方約定_傳統姓名,0
11507,10017010,基隆市中正區,女,申請人抽籤決定_從父姓,0
11507,10017010,基隆市中正區,女,申請人抽籤決定_從母姓,0
11507,10017010,基隆市中正區,女,申請人抽籤決定_傳統姓名,0
11507,10017010,基隆市中正區,女,戶政事務所抽籤決定_從父姓,0
11507,10017010,基隆市中正區,女,戶政事務所抽籤決定_從母姓,0
11507,10017010,基隆市中正區,女,戶政事務所抽籤決定_傳統姓名,0
11507,10017010,基隆市中正區,女,監護人決定依監護人之姓,0
11507,10017020,基隆市七堵區,男,雙方約定_從父姓,6
11507,10017020,基隆市七堵區,男,雙方約定_從母姓,0
11507,10017020,基隆市七堵區,男,雙方約定_傳統姓名,0
11507,10017020,基隆市七堵區,男,一方約定_從父姓,0
11507,10017020,基隆市七堵區,男,一方約定_從母姓,1
11507,10017020,基隆市七堵區,男,一方約定_傳統姓名,0
11507,10017020,基隆市七堵區,男,申請人抽籤決定_從父姓,0
11507,10017020,基隆市七堵區,男,申請人抽籤決定_從母姓,0
11507,10017020,基隆市七堵區,男,申請人抽籤決定_傳統姓名,0
11507,10017020,基隆市七堵區,男,戶政事務所抽籤決定_從父姓,0
11507,10017020,基隆市七堵區,男,戶政事務所抽籤決定_從母姓,0
11507,10017020,基隆市七堵區,男,戶政事務所抽籤決定_傳統姓名,0
11507,10017020,基隆市七堵區,男,監護人決定依監護人之姓,0
11507,10017020,基隆市七堵區,女,雙方約定_從父姓,4
11507,10017020,基隆市七堵區,女,雙方約定_從母姓,0
11507,10017020,基隆市七堵區,女,雙方約定_傳統姓名,0
11507,10017020,基隆市七堵區,女,一方約定_從父姓,0
11507,10017020,基隆市七堵區,女,一方約定_從母姓,0
11507,10017020,基隆市七堵區,女,一方約定_傳統姓名,0
11507,10017020,基隆市七堵區,女,申請人抽籤決定_從父姓,0
11507,10017020,基隆市七堵區,女,申請人抽籤決定_從母姓,0
11507,10017020,基隆市七堵區,女,申請人抽籤決定_傳統姓名,0
11507,10017020,基隆市七堵區,女,戶政事務所抽籤決定_從父姓,0
11507,10017020,基隆市七堵區,女,戶政事務所抽籤決定_從母姓,0
11507,10017020,基隆市七堵區,女,戶政事務所抽籤決定_傳統姓名,0
11507,10017020,基隆市七堵區,女,監護人決定依監護人之姓,0
11507,10017030,基隆市暖暖區,男,雙方約定_從父姓,5
11507,10017030,基隆市暖暖區,男,雙方約定_從母姓,1
11507,10017030,基隆市暖暖區,男,雙方約定_傳統姓名,0
11507,10017030,基隆市暖暖區,男,一方約定_從父姓,0
11507,10017030,基隆市暖暖區,男,一方約定_從母姓,0
11507,10017030,基隆市暖暖區,男,一方約定_傳統姓名,0
11507,10017030,基隆市暖暖區,男,申請人抽籤決定_從父姓,0
11507,10017030,基隆市暖暖區,男,申請人抽籤決定_從母姓,0
11507,10017030,基隆市暖暖區,男,申請人抽籤決定_傳統姓名,0
11507,10017030,基隆市暖暖區,男,戶政事務所抽籤決定_從父姓,0
11507,10017030,基隆市暖暖區,男,戶政事務所抽籤決定_從母姓,0
11507,10017030,基隆市暖暖區,男,戶政事務所抽籤決定_傳統姓名,0
11507,10017030,基隆市暖暖區,男,監護人決定依監護人之姓,0
11507,10017030,基隆市暖暖區,女,雙方約定_從父姓,2
11507,10017030,基隆市暖暖區,女,雙方約定_從母姓,0
11507,10017030,基隆市暖暖區,女,雙方約定_傳統姓名,0
11507,10017030,基隆市暖暖區,女,一方約定_從父姓,0
11507,10017030,基隆市暖暖區,女,一方約定_從母姓,0
11507,10017030,基隆市暖暖區,女,一方約定_傳統姓名,0
11507,10017030,基隆市暖暖區,女,申請人抽籤決定_從父姓,0
11507,10017030,基隆市暖暖區,女,申請人抽籤決定_從母姓,0
11507,10017030,基隆市暖暖區,女,申請人抽籤決定_傳統姓名,0
11507,10017030,基隆市暖暖區,女,戶政事務所抽籤決定_從父姓,0
11507,10017030,基隆市暖暖區,女,戶政事務所抽籤決定_從母姓,0
11507,10017030,基隆市暖暖區,女,戶政事務所抽籤決定_傳統姓名,0
11507,10017030,基隆市暖暖區,女,監護人決定依監護人之姓,0
11507,10017040,基隆市仁愛區,男,雙方約定_從父姓,2
11507,10017040,基隆市仁愛區,男,雙方約定_從母姓,0
11507,10017040,基隆市仁愛區,男,雙方約定_傳統姓名,0
11507,10017040,基隆市仁愛區,男,一方約定_從父姓,0
11507,10017040,基隆市仁愛區,男,一方約定_從母姓,0
11507,10017040,基隆市仁愛區,男,一方約定_傳統姓名,0
11507,10017040,基隆市仁愛區,男,申請人抽籤決定_從父姓,0
11507,10017040,基隆市仁愛區,男,申請人抽籤決定_從母姓,0
11507,10017040,基隆市仁愛區,男,申請人抽籤決定_傳統姓名,0
11507,10017040,基隆市仁愛區,男,戶政事務所抽籤決定_從父姓,0
11507,10017040,基隆市仁愛區,男,戶政事務所抽籤決定_從母姓,0
11507,10017040,基隆市仁愛區,男,戶政事務所抽籤決定_傳統姓名,0
11507,10017040,基隆市仁愛區,男,監護人決定依監護人之姓,0
11507,10017040,基隆市仁愛區,女,雙方約定_從父姓,1
11507,10017040,基隆市仁愛區,女,雙方約定_從母姓,0
11507,10017040,基隆市仁愛區,女,雙方約定_傳統姓名,0
11507,10017040,基隆市仁愛區,女,一方約定_從父姓,0
11507,10017040,基隆市仁愛區,女,一方約定_從母姓,0
11507,10017040,基隆市仁愛區,女,一方約定_傳統姓名,0
11507,10017040,基隆市仁愛區,女,申請人抽籤決定_從父姓,0
11507,10017040,基隆市仁愛區,女,申請人抽籤決定_從母姓,0
11507,10017040,基隆市仁愛區,女,申請人抽籤決定_傳統姓名,0
11507,10017040,基隆市仁愛區,女,戶政事務所抽籤決定_從父姓,0
11507,10017040,基隆市仁愛區,女,戶政事務所抽籤決定_從母姓,0
11507,10017040,基隆市仁愛區,女,戶政事務所抽籤決定_傳統姓名,0
11507,10017040,基隆市仁愛區,女,監護人決定依監護人之姓,0
11507,10017050,基隆市中山區,男,雙方約定_從父姓,3
11507,10017050,基隆市中山區,男,雙方約定_從母姓,0
11507,10017050,基隆市中山區,男,雙方約定_傳統姓名,0
11507,10017050,基隆市中山區,男,一方約定_從父姓,0
11507,10017050,基隆市中山區,男,一方約定_從母姓,1
11507,10017050,基隆市中山區,男,一方約定_傳統姓名,0
11507,10017050,基隆市中山區,男,申請人抽籤決定_從父姓,0
11507,10017050,基隆市中山區,男,申請人抽籤決定_從母姓,0
11507,10017050,基隆市中山區,男,申請人抽籤決定_傳統姓名,0
11507,10017050,基隆市中山區,男,戶政事務所抽籤決定_從父姓,0
11507,10017050,基隆市中山區,男,戶政事務所抽籤決定_從母姓,0
11507,10017050,基隆市中山區,男,戶政事務所抽籤決定_傳統姓名,0
11507,10017050,基隆市中山區,男,監護人決定依監護人之姓,0
11507,10017050,基隆市中山區,女,雙方約定_從父姓,5
11507,10017050,基隆市中山區,女,雙方約定_從母姓,0
11507,10017050,基隆市中山區,女,雙方約定_傳統姓名,0
11507,10017050,基隆市中山區,女,一方約定_從父姓,0
11507,10017050,基隆市中山區,女,一方約定_從母姓,0
11507,10017050,基隆市中山區,女,一方約定_傳統姓名,0
11507,10017050,基隆市中山區,女,申請人抽籤決定_從父姓,0
11507,10017050,基隆市中山區,女,申請人抽籤決定_從母姓,0
11507,10017050,基隆市中山區,女,申請人抽籤決定_傳統姓名,0
11507,10017050,基隆市中山區,女,戶政事務所抽籤決定_從父姓,0
11507,10017050,基隆市中山區,女,戶政事務所抽籤決定_從母姓,0
11507,10017050,基隆市中山區,女,戶政事務所抽籤決定_傳統姓名,0
11507,10017050,基隆市中山區,女,監護人決定依監護人之姓,0
11507,10017060,基隆市安樂區,男,雙方約定_從父姓,7
11507,10017060,基隆市安樂區,男,雙方約定_從母姓,1
11507,10017060,基隆市安樂區,男,雙方約定_傳統姓名,0
11507,10017060,基隆市安樂區,男,一方約定_從父姓,0
11507,10017060,基隆市安樂區,男,一方約定_從母姓,1
11507,10017060,基隆市安樂區,男,一方約定_傳統姓名,0
11507,10017060,基隆市安樂區,男,申請人抽籤決定_從父姓,0
11507,10017060,基隆市安樂區,男,申請人抽籤決定_從母姓,0
11507,10017060,基隆市安樂區,男,申請人抽籤決定_傳統姓名,0
11507,10017060,基隆市安樂區,男,戶政事務所抽籤決定_從父姓,0
11507,10017060,基隆市安樂區,男,戶政事務所抽籤決定_從母姓,0
11507,10017060,基隆市安樂區,男,戶政事務所抽籤決定_傳統姓名,0
11507,10017060,基隆市安樂區,男,監護人決定依監護人之姓,0
11507,10017060,基隆市安樂區,女,雙方約定_從父姓,8
11507,10017060,基隆市安樂區,女,雙方約定_從母姓,0
11507,10017060,基隆市安樂區,女,雙方約定_傳統姓名,0
11507,10017060,基隆市安樂區,女,一方約定_從父姓,0
11507,10017060,基隆市安樂區,女,一方約定_從母姓,0
11507,10017060,基隆市安樂區,女,一方約定_傳統姓名,0
11507,10017060,基隆市安樂區,女,申請人抽籤決定_從父姓,0
11507,10017060,基隆市安樂區,女,申請人抽籤決定_從母姓,0
11507,10017060,基隆市安樂區,女,申請人抽籤決定_傳統姓名,0
11507,10017060,基隆市安樂區,女,戶政事務所抽籤決定_從父姓,0
11507,10017060,基隆市安樂區,女,戶政事務所抽籤決定_從母姓,0
11507,10017060,基隆市安樂區,女,戶政事務所抽籤決定_傳統姓名,0
11507,10017060,基隆市安樂區,女,監護人決定依監護人之姓,0
11507,10017070,基隆市信義區,男,雙方約定_從父姓,2
11507,10017070,基隆市信義區,男,雙方約定_從母姓,0
11507,10017070,基隆市信義區,男,雙方約定_傳統姓名,0
11507,10017070,基隆市信義區,男,一方約定_從父姓,0
11507,10017070,基隆市信義區,男,一方約定_從母姓,0
11507,10017070,基隆市信義區,男,一方約定_傳統姓名,0
11507,10017070,基隆市信義區,男,申請人抽籤決定_從父姓,0
11507,10017070,基隆市信義區,男,申請人抽籤決定_從母姓,0
11507,10017070,基隆市信義區,男,申請人抽籤決定_傳統姓名,0
11507,10017070,基隆市信義區,男,戶政事務所抽籤決定_從父姓,0
11507,10017070,基隆市信義區,男,戶政事務所抽籤決定_從母姓,0
11507,10017070,基隆市信義區,男,戶政事務所抽籤決定_傳統姓名,0
11507,10017070,基隆市信義區,男,監護人決定依監護人之姓,0
11507,10017070,基隆市信義區,女,雙方約定_從父姓,2
11507,10017070,基隆市信義區,女,雙方約定_從母姓,0
11507,10017070,基隆市信義區,女,雙方約定_傳統姓名,0
11507,10017070,基隆市信義區,女,一方約定_從父姓,0
11507,10017070,基隆市信義區,女,一方約定_從母姓,0
11507,10017070,基隆市信義區,女,一方約定_傳統姓名,0
11507,10017070,基隆市信義區,女,申請人抽籤決定_從父姓,0
11507,10017070,基隆市信義區,女,申請人抽籤決定_從母姓,0
11507,10017070,基隆市信義區,女,申請人抽籤決定_傳統姓名,0
11507,10017070,基隆市信義區,女,戶政事務所抽籤決定_從父姓,0
11507,10017070,基隆市信義區,女,戶政事務所抽籤決定_從母姓,0
11507,10017070,基隆市信義區,女,戶政事務所抽籤決定_傳統姓名,0
11507,10017070,基隆市信義區,女,監護人決定依監護人之姓,0
11507,10018010,新竹市東區,男,雙方約定_從父姓,38
11507,10018010,新竹市東區,男,雙方約定_從母姓,0
11507,10018010,新竹市東區,男,雙方約定_傳統姓名,0
11507,10018010,新竹市東區,男,一方約定_從父姓,0
11507,10018010,新竹市東區,男,一方約定_從母姓,1
11507,10018010,新竹市東區,男,一方約定_傳統姓名,0
11507,10018010,新竹市東區,男,申請人抽籤決定_從父姓,0
11507,10018010,新竹市東區,男,申請人抽籤決定_從母姓,0
11507,10018010,新竹市東區,男,申請人抽籤決定_傳統姓名,0
11507,10018010,新竹市東區,男,戶政事務所抽籤決定_從父姓,0
11507,10018010,新竹市東區,男,戶政事務所抽籤決定_從母姓,0
11507,10018010,新竹市東區,男,戶政事務所抽籤決定_傳統姓名,0
11507,10018010,新竹市東區,男,監護人決定依監護人之姓,0
11507,10018010,新竹市東區,女,雙方約定_從父姓,40
11507,10018010,新竹市東區,女,雙方約定_從母姓,7
11507,10018010,新竹市東區,女,雙方約定_傳統姓名,0
11507,10018010,新竹市東區,女,一方約定_從父姓,0
11507,10018010,新竹市東區,女,一方約定_從母姓,0
11507,10018010,新竹市東區,女,一方約定_傳統姓名,0
11507,10018010,新竹市東區,女,申請人抽籤決定_從父姓,0
11507,10018010,新竹市東區,女,申請人抽籤決定_從母姓,0
11507,10018010,新竹市東區,女,申請人抽籤決定_傳統姓名,0
11507,10018010,新竹市東區,女,戶政事務所抽籤決定_從父姓,0
11507,10018010,新竹市東區,女,戶政事務所抽籤決定_從母姓,0
11507,10018010,新竹市東區,女,戶政事務所抽籤決定_傳統姓名,0
11507,10018010,新竹市東區,女,監護人決定依監護人之姓,0
11507,10018020,新竹市北區,男,雙方約定_從父姓,22
11507,10018020,新竹市北區,男,雙方約定_從母姓,2
11507,10018020,新竹市北區,男,雙方約定_傳統姓名,0
11507,10018020,新竹市北區,男,一方約定_從父姓,0
11507,10018020,新竹市北區,男,一方約定_從母姓,2
11507,10018020,新竹市北區,男,一方約定_傳統姓名,0
11507,10018020,新竹市北區,男,申請人抽籤決定_從父姓,0
11507,10018020,新竹市北區,男,申請人抽籤決定_從母姓,0
11507,10018020,新竹市北區,男,申請人抽籤決定_傳統姓名,0
11507,10018020,新竹市北區,男,戶政事務所抽籤決定_從父姓,0
11507,10018020,新竹市北區,男,戶政事務所抽籤決定_從母姓,0
11507,10018020,新竹市北區,男,戶政事務所抽籤決定_傳統姓名,0
11507,10018020,新竹市北區,男,監護人決定依監護人之姓,0
11507,10018020,新竹市北區,女,雙方約定_從父姓,31
11507,10018020,新竹市北區,女,雙方約定_從母姓,2
11507,10018020,新竹市北區,女,雙方約定_傳統姓名,0
11507,10018020,新竹市北區,女,一方約定_從父姓,0
11507,10018020,新竹市北區,女,一方約定_從母姓,1
11507,10018020,新竹市北區,女,一方約定_傳統姓名,0
11507,10018020,新竹市北區,女,申請人抽籤決定_從父姓,0
11507,10018020,新竹市北區,女,申請人抽籤決定_從母姓,0
11507,10018020,新竹市北區,女,申請人抽籤決定_傳統姓名,0
11507,10018020,新竹市北區,女,戶政事務所抽籤決定_從父姓,0
11507,10018020,新竹市北區,女,戶政事務所抽籤決定_從母姓,0
11507,10018020,新竹市北區,女,戶政事務所抽籤決定_傳統姓名,0
11507,10018020,新竹市北區,女,監護人決定依監護人之姓,0
11507,10018030,新竹市香山區,男,雙方約定_從父姓,20
11507,10018030,新竹市香山區,男,雙方約定_從母姓,0
11507,10018030,新竹市香山區,男,雙方約定_傳統姓名,0
11507,10018030,新竹市香山區,男,一方約定_從父姓,0
11507,10018030,新竹市香山區,男,一方約定_從母姓,0
11507,10018030,新竹市香山區,男,一方約定_傳統姓名,0
11507,10018030,新竹市香山區,男,申請人抽籤決定_從父姓,0
11507,10018030,新竹市香山區,男,申請人抽籤決定_從母姓,0
11507,10018030,新竹市香山區,男,申請人抽籤決定_傳統姓名,0
11507,10018030,新竹市香山區,男,戶政事務所抽籤決定_從父姓,0
11507,10018030,新竹市香山區,男,戶政事務所抽籤決定_從母姓,0
11507,10018030,新竹市香山區,男,戶政事務所抽籤決定_傳統姓名,0
11507,10018030,新竹市香山區,男,監護人決定依監護人之姓,0
11507,10018030,新竹市香山區,女,雙方約定_從父姓,20
11507,10018030,新竹市香山區,女,雙方約定_從母姓,1
11507,10018030,新竹市香山區,女,雙方約定_傳統姓名,0
11507,10018030,新竹市香山區,女,一方約定_從父姓,0
11507,10018030,新竹市香山區,女,一方約定_從母姓,3
11507,10018030,新竹市香山區,女,一方約定_傳統姓名,0
11507,10018030,新竹市香山區,女,申請人抽籤決定_從父姓,0
11507,10018030,新竹市香山區,女,申請人抽籤決定_從母姓,1
11507,10018030,新竹市香山區,女,申請人抽籤決定_傳統姓名,0
11507,10018030,新竹市香山區,女,戶政事務所抽籤決定_從父姓,0
11507,10018030,新竹市香山區,女,戶政事務所抽籤決定_從母姓,0
11507,10018030,新竹市香山區,女,戶政事務所抽籤決定_傳統姓名,0
11507,10018030,新竹市香山區,女,監護人決定依監護人之姓,0
11507,10020010,嘉義市東區,男,雙方約定_從父姓,16
11507,10020010,嘉義市東區,男,雙方約定_從母姓,0
11507,10020010,嘉義市東區,男,雙方約定_傳統姓名,0
11507,10020010,嘉義市東區,男,一方約定_從父姓,0
11507,10020010,嘉義市東區,男,一方約定_從母姓,0
11507,10020010,嘉義市東區,男,一方約定_傳統姓名,0
11507,10020010,嘉義市東區,男,申請人抽籤決定_從父姓,0
11507,10020010,嘉義市東區,男,申請人抽籤決定_從母姓,0
11507,10020010,嘉義市東區,男,申請人抽籤決定_傳統姓名,0
11507,10020010,嘉義市東區,男,戶政事務所抽籤決定_從父姓,0
11507,10020010,嘉義市東區,男,戶政事務所抽籤決定_從母姓,0
11507,10020010,嘉義市東區,男,戶政事務所抽籤決定_傳統姓名,0
11507,10020010,嘉義市東區,男,監護人決定依監護人之姓,0
11507,10020010,嘉義市東區,女,雙方約定_從父姓,15
11507,10020010,嘉義市東區,女,雙方約定_從母姓,0
11507,10020010,嘉義市東區,女,雙方約定_傳統姓名,0
11507,10020010,嘉義市東區,女,一方約定_從父姓,0
11507,10020010,嘉義市東區,女,一方約定_從母姓,0
11507,10020010,嘉義市東區,女,一方約定_傳統姓名,0
11507,10020010,嘉義市東區,女,申請人抽籤決定_從父姓,0
11507,10020010,嘉義市東區,女,申請人抽籤決定_從母姓,0
11507,10020010,嘉義市東區,女,申請人抽籤決定_傳統姓名,0
11507,10020010,嘉義市東區,女,戶政事務所抽籤決定_從父姓,0
11507,10020010,嘉義市東區,女,戶政事務所抽籤決定_從母姓,0
11507,10020010,嘉義市東區,女,戶政事務所抽籤決定_傳統姓名,0
11507,10020010,嘉義市東區,女,監護人決定依監護人之姓,0
11507,10020020,嘉義市西區,男,雙方約定_從父姓,31
11507,10020020,嘉義市西區,男,雙方約定_從母姓,1
11507,10020020,嘉義市西區,男,雙方約定_傳統姓名,0
11507,10020020,嘉義市西區,男,一方約定_從父姓,0
11507,10020020,嘉義市西區,男,一方約定_從母姓,1
11507,10020020,嘉義市西區,男,一方約定_傳統姓名,0
11507,10020020,嘉義市西區,男,申請人抽籤決定_從父姓,0
11507,10020020,嘉義市西區,男,申請人抽籤決定_從母姓,0
11507,10020020,嘉義市西區,男,申請人抽籤決定_傳統姓名,0
11507,10020020,嘉義市西區,男,戶政事務所抽籤決定_從父姓,0
11507,10020020,嘉義市西區,男,戶政事務所抽籤決定_從母姓,0
11507,10020020,嘉義市西區,男,戶政事務所抽籤決定_傳統姓名,0
11507,10020020,嘉義市西區,男,監護人決定依監護人之姓,0
11507,10020020,嘉義市西區,女,雙方約定_從父姓,14
11507,10020020,嘉義市西區,女,雙方約定_從母姓,1
11507,10020020,嘉義市西區,女,雙方約定_傳統姓名,0
11507,10020020,嘉義市西區,女,一方約定_從父姓,0
11507,10020020,嘉義市西區,女,一方約定_從母姓,0
11507,10020020,嘉義市西區,女,一方約定_傳統姓名,0
11507,10020020,嘉義市西區,女,申請人抽籤決定_從父姓,0
11507,10020020,嘉義市西區,女,申請人抽籤決定_從母姓,0
11507,10020020,嘉義市西區,女,申請人抽籤決定_傳統姓名,0
11507,10020020,嘉義市西區,女,戶政事務所抽籤決定_從父姓,0
11507,10020020,嘉義市西區,女,戶政事務所抽籤決定_從母姓,0
11507,10020020,嘉義市西區,女,戶政事務所抽籤決定_傳統姓名,0
11507,10020020,嘉義市西區,女,監護人決定依監護人之姓,0
11507,09020010,金門縣金城鎮,男,雙方約定_從父姓,10
11507,09020010,金門縣金城鎮,男,雙方約定_從母姓,0
11507,09020010,金門縣金城鎮,男,雙方約定_傳統姓名,0
11507,09020010,金門縣金城鎮,男,一方約定_從父姓,0
11507,09020010,金門縣金城鎮,男,一方約定_從母姓,0
11507,09020010,金門縣金城鎮,男,一方約定_傳統姓名,0
11507,09020010,金門縣金城鎮,男,申請人抽籤決定_從父姓,0
11507,09020010,金門縣金城鎮,男,申請人抽籤決定_從母姓,0
11507,09020010,金門縣金城鎮,男,申請人抽籤決定_傳統姓名,0
11507,09020010,金門縣金城鎮,男,戶政事務所抽籤決定_從父姓,0
11507,09020010,金門縣金城鎮,男,戶政事務所抽籤決定_從母姓,0
11507,09020010,金門縣金城鎮,男,戶政事務所抽籤決定_傳統姓名,0
11507,09020010,金門縣金城鎮,男,監護人決定依監護人之姓,0
11507,09020010,金門縣金城鎮,女,雙方約定_從父姓,3
11507,09020010,金門縣金城鎮,女,雙方約定_從母姓,0
11507,09020010,金門縣金城鎮,女,雙方約定_傳統姓名,0
11507,09020010,金門縣金城鎮,女,一方約定_從父姓,0
11507,09020010,金門縣金城鎮,女,一方約定_從母姓,0
11507,09020010,金門縣金城鎮,女,一方約定_傳統姓名,0
11507,09020010,金門縣金城鎮,女,申請人抽籤決定_從父姓,0
11507,09020010,金門縣金城鎮,女,申請人抽籤決定_從母姓,0
11507,09020010,金門縣金城鎮,女,申請人抽籤決定_傳統姓名,0
11507,09020010,金門縣金城鎮,女,戶政事務所抽籤決定_從父姓,0
11507,09020010,金門縣金城鎮,女,戶政事務所抽籤決定_從母姓,0
11507,09020010,金門縣金城鎮,女,戶政事務所抽籤決定_傳統姓名,0
11507,09020010,金門縣金城鎮,女,監護人決定依監護人之姓,0
11507,09020030,金門縣金湖鎮,男,雙方約定_從父姓,10
11507,09020030,金門縣金湖鎮,男,雙方約定_從母姓,0
11507,09020030,金門縣金湖鎮,男,雙方約定_傳統姓名,0
11507,09020030,金門縣金湖鎮,男,一方約定_從父姓,0
11507,09020030,金門縣金湖鎮,男,一方約定_從母姓,0
11507,09020030,金門縣金湖鎮,男,一方約定_傳統姓名,0
11507,09020030,金門縣金湖鎮,男,申請人抽籤決定_從父姓,0
11507,09020030,金門縣金湖鎮,男,申請人抽籤決定_從母姓,0
11507,09020030,金門縣金湖鎮,男,申請人抽籤決定_傳統姓名,0
11507,09020030,金門縣金湖鎮,男,戶政事務所抽籤決定_從父姓,0
11507,09020030,金門縣金湖鎮,男,戶政事務所抽籤決定_從母姓,0
11507,09020030,金門縣金湖鎮,男,戶政事務所抽籤決定_傳統姓名,0
11507,09020030,金門縣金湖鎮,男,監護人決定依監護人之姓,0
11507,09020030,金門縣金湖鎮,女,雙方約定_從父姓,6
11507,09020030,金門縣金湖鎮,女,雙方約定_從母姓,0
11507,09020030,金門縣金湖鎮,女,雙方約定_傳統姓名,0
11507,09020030,金門縣金湖鎮,女,一方約定_從父姓,0
11507,09020030,金門縣金湖鎮,女,一方約定_從母姓,0
11507,09020030,金門縣金湖鎮,女,一方約定_傳統姓名,0
11507,09020030,金門縣金湖鎮,女,申請人抽籤決定_從父姓,0
11507,09020030,金門縣金湖鎮,女,申請人抽籤決定_從母姓,0
11507,09020030,金門縣金湖鎮,女,申請人抽籤決定_傳統姓名,0
11507,09020030,金門縣金湖鎮,女,戶政事務所抽籤決定_從父姓,0
11507,09020030,金門縣金湖鎮,女,戶政事務所抽籤決定_從母姓,0
11507,09020030,金門縣金湖鎮,女,戶政事務所抽籤決定_傳統姓名,0
11507,09020030,金門縣金湖鎮,女,監護人決定依監護人之姓,0
11507,09020020,金門縣金沙鎮,男,雙方約定_從父姓,3
11507,09020020,金門縣金沙鎮,男,雙方約定_從母姓,0
11507,09020020,金門縣金沙鎮,男,雙方約定_傳統姓名,0
11507,09020020,金門縣金沙鎮,男,一方約定_從父姓,0
11507,09020020,金門縣金沙鎮,男,一方約定_從母姓,0
11507,09020020,金門縣金沙鎮,男,一方約定_傳統姓名,0
11507,09020020,金門縣金沙鎮,男,申請人抽籤決定_從父姓,0
11507,09020020,金門縣金沙鎮,男,申請人抽籤決定_從母姓,0
11507,09020020,金門縣金沙鎮,男,申請人抽籤決定_傳統姓名,0
11507,09020020,金門縣金沙鎮,男,戶政事務所抽籤決定_從父姓,0
11507,09020020,金門縣金沙鎮,男,戶政事務所抽籤決定_從母姓,0
11507,09020020,金門縣金沙鎮,男,戶政事務所抽籤決定_傳統姓名,0
11507,09020020,金門縣金沙鎮,男,監護人決定依監護人之姓,0
11507,09020020,金門縣金沙鎮,女,雙方約定_從父姓,4
11507,09020020,金門縣金沙鎮,女,雙方約定_從母姓,0
11507,09020020,金門縣金沙鎮,女,雙方約定_傳統姓名,0
11507,09020020,金門縣金沙鎮,女,一方約定_從父姓,0
11507,09020020,金門縣金沙鎮,女,一方約定_從母姓,0
11507,09020020,金門縣金沙鎮,女,一方約定_傳統姓名,0
11507,09020020,金門縣金沙鎮,女,申請人抽籤決定_從父姓,0
11507,09020020,金門縣金沙鎮,女,申請人抽籤決定_從母姓,0
11507,09020020,金門縣金沙鎮,女,申請人抽籤決定_傳統姓名,0
11507,09020020,金門縣金沙鎮,女,戶政事務所抽籤決定_從父姓,0
11507,09020020,金門縣金沙鎮,女,戶政事務所抽籤決定_從母姓,0
11507,09020020,金門縣金沙鎮,女,戶政事務所抽籤決定_傳統姓名,0
11507,09020020,金門縣金沙鎮,女,監護人決定依監護人之姓,0
11507,09020040,金門縣金寧鄉,男,雙方約定_從父姓,3
11507,09020040,金門縣金寧鄉,男,雙方約定_從母姓,0
11507,09020040,金門縣金寧鄉,男,雙方約定_傳統姓名,0
11507,09020040,金門縣金寧鄉,男,一方約定_從父姓,0
11507,09020040,金門縣金寧鄉,男,一方約定_從母姓,1
11507,09020040,金門縣金寧鄉,男,一方約定_傳統姓名,0
11507,09020040,金門縣金寧鄉,男,申請人抽籤決定_從父姓,0
11507,09020040,金門縣金寧鄉,男,申請人抽籤決定_從母姓,0
11507,09020040,金門縣金寧鄉,男,申請人抽籤決定_傳統姓名,0
11507,09020040,金門縣金寧鄉,男,戶政事務所抽籤決定_從父姓,0
11507,09020040,金門縣金寧鄉,男,戶政事務所抽籤決定_從母姓,0
11507,09020040,金門縣金寧鄉,男,戶政事務所抽籤決定_傳統姓名,0
11507,09020040,金門縣金寧鄉,男,監護人決定依監護人之姓,0
11507,09020040,金門縣金寧鄉,女,雙方約定_從父姓,4
11507,09020040,金門縣金寧鄉,女,雙方約定_從母姓,0
11507,09020040,金門縣金寧鄉,女,雙方約定_傳統姓名,0
11507,09020040,金門縣金寧鄉,女,一方約定_從父姓,0
11507,09020040,金門縣金寧鄉,女,一方約定_從母姓,0
11507,09020040,金門縣金寧鄉,女,一方約定_傳統姓名,0
11507,09020040,金門縣金寧鄉,女,申請人抽籤決定_從父姓,0
11507,09020040,金門縣金寧鄉,女,申請人抽籤決定_從母姓,0
11507,09020040,金門縣金寧鄉,女,申請人抽籤決定_傳統姓名,0
11507,09020040,金門縣金寧鄉,女,戶政事務所抽籤決定_從父姓,0
11507,09020040,金門縣金寧鄉,女,戶政事務所抽籤決定_從母姓,0
11507,09020040,金門縣金寧鄉,女,戶政事務所抽籤決定_傳統姓名,0
11507,09020040,金門縣金寧鄉,女,監護人決定依監護人之姓,0
11507,09020050,金門縣烈嶼鄉,男,雙方約定_從父姓,0
11507,09020050,金門縣烈嶼鄉,男,雙方約定_從母姓,0
11507,09020050,金門縣烈嶼鄉,男,雙方約定_傳統姓名,0
11507,09020050,金門縣烈嶼鄉,男,一方約定_從父姓,0
11507,09020050,金門縣烈嶼鄉,男,一方約定_從母姓,0
11507,09020050,金門縣烈嶼鄉,男,一方約定_傳統姓名,0
11507,09020050,金門縣烈嶼鄉,男,申請人抽籤決定_從父姓,0
11507,09020050,金門縣烈嶼鄉,男,申請人抽籤決定_從母姓,0
11507,09020050,金門縣烈嶼鄉,男,申請人抽籤決定_傳統姓名,0
11507,09020050,金門縣烈嶼鄉,男,戶政事務所抽籤決定_從父姓,0
11507,09020050,金門縣烈嶼鄉,男,戶政事務所抽籤決定_從母姓,0
11507,09020050,金門縣烈嶼鄉,男,戶政事務所抽籤決定_傳統姓名,0
11507,09020050,金門縣烈嶼鄉,男,監護人決定依監護人之姓,0
11507,09020050,金門縣烈嶼鄉,女,雙方約定_從父姓,1
11507,09020050,金門縣烈嶼鄉,女,雙方約定_從母姓,0
11507,09020050,金門縣烈嶼鄉,女,雙方約定_傳統姓名,0
11507,09020050,金門縣烈嶼鄉,女,一方約定_從父姓,0
11507,09020050,金門縣烈嶼鄉,女,一方約定_從母姓,0
11507,09020050,金門縣烈嶼鄉,女,一方約定_傳統姓名,0
11507,09020050,金門縣烈嶼鄉,女,申請人抽籤決定_從父姓,0
11507,09020050,金門縣烈嶼鄉,女,申請人抽籤決定_從母姓,0
11507,09020050,金門縣烈嶼鄉,女,申請人抽籤決定_傳統姓名,0
11507,09020050,金門縣烈嶼鄉,女,戶政事務所抽籤決定_從父姓,0
11507,09020050,金門縣烈嶼鄉,女,戶政事務所抽籤決定_從母姓,0
11507,09020050,金門縣烈嶼鄉,女,戶政事務所抽籤決定_傳統姓名,0
11507,09020050,金門縣烈嶼鄉,女,監護人決定依監護人之姓,0
11507,09020060,金門縣烏坵鄉,男,雙方約定_從父姓,0
11507,09020060,金門縣烏坵鄉,男,雙方約定_從母姓,0
11507,09020060,金門縣烏坵鄉,男,雙方約定_傳統姓名,0
11507,09020060,金門縣烏坵鄉,男,一方約定_從父姓,0
11507,09020060,金門縣烏坵鄉,男,一方約定_從母姓,0
11507,09020060,金門縣烏坵鄉,男,一方約定_傳統姓名,0
11507,09020060,金門縣烏坵鄉,男,申請人抽籤決定_從父姓,0
11507,09020060,金門縣烏坵鄉,男,申請人抽籤決定_從母姓,0
11507,09020060,金門縣烏坵鄉,男,申請人抽籤決定_傳統姓名,0
11507,09020060,金門縣烏坵鄉,男,戶政事務所抽籤決定_從父姓,0
11507,09020060,金門縣烏坵鄉,男,戶政事務所抽籤決定_從母姓,0
11507,09020060,金門縣烏坵鄉,男,戶政事務所抽籤決定_傳統姓名,0
11507,09020060,金門縣烏坵鄉,男,監護人決定依監護人之姓,0
11507,09020060,金門縣烏坵鄉,女,雙方約定_從父姓,0
11507,09020060,金門縣烏坵鄉,女,雙方約定_從母姓,0
11507,09020060,金門縣烏坵鄉,女,雙方約定_傳統姓名,0
11507,09020060,金門縣烏坵鄉,女,一方約定_從父姓,0
11507,09020060,金門縣烏坵鄉,女,一方約定_從母姓,0
11507,09020060,金門縣烏坵鄉,女,一方約定_傳統姓名,0
11507,09020060,金門縣烏坵鄉,女,申請人抽籤決定_從父姓,0
11507,09020060,金門縣烏坵鄉,女,申請人抽籤決定_從母姓,0
11507,09020060,金門縣烏坵鄉,女,申請人抽籤決定_傳統姓名,0
11507,09020060,金門縣烏坵鄉,女,戶政事務所抽籤決定_從父姓,0
11507,09020060,金門縣烏坵鄉,女,戶政事務所抽籤決定_從母姓,0
11507,09020060,金門縣烏坵鄉,女,戶政事務所抽籤決定_傳統姓名,0
11507,09020060,金門縣烏坵鄉,女,監護人決定依監護人之姓,0
11507,09007010,連江縣南竿鄉,男,雙方約定_從父姓,1
11507,09007010,連江縣南竿鄉,男,雙方約定_從母姓,0
11507,09007010,連江縣南竿鄉,男,雙方約定_傳統姓名,0
11507,09007010,連江縣南竿鄉,男,一方約定_從父姓,0
11507,09007010,連江縣南竿鄉,男,一方約定_從母姓,0
11507,09007010,連江縣南竿鄉,男,一方約定_傳統姓名,0
11507,09007010,連江縣南竿鄉,男,申請人抽籤決定_從父姓,0
11507,09007010,連江縣南竿鄉,男,申請人抽籤決定_從母姓,0
11507,09007010,連江縣南竿鄉,男,申請人抽籤決定_傳統姓名,0
11507,09007010,連江縣南竿鄉,男,戶政事務所抽籤決定_從父姓,0
11507,09007010,連江縣南竿鄉,男,戶政事務所抽籤決定_從母姓,0
11507,09007010,連江縣南竿鄉,男,戶政事務所抽籤決定_傳統姓名,0
11507,09007010,連江縣南竿鄉,男,監護人決定依監護人之姓,0
11507,09007010,連江縣南竿鄉,女,雙方約定_從父姓,0
11507,09007010,連江縣南竿鄉,女,雙方約定_從母姓,0
11507,09007010,連江縣南竿鄉,女,雙方約定_傳統姓名,0
11507,09007010,連江縣南竿鄉,女,一方約定_從父姓,0
11507,09007010,連江縣南竿鄉,女,一方約定_從母姓,0
11507,09007010,連江縣南竿鄉,女,一方約定_傳統姓名,0
11507,09007010,連江縣南竿鄉,女,申請人抽籤決定_從父姓,0
11507,09007010,連江縣南竿鄉,女,申請人抽籤決定_從母姓,0
11507,09007010,連江縣南竿鄉,女,申請人抽籤決定_傳統姓名,0
11507,09007010,連江縣南竿鄉,女,戶政事務所抽籤決定_從父姓,0
11507,09007010,連江縣南竿鄉,女,戶政事務所抽籤決定_從母姓,0
11507,09007010,連江縣南竿鄉,女,戶政事務所抽籤決定_傳統姓名,0
11507,09007010,連江縣南竿鄉,女,監護人決定依監護人之姓,0
11507,09007020,連江縣北竿鄉,男,雙方約定_從父姓,0
11507,09007020,連江縣北竿鄉,男,雙方約定_從母姓,0
11507,09007020,連江縣北竿鄉,男,雙方約定_傳統姓名,0
11507,09007020,連江縣北竿鄉,男,一方約定_從父姓,0
11507,09007020,連江縣北竿鄉,男,一方約定_從母姓,0
11507,09007020,連江縣北竿鄉,男,一方約定_傳統姓名,0
11507,09007020,連江縣北竿鄉,男,申請人抽籤決定_從父姓,0
11507,09007020,連江縣北竿鄉,男,申請人抽籤決定_從母姓,0
11507,09007020,連江縣北竿鄉,男,申請人抽籤決定_傳統姓名,0
11507,09007020,連江縣北竿鄉,男,戶政事務所抽籤決定_從父姓,0
11507,09007020,連江縣北竿鄉,男,戶政事務所抽籤決定_從母姓,0
11507,09007020,連江縣北竿鄉,男,戶政事務所抽籤決定_傳統姓名,0
11507,09007020,連江縣北竿鄉,男,監護人決定依監護人之姓,0
11507,09007020,連江縣北竿鄉,女,雙方約定_從父姓,2
11507,09007020,連江縣北竿鄉,女,雙方約定_從母姓,0
11507,09007020,連江縣北竿鄉,女,雙方約定_傳統姓名,0
11507,09007020,連江縣北竿鄉,女,一方約定_從父姓,0
11507,09007020,連江縣北竿鄉,女,一方約定_從母姓,0
11507,09007020,連江縣北竿鄉,女,一方約定_傳統姓名,0
11507,09007020,連江縣北竿鄉,女,申請人抽籤決定_從父姓,0
11507,09007020,連江縣北竿鄉,女,申請人抽籤決定_從母姓,0
11507,09007020,連江縣北竿鄉,女,申請人抽籤決定_傳統姓名,0
11507,09007020,連江縣北竿鄉,女,戶政事務所抽籤決定_從父姓,0
11507,09007020,連江縣北竿鄉,女,戶政事務所抽籤決定_從母姓,0
11507,09007020,連江縣北竿鄉,女,戶政事務所抽籤決定_傳統姓名,0
11507,09007020,連江縣北竿鄉,女,監護人決定依監護人之姓,0
11507,09007030,連江縣莒光鄉,男,雙方約定_從父姓,0
11507,09007030,連江縣莒光鄉,男,雙方約定_從母姓,0
11507,09007030,連江縣莒光鄉,男,雙方約定_傳統姓名,0
11507,09007030,連江縣莒光鄉,男,一方約定_從父姓,0
11507,09007030,連江縣莒光鄉,男,一方約定_從母姓,0
11507,09007030,連江縣莒光鄉,男,一方約定_傳統姓名,0
11507,09007030,連江縣莒光鄉,男,申請人抽籤決定_從父姓,0
11507,09007030,連江縣莒光鄉,男,申請人抽籤決定_從母姓,0
11507,09007030,連江縣莒光鄉,男,申請人抽籤決定_傳統姓名,0
11507,09007030,連江縣莒光鄉,男,戶政事務所抽籤決定_從父姓,0
11507,09007030,連江縣莒光鄉,男,戶政事務所抽籤決定_從母姓,0
11507,09007030,連江縣莒光鄉,男,戶政事務所抽籤決定_傳統姓名,0
11507,09007030,連江縣莒光鄉,男,監護人決定依監護人之姓,0
11507,09007030,連江縣莒光鄉,女,雙方約定_從父姓,0
11507,09007030,連江縣莒光鄉,女,雙方約定_從母姓,0
11507,09007030,連江縣莒光鄉,女,雙方約定_傳統姓名,0
11507,09007030,連江縣莒光鄉,女,一方約定_從父姓,0
11507,09007030,連江縣莒光鄉,女,一方約定_從母姓,0
11507,09007030,連江縣莒光鄉,女,一方約定_傳統姓名,0
11507,09007030,連江縣莒光鄉,女,申請人抽籤決定_從父姓,0
11507,09007030,連江縣莒光鄉,女,申請人抽籤決定_從母姓,0
11507,09007030,連江縣莒光鄉,女,申請人抽籤決定_傳統姓名,0
11507,09007030,連江縣莒光鄉,女,戶政事務所抽籤決定_從父姓,0
11507,09007030,連江縣莒光鄉,女,戶政事務所抽籤決定_從母姓,0
11507,09007030,連江縣莒光鄉,女,戶政事務所抽籤決定_傳統姓名,0
11507,09007030,連江縣莒光鄉,女,監護人決定依監護人之姓,0
11507,09007040,連江縣東引鄉,男,雙方約定_從父姓,1
11507,09007040,連江縣東引鄉,男,雙方約定_從母姓,0
11507,09007040,連江縣東引鄉,男,雙方約定_傳統姓名,0
11507,09007040,連江縣東引鄉,男,一方約定_從父姓,0
11507,09007040,連江縣東引鄉,男,一方約定_從母姓,0
11507,09007040,連江縣東引鄉,男,一方約定_傳統姓名,0
11507,09007040,連江縣東引鄉,男,申請人抽籤決定_從父姓,0
11507,09007040,連江縣東引鄉,男,申請人抽籤決定_從母姓,0
11507,09007040,連江縣東引鄉,男,申請人抽籤決定_傳統姓名,0
11507,09007040,連江縣東引鄉,男,戶政事務所抽籤決定_從父姓,0
11507,09007040,連江縣東引鄉,男,戶政事務所抽籤決定_從母姓,0
11507,09007040,連江縣東引鄉,男,戶政事務所抽籤決定_傳統姓名,0
11507,09007040,連江縣東引鄉,男,監護人決定依監護人之姓,0
11507,09007040,連江縣東引鄉,女,雙方約定_從父姓,2
11507,09007040,連江縣東引鄉,女,雙方約定_從母姓,0
11507,09007040,連江縣東引鄉,女,雙方約定_傳統姓名,0
11507,09007040,連江縣東引鄉,女,一方約定_從父姓,0
11507,09007040,連江縣東引鄉,女,一方約定_從母姓,0
11507,09007040,連江縣東引鄉,女,一方約定_傳統姓名,0
11507,09007040,連江縣東引鄉,女,申請人抽籤決定_從父姓,0
11507,09007040,連江縣東引鄉,女,申請人抽籤決定_從母姓,0
11507,09007040,連江縣東引鄉,女,申請人抽籤決定_傳統姓名,0
11507,09007040,連江縣東引鄉,女,戶政事務所抽籤決定_從父姓,0
11507,09007040,連江縣東引鄉,女,戶政事務所抽籤決定_從母姓,0
11507,09007040,連江縣東引鄉,女,戶政事務所抽籤決定_傳統姓名,0
11507,09007040,連江縣東引鄉,女,監護人決定依監護人之姓,0
